household_id,area_code,registered_at,notes
76ce357a-9558-4a78-b57f-2e398e3b0155,AR008,2024-09-29,
7bf5274e-8a4f-4907-9c81-70a508095235,AR002,2026-04-20,
2b670446-9c78-4544-8f91-cf3557193dd8,AR001,2025-05-14,
38222c28-cdd3-4ff2-b185-1f04ff48777f,AR003,2025-02-07,
e867c83a-ca3d-4491-b22a-0ab9ae0914a8,AR002,2025-02-24,
164d4e8c-f1f5-47f7-91f2-9823d40a678d,AR016,2024-04-20,
fd9246e1-b15e-4e65-9c1e-cc8efe846dcf,AR002,2025-02-12,
1cf63623-5324-4794-a17f-1c9c7086d599,AR008,2025-01-03,
912fb662-459f-44e0-8aab-19b95e93d18f,AR017,2026-07-26,
6041cc30-1011-4614-909c-acc9b4f7de8e,AR012,2026-06-16,
0e9c2042-5c2b-431d-b591-4b0d710e9b33,AR003,2025-03-03,
a3598f2a-fdff-493d-ae93-a09aa4ce913c,AR022,2024-06-25,
8c296e4e-14dd-4c0a-811b-cca6f7b32160,AR018,2025-09-10,
068fd6c5-e3e9-428b-ac7c-7c785210d888,AR019,2025-02-10,
10533dee-dfcd-4053-b044-7b6cad2b1a74,AR002,2026-02-22,
5769d48d-e350-4e95-84e2-8df1b0d19ee0,AR002,2025-07-23,
b0d3e4a6-c50a-427f-baa1-98f205315fb0,AR027,2024-11-08,
703b00fb-6387-4c9a-8973-33b4968d6114,AR006,2025-01-27,
b68bfe3c-918c-4296-a9bb-0626ffb0f1aa,AR004,2026-05-16,
c75f9de4-87a9-40b2-9868-97da4d74835a,AR007,2024-07-20,
2b535af9-f29d-4962-83a4-6a9488ea5b03,AR015,2024-06-08,
376ef3b5-e2c8-4c63-8dab-9e894aaa2c16,AR029,2025-07-04,
ce39a725-947c-4e45-a1ab-e2c01216a452,AR004,2025-10-31,
e888bb8d-74ce-457e-b1f3-f7f09a73d91d,AR027,2025-05-18,
14a3834c-1e7e-45ca-a9c1-073263d10b59,AR001,2024-09-25,
0f8796bc-7840-47a3-9a48-9921a83ab370,AR010,2025-07-26,
2b7899a9-6ada-4857-b0ff-c8323d7e2c46,AR014,2026-07-28,
68b38e20-8fa8-4b8d-9d1b-29ac36f65075,AR002,2026-06-21,
9e3c62cc-14c4-4242-ba65-0c1f94149f58,AR002,2024-09-16,
ec3d9114-cb96-49cf-9f37-5aeccc8d63e6,AR006,2024-10-08,
2f874657-e971-436f-af75-b4065d699279,AR029,2024-10-21,
13ad54d2-ec6b-4a85-9c25-d474ecc77a1b,AR012,2026-05-06,
28253966-0ad4-4663-89e1-86e1ed8d835d,AR027,2026-03-28,
bd246200-1ded-4de9-a64f-342da1696fe9,AR022,2025-09-14,
f63eeb9e-dfd2-46da-a0cb-34ed3ea417aa,AR007,2026-02-04,
f0886b7d-664c-44f2-8d71-2652d355e182,AR021,2025-09-21,
8d5c1efe-3c6e-4ccd-9729-85cb9a462f6d,AR001,2025-04-25,
17222aa5-16e8-4380-9d22-acaf76ad42ad,AR002,2025-12-23,
1ad26858-78e5-41c6-ac95-00e78d3d5bff,AR023,2026-05-08,
d5502dec-6957-42e5-9a36-d2b53ee68733,AR021,2025-09-07,
69f79839-be16-426c-91c7-40987b044372,AR003,2024-12-03,
758d9e3b-fb06-4b1b-b301-a4411dd57f23,AR009,2025-03-04,
60709d5d-1c29-4279-ab42-6d6da51c2848,AR013,2025-11-17,
c4475b7c-bc4c-4874-aec3-cd1521cc65ac,AR025,2025-11-26,
f0da4b6d-b4b6-4f95-8026-1d824d470e2a,AR013,2025-04-03,
e5b17225-5627-4c20-bbc9-c747a01bedb4,AR006,2026-03-26,
88c7b8e6-1ebd-40e4-81f8-b8d2816fec82,AR005,2024-08-28,
db6cb015-fbc4-4cba-9313-1911ace4d9de,AR006,2024-07-28,
18adbc0d-0156-4eb1-a30f-8c728092d718,AR015,2026-08-01,
f1298071-2993-4ab6-af75-7f2dcd06a736,AR025,2024-05-01,
d439182e-41ef-4df4-b9b9-7d60aa6b7a27,AR006,2026-08-03,
312f857b-cab9-42a1-b2cb-0ed81424d978,AR004,2025-07-21,
61ada6e3-c4ba-4b08-bae5-dd4ff4381f61,AR004,2025-01-20,
6647e63b-e1b6-4c49-88e0-017637d5ba23,AR019,2025-11-12,
4a030b40-27ff-4d80-96ab-1e8a4dde4db7,AR022,2026-02-27,
85f4ff98-3266-4cc6-a1a0-8bd2d4fe327b,AR002,2026-07-13,
c1683950-4764-4ce5-981b-61d2bca95ed7,AR001,2024-11-29,
298fcb3b-65c2-45aa-a753-801b4805dd1d,AR012,2026-07-22,
3205e914-e890-46ed-88ca-43dffc39d1de,AR002,2025-06-28,
2825479e-b2eb-4c11-bd5c-daf1cf17ae60,AR023,2025-09-16,
da2cd82d-866f-43ce-b905-9eda15eae38a,AR004,2024-05-04,
f24dad4a-6c1d-4e8e-b6b6-907e6a88b5d1,AR002,2024-06-05,
4e048ab4-4583-4f88-967b-7803a7faf10c,AR027,2024-09-11,
f52ccae2-a7f9-4ff9-b63a-b99e57d98c41,AR003,2024-11-26,
1505889e-5eb2-423a-ad87-637ef6e4307d,AR004,2025-05-08,
59c33c49-2ec9-43d9-9170-7747a4b09f31,AR002,2025-10-24,
73ea31a1-5d2d-4471-a583-706f4ab9e930,AR002,2026-04-01,
a8e592b8-0169-41ea-9e4d-28f6b4ddd004,AR001,2024-05-03,
9f9726e4-1d48-430e-84b4-d015b949afaa,AR001,2025-09-23,
60acc0fb-d0cc-44db-9d11-28f0381b23c2,AR003,2025-08-15,
7b151a24-7abc-44f6-837f-48bffefa5680,AR001,2026-04-23,
37ad6548-794f-4e0f-8ddd-39058af84754,AR012,2025-12-26,
16a1bb3f-0db5-4728-b703-91f4095b19ca,AR016,2025-02-17,
96881b1a-1cbe-43de-b643-e1b0e01ad7ce,AR006,2025-08-18,
14b4f734-acbf-4fa2-a06b-5ce725f36a70,AR005,2025-04-01,
6b571adf-c682-449f-a1d8-5e993cdbfedd,AR008,2026-02-20,
315179f7-a116-4b3d-b5ec-de362d2f0cd0,AR025,2026-06-13,
6abdd368-62c1-4d99-bf3b-827a56d8a538,AR024,2024-07-14,
a574b017-e22b-43ab-a719-29fedd3fc0a7,AR001,2025-08-13,
4b36655c-594c-4df5-8d6a-cef2af19572c,AR003,2025-10-13,
794dd813-a69a-483f-95ca-61d6a5c25fb0,AR004,2025-12-18,
c12fd8b1-a5a4-4fb4-a877-a6d4de235964,AR004,2025-01-28,
650105fd-e6f2-4af8-9ed3-8915a2475e8d,AR011,2025-04-21,
6c0c3c4d-7e88-49f7-b2fe-49e4d5da4f72,AR006,2025-09-19,
3c6505cc-5939-41ed-abc9-974c7ea132d9,AR001,2024-06-05,
0f2d608f-2bcf-417d-a226-a6c6a8e97d4d,AR005,2024-06-30,
16115c40-2dfc-4b91-aec1-d4385189bbb9,AR009,2026-03-04,
bd113400-3add-4b81-bcb9-6e7b346cc34e,AR002,2025-02-11,
6a4c2c7d-66e6-4ced-b567-e7ed28d29030,AR023,2024-05-03,
577284af-86a5-4897-ad7e-288a96483342,AR001,2025-06-25,
7334414b-e8e2-4eff-9196-f875d39cd9b0,AR027,2026-07-28,
ad8d6c05-61af-4609-beeb-8793353f0baf,AR002,2026-05-01,
dae44142-22e9-4f20-8914-5b26c4407577,AR023,2025-01-20,
d6fdbbd9-343a-4427-a1da-49f49f0997e1,AR026,2024-06-30,
abaf46aa-ee4e-4a4d-911b-7f2afbd62a60,AR030,2026-05-04,
a1eafe6e-b711-46e4-acf3-2e18300aa08b,AR022,2025-05-05,
58781f21-ec18-45c8-8167-d6355c93a13f,AR021,2025-06-17,
5203e1ad-55b5-422c-a6fe-0fbeffdc7927,AR014,2025-12-19,
d0504b6d-d81b-4a79-bb15-429f405391c3,AR021,2025-02-20,
44701162-e87d-41cc-a5aa-9cbe379fcfee,AR002,2024-07-21,
e176a691-2c2e-4761-8b39-0b79c4353b55,AR010,2026-01-27,
999d5658-ead8-48ca-aa6d-2857f5a69018,AR009,2026-07-07,
2e2fda90-d5bf-451b-a0c1-024b0aa59791,AR024,2025-10-15,
0bb77748-c0a3-4da2-9bb2-20041a7d6b58,AR006,2025-11-23,
81f0e73a-e7a6-41e6-90ab-1a881a7b7a7d,AR005,2024-11-29,
af1137c1-d797-47f4-8375-cedb1dd49076,AR014,2025-05-13,
cee47a07-84b4-44fc-8dbc-a56dba70d81d,AR004,2026-08-08,
60004683-0020-4b33-bbae-d2d6f308a240,AR002,2025-11-01,
1994f9df-9c69-480f-bbee-36116962a7a2,AR007,2024-11-22,
5cf72d38-2636-4f01-b6a4-bb90c93dcb7f,AR006,2025-07-05,
83eb867c-3f3c-40eb-b50d-93b23a67495c,AR003,2025-04-21,
67ad6acc-4942-4c56-bfde-aa935970ed72,AR005,2026-01-06,
79e52421-55b7-470e-86b0-9913c0901215,AR005,2025-11-19,
4c97b262-e2f0-4322-a894-9e6c3363a5bb,AR005,2026-05-02,
9d7ce646-5000-499c-a29f-f5a6ff8881ff,AR005,2026-06-13,
d0272a4a-15f6-41fd-b604-02458a79d75c,AR016,2026-07-22,
b0c98b8d-2a41-4ecb-99e4-b14ef520bb95,AR004,2025-02-26,
5eecba56-4042-4e25-91b0-771e4616df73,AR028,2026-04-08,
f528aa91-f8b7-4f99-862e-38e5a467b4ff,AR027,2025-04-11,
46f7ec70-2b96-460b-8625-877b3a2789bb,AR007,2024-05-16,
531b0940-2803-4f2c-a411-34df076a48a4,AR005,2024-12-25,
87aa3fbd-89e4-4194-9eb8-1a84d2565cc1,AR010,2025-04-10,
1fedb66a-c442-455d-af29-da47b273aeec,AR024,2026-05-14,
38f3adda-6580-48ea-8835-a0f89a3f8126,AR015,2025-06-24,
e525d0c4-08f6-41d7-b098-1342bd475e7f,AR022,2024-07-09,
4b374280-d0e5-4807-a14f-61d042469251,AR009,2025-09-23,
d72e8c49-72ef-40ac-bf0f-a517bee4a8a2,AR014,2024-09-04,
f96ec8c8-2470-4f65-976d-39dc5f053118,AR004,2024-12-15,
9ea8b5c7-50bb-442b-9411-01c03f73ebf5,AR019,2026-01-03,
51ff3733-53a3-4c28-a233-a2e3d7a08e3c,AR003,2026-04-23,
59e78398-3b5e-47e9-ac81-e73702ad97da,AR017,2026-08-09,
fbfbdea0-2fb4-4513-949a-bed1bbbd3f56,AR024,2025-12-26,
eb268e49-82fd-4dc0-9215-b170b165263c,AR002,2025-11-07,
cd632ca8-3b3f-4f34-9352-d7dd4b68a1f2,AR013,2025-01-30,
ff1b3710-1fa9-49ce-869b-d040454a2e0f,AR002,2025-04-12,
645a7da2-132a-46a0-8818-2fe5196b21a1,AR018,2025-07-03,
07c623ef-af0e-4c04-a3f0-9bf584875dac,AR002,2024-12-03,
17c2ec39-79e2-4f9b-9fe8-57b95307a6c7,AR028,2024-10-23,
e07e225a-8b01-4ae1-8761-1f3d980d883a,AR002,2024-12-11,
5bdc9c03-0ad9-4ead-8990-2645ab2208a9,AR029,2024-07-04,
057b80c1-0b91-4093-a02e-bcbbd9321858,AR022,2025-10-15,
b2b59d9f-a12d-40be-a68b-7a74e14d3bb8,AR012,2024-09-06,
29091163-3499-4c85-b5f2-3c68f4fa80ea,AR021,2025-08-22,
0d560131-242c-4c37-8a15-26e8109c3bdd,AR021,2026-03-16,
64f5f48a-41bd-4c03-b1b7-f6813b7db417,AR028,2026-04-19,
585d5a56-4eaf-47b1-a3bb-4fe04c84891a,AR004,2026-06-05,
ff6f6d42-2b4d-4a4c-a1dd-fdfaa22edb0b,AR012,2024-05-14,
1a351d33-ff24-43e5-95f3-6ccaaa841880,AR002,2026-03-29,
86f1e2fa-3ca1-470a-b863-c415ebe45398,AR013,2024-08-27,
2634854d-747f-4bc1-9460-700da4546e96,AR003,2024-10-11,
1034866a-d2bd-4fb1-ba05-c60ce445ff89,AR011,2025-08-06,
04f124d5-72af-4bc5-bdec-bc0205778393,AR011,2024-06-19,
9a838420-19ea-42ff-be3b-1f2d1d3b46c9,AR006,2024-06-24,
03282506-9af5-4a85-ad4b-d306b6db654a,AR009,2024-06-09,
e0785bbe-a029-4842-9f42-beebd5fcac26,AR020,2025-06-17,
7504b5e5-aee4-4254-b67b-4d0275eccd3d,AR021,2025-12-07,
a377648b-0e6f-499d-b2b7-5d46d572b8e2,AR008,2026-07-16,
4ee0e2c0-170a-423a-91a8-d8e6ae2a2b83,AR012,2024-08-22,
d62717e7-1171-48dd-8ffd-a01323ee44ed,AR027,2024-07-25,
ef118ee2-777e-41b0-a81f-3a43cfa77523,AR002,2025-05-14,
147a92e8-7695-4e29-86b8-5209a623d963,AR002,2026-06-23,
c6652ca9-310c-41cc-bc29-947831b89024,AR002,2024-09-07,
41d9372e-6114-42aa-bc8c-cf5d444fe324,AR015,2025-12-07,
a3a563d6-b850-43da-b7d1-02c1eea87c06,AR006,2025-05-03,
4055e7b8-6e79-4fd9-81e4-46f6ca46d1de,AR020,2025-01-27,
dd993cb7-5f40-4e3d-a0e1-80d1fc3e25c1,AR016,2026-04-19,
248a99f1-4a73-470d-b924-8991aef111b1,AR005,2026-06-30,
5a057ec3-d7c1-4cfd-b74e-89ccc7cd1dc0,AR026,2026-06-16,
c563b8a6-327d-48cd-9662-5adc5591379d,AR020,2024-05-11,
346766f7-5eb8-446d-80e1-867a5d1b765f,AR004,2024-05-13,
00f3da62-562a-4be4-a76f-dce303cb57f9,AR005,2025-08-17,
d7d73ec3-5065-4579-8b49-78e30125de85,AR005,2025-08-18,
f9932457-9b40-41aa-aefd-e0f1d6fa72ee,AR003,2025-09-04,
50843495-f98f-41b4-8bb0-0ebe7e90542c,AR002,2025-10-23,
428b9f60-0184-4b75-899d-55fd8f8aafe5,AR028,2025-05-07,
c221b2e5-d19b-46d2-9310-ceaf74d25f8e,AR006,2025-10-18,
89c5474d-91a9-4c7f-9c5e-6097d405211f,AR005,2025-03-05,
631fa351-7e03-459c-a586-eeab228f76f3,AR018,2025-09-28,
356b36ac-d814-40c8-87f1-41020fc7f220,AR010,2025-02-21,
242d0b59-18e0-446d-aba3-32cb8793a8dd,AR028,2024-05-23,
8282d88f-9f6d-4432-a38e-202c6b8ec5f5,AR021,2026-02-25,
40561446-0c09-4fd0-890a-ce70a80ea2fb,AR007,2026-06-30,
beaea8cf-bfc5-48fa-a74f-ce405341da3b,AR005,2025-05-22,
bbdec9e6-3ed7-4450-a67a-127472293d73,AR030,2026-05-12,
a54aca99-a270-4408-af81-08ce9d052616,AR018,2026-02-03,
a19637f8-81cb-445a-9d0c-bf22cd09ae76,AR028,2024-10-06,
6d932012-75ff-4ae2-9430-50f0e159164a,AR002,2025-08-25,
378296de-7fb2-4feb-87f4-0a4a42033ac5,AR024,2025-05-03,
8661049b-3fd3-4092-9efa-9284ca843305,AR014,2024-10-17,
b1efc847-bfd1-49f0-894f-8c625343a0d4,AR002,2026-05-04,
6cf2615c-802a-43f5-bef6-f619520cf0e4,AR012,2025-07-03,
a10663d2-c0bf-4f0a-9602-518511606fd9,AR016,2026-07-25,
9999b5f2-dd38-4eba-8ab6-c0811bef014d,AR001,2025-06-15,
248723ec-ad10-43fb-8948-54adc127023c,AR006,2026-02-09,
f0ed5e68-576d-4f76-97cf-54ec43541d90,AR023,2024-06-22,
ab934441-5c01-4d9d-92dc-07ea754041b8,AR004,2026-01-09,
5e8ad0af-f6fc-48f5-b071-dd678b535143,AR006,2026-03-02,
9d5f5179-8ce7-48a1-94e3-90cfc4ef1aec,AR006,2026-08-11,
7306bbaa-8acc-4332-98cc-ca7e757d3800,AR004,2026-04-30,
5cb7e76f-540c-4cde-9736-a46f689dfac3,AR027,2026-02-17,
dc73971d-4343-448c-aa07-99ecc1168bbf,AR021,2026-02-06,
58665c2c-dc1a-4793-b2b5-7e46d8edd1eb,AR002,2024-11-19,
e9f2643b-a583-4b86-a9e9-a1caea4e1eb3,AR030,2024-07-12,
6f713016-fd98-4299-8904-2d710a686578,AR025,2024-08-09,
7213d463-e882-4b6a-bee2-5e988ecfb39d,AR004,2024-05-13,
d522e700-8b3d-420d-845e-a75fcbb8b6a3,AR023,2024-07-03,
0768b928-e3cb-4f64-a4c1-31a2b5c383f9,AR002,2025-07-23,
b5cc2d34-20cc-434f-aaeb-5e00138659fc,AR030,2025-09-18,
5177d4d6-2615-4585-8f26-a1b7e78ff4b1,AR015,2025-02-05,
e010c3db-ebdb-49ac-94ed-2a545760b1c3,AR015,2025-11-19,
3e0f0f2e-9249-458c-ad52-6d51249b1216,AR002,2025-03-16,
f6a099b4-9bae-44e4-8066-ec12c23f9b0d,AR026,2024-04-06,
b9cf728b-8046-47c2-b538-d2bda1e24afc,AR001,2026-03-04,
4efba60d-34cd-458a-9da1-93764f4a30bc,AR004,2024-10-23,
8619e54a-4cde-43ed-8595-471ebdf06afb,AR002,2024-06-01,
4373d0ca-cd56-4c21-bf02-d11a236ac5f4,AR020,2025-05-13,
e003c2d0-3627-40be-9a26-5d0608aca231,AR003,2025-10-18,
51ab6e49-c9af-45d6-80c2-bf4b45ca6a9f,AR026,2026-01-14,
422a4b12-fa6f-40df-b114-44e85c10ae08,AR015,2026-03-30,
23145cce-96da-46f1-a7bc-1b94ceffb50f,AR001,2025-11-17,
7311af53-d1cc-45e1-9177-2953816f2383,AR001,2024-11-12,
d7ac622e-6715-4cb1-a485-625e6e08c2eb,AR001,2025-06-01,
87e034c3-6856-4680-9214-696adce84362,AR013,2026-02-12,
6da553ae-90d2-49e3-91c1-b0718184f634,AR022,2025-05-09,
40696663-d2d8-4831-80f1-e58e07e4391e,AR004,2024-09-19,
c8d133f3-3bd4-48d0-84c9-b7420661e2e1,AR024,2026-08-12,
2da86383-86d9-443f-baaf-3eefb6e4e5a4,AR001,2026-08-06,
ad293081-09ba-4562-91c2-658afa5c12cc,AR022,2024-05-11,
2e0a3b50-4bd0-4d39-a870-d07884050228,AR027,2024-11-11,
f2543af1-b315-4af4-bd58-edd6abb8153e,AR020,2025-04-10,
9879305b-1dd4-4e70-904a-2c7ede35c002,AR017,2024-06-26,
4268bebc-4584-49de-9bcb-a268af7f97af,AR023,2025-03-29,
38030985-c5e7-4cd0-a06f-b8757429fd2a,AR001,2025-05-27,
cc947e81-2ee4-44a7-a923-46c7db4c911f,AR003,2026-02-21,
460d37b3-d2f4-4df4-a4f8-e5534af87a8b,AR002,2024-09-17,
feb7ce7c-a1f8-48c8-99a4-b54f62815f65,AR008,2024-10-27,
70ec5b47-c96c-4c4a-8f0a-8edd7631cdc9,AR019,2025-12-09,
c2a68c74-805d-4ae1-b0d7-4b93aa5b24f5,AR014,2024-11-20,
5508a4fb-7163-4cfd-8d95-02540645e3a9,AR024,2024-11-29,
433f3f23-91ff-4d42-a52e-7df41d9610bb,AR002,2026-06-02,
58a91063-849b-48f7-81dc-5a0a7400156d,AR019,2026-04-06,
4ad379eb-b5ef-441f-8deb-6d147c75a1dc,AR003,2025-03-24,
7323dfac-82cf-4f5e-9b7e-6df912793fc8,AR004,2025-02-27,
e406f165-989f-4bcb-b50e-4b9033a372ec,AR017,2025-01-28,
ea7d5a98-0a53-46a7-9815-394d8cadf539,AR030,2025-10-03,
afa0f614-805d-4c90-9b63-ff9abf1a6b08,AR013,2024-08-27,
7930d56a-7ea3-42ba-b3a8-7c42a9e4ba72,AR001,2025-08-01,
8ad474ca-f4cc-4250-a888-223391ba4846,AR013,2026-02-25,
bda4d2a0-e234-4eab-810a-08b0b61a8e5c,AR001,2026-05-15,
ae564a00-1d5a-4998-9d0a-d6ca1e87b145,AR025,2024-07-21,
2d01d9f9-cc89-48fe-a6ca-264bfff46e8e,AR017,2024-12-16,
858196fe-17a5-4d09-85c1-8a0d3cb019b5,AR003,2025-07-18,
03d30f77-4c20-4478-b06f-2f9d546a1ef6,AR002,2026-02-22,
701196c9-8061-431e-b6d1-2823a6cb23a6,AR003,2026-06-01,
b8755b72-d6cb-43ad-b486-e0b45d27608f,AR030,2026-04-13,
7b465d1f-bb0e-4e48-b7f5-571e593eac92,AR006,2026-05-24,
9e12b9b8-003a-4402-8401-bee9d9855c2a,AR021,2025-05-20,
91f2ed35-039d-41a6-a83f-92d14816f44e,AR014,2026-03-04,
51ac84e0-ae08-4f96-b087-60788c180cc2,AR011,2026-05-04,
e104dc7f-c800-4983-b611-741ad46c7d39,AR002,2025-12-21,
bb85f0a3-c707-46ca-b67f-ddfad33a4287,AR028,2024-12-23,
7c221330-41bc-4590-bf75-709b004595ec,AR004,2025-06-18,
e6a10c80-ef4e-4a93-b01c-4b97a22be1a8,AR012,2026-04-12,
4eca3771-b78e-492c-a36b-85d7dd6f2479,AR017,2024-11-10,
74be1666-b06e-4f27-9201-1689adceec5d,AR015,2025-06-24,
1ccb488b-feab-452e-9608-702c80dd728c,AR028,2026-03-14,
b53a771b-4ff7-466a-9f4c-38b025650936,AR002,2024-12-30,
601b2c52-b183-48fe-86b5-7b6477895692,AR008,2024-04-12,
03f773e9-27ea-4ce7-b931-47695b345207,AR006,2025-05-10,
b0ffe1db-65e6-417c-acb8-cb1b10183d81,AR007,2026-04-05,
9706734d-a5ca-4e64-8625-774f9098949d,AR002,2025-11-27,
49fc70fd-f07c-4e44-9397-810de579d6e5,AR002,2025-03-20,
f9c7dd75-5ce1-4b4b-bbe0-a433e73aa096,AR004,2024-04-06,
51aa8c4d-85f4-4045-9368-9dba222bbb12,AR004,2024-06-06,
659c3f35-7a77-4ca1-b9b3-0466585f6e81,AR006,2024-06-03,
6a8e8f64-6ae6-4ebc-a4e5-11f7fc0898e0,AR013,2024-08-29,
c8b31e49-f215-441d-9488-8f0e266588e5,AR014,2025-04-10,
f4f2d54d-f731-4ea1-93e1-351e7fd36e78,AR006,2025-02-06,
61abea93-d2ef-4fe7-8749-6caefa8e6d62,AR006,2024-11-23,
de25ee37-9a88-46c7-a312-3b003dadb10f,AR003,2024-12-09,
64c15212-e78d-4912-8d12-9315f47a75ca,AR012,2025-02-14,
1deaf786-2b4a-4b2e-a02d-06970a242702,AR005,2026-04-29,
1447beb6-a055-4c76-8d7d-db7f00264d02,AR001,2024-07-19,
03e1e4b4-d30d-419c-9924-c952567de2eb,AR006,2026-08-15,
15a1ab75-c1ef-4d1e-905c-f83b6c98d676,AR007,2025-08-18,
7904181e-50b9-4234-962a-78b4e983df0f,AR003,2025-08-11,
58feb7b3-2e6e-40e8-b2e6-62ef77683495,AR011,2024-04-09,
16bb74fc-b3e0-49f3-8e0a-806fda65c6d6,AR011,2026-06-07,
ef78a8fd-e57e-4b4e-a719-1dc121128f06,AR017,2025-07-06,
a85de8a4-287c-4014-8da8-d5423e0c5c64,AR015,2025-10-16,
72374529-7ccb-41c6-b2c3-2aff81daa460,AR015,2026-05-30,
c9c116f9-40b4-43fc-80e2-b17270e9f3ac,AR005,2026-02-10,
0d8c505d-b5e6-4e7f-9e5f-51da8ff31f76,AR021,2025-08-21,
aed98b81-0084-43a8-9395-ab80a27eda22,AR010,2024-06-17,
75ad7c0f-55a7-4503-a1a0-7b21d16f565a,AR006,2025-09-20,
c50df886-0d5b-4441-91fb-8685767e266d,AR014,2024-07-19,
e987b388-2dcd-4bf7-8a6e-c3ec9aca8e87,AR005,2024-11-23,
a1cf88c9-8518-4852-aa5f-b7c042c25ac8,AR009,2024-09-10,
673f9538-c911-4920-8874-ff1eac8585b4,AR019,2024-08-11,
b210b7ac-a75c-479f-97c9-4df09e864d12,AR025,2024-12-10,
4470f147-74a9-48ff-8d07-5d2715dbc6a6,AR027,2024-11-23,
fab0f3b8-b2d6-4c63-aef8-0ba4d896d0da,AR008,2026-04-11,
15e85d23-5909-4ec3-af94-ec2c781a0195,AR009,2024-12-08,
21036250-7435-46cc-9851-2a0ead45cf64,AR021,2026-07-12,
18992a1b-9ff6-4cd7-8f8c-44de31a2104e,AR005,2024-11-20,
a562be28-2ae9-490a-bce6-efa67e9faac1,AR023,2025-02-01,
199fe11e-a8ed-4b72-a712-92babe513a25,AR008,2024-11-03,
cdbdb55d-f776-49b9-b3f5-4b2c6a1a9392,AR002,2025-02-11,
3ce7b1de-0823-4591-901a-e731ba33122a,AR001,2025-10-07,
b7eb75b7-7105-4ade-bfc5-8a40a645bb81,AR023,2025-10-06,
fee0dc19-45fa-4be1-b6c8-962addd6e80b,AR001,2025-03-23,
0243042a-c678-4af0-a4b0-aa9e7453a6eb,AR004,2025-07-08,
87b81d94-4713-4da2-910b-d5fe6aa1e9b5,AR005,2025-10-31,
baeef1ae-ed8d-4fa6-a746-e157465c12a0,AR003,2025-06-24,
a2e8f61a-342f-4a27-83ad-04a1a4d0cadb,AR005,2025-05-14,
5e4c066d-4065-464b-ab92-c066f0a2b652,AR019,2026-01-27,
1eaeefd7-43fa-4a70-814a-ec9603833926,AR001,2025-02-14,
30b9276c-427e-40fe-b71d-3dc310bd1798,AR023,2025-11-23,
fcd9dff0-b7ac-48af-8265-55f12af499e3,AR024,2026-01-03,
3e5167b1-7f24-4a16-afbc-47745d7ee22b,AR005,2025-08-25,
4ab9cf86-0133-4dfa-aa6e-69fbe03bb0da,AR002,2026-05-26,
e8a0e7c9-ff36-48e1-ac1e-0306bf7ced50,AR013,2025-03-17,
ca1c6de2-02e1-4d47-8313-6b5cf1f71ded,AR002,2024-11-23,
3726c007-b15f-4020-a77a-e89ad57c94c4,AR005,2024-05-14,
73481882-1fa3-4370-9f63-5d41da2e8877,AR029,2025-12-20,
2441c06b-0a7d-4aeb-9a7b-1aa08386e8c8,AR030,2025-05-12,
b55f4d64-fa6f-4449-886d-e9ee1cf6e8db,AR020,2025-06-11,
b07093b0-fe20-4fe5-b6f7-14a87d33bf30,AR004,2024-11-25,
98768f8b-6ef1-48da-a47a-543f9e48f2f7,AR016,2025-02-26,
60512fd7-f66b-4f75-959e-aa9f693117e8,AR017,2024-09-20,
77738227-72cf-47cf-8517-30f8cb8bd953,AR005,2024-08-13,
e986f951-70d5-41a4-8980-9096f9dc1bc2,AR014,2026-05-17,
d58fc076-277a-467b-bcd8-320b1010180a,AR001,2025-10-19,
dd244eb0-db14-482b-8716-9eb2cd547b72,AR003,2025-02-01,
8e2f0593-7a23-4c86-93d7-0ce71d5fd6e9,AR009,2025-05-07,
c9a57ca2-3e2f-411c-b8ca-bd3beb8d7dc3,AR003,2025-06-30,
775ee4ac-8b4a-4336-b874-1af8b3638fdb,AR003,2026-03-26,
ee2fae7b-6abe-47ff-af58-7bc0317e9c5e,AR023,2025-04-12,
486a4be8-c6c1-4596-adbe-fc56ef0d21e3,AR030,2024-11-17,
384df325-230b-4b46-90d1-f4b89ce94d56,AR011,2026-07-21,
bb0274d6-9ff9-42e4-87e0-b9f24d55d69e,AR023,2025-03-27,
8d6d122b-adfa-467a-84b5-d920a5e259e2,AR030,2024-06-26,
eb97169e-d7fe-4f44-add0-33bdecb205d1,AR002,2025-04-11,
70e9e519-c0ad-4b5c-8a61-0c97864fe8dd,AR006,2024-05-17,
59331b23-4ba9-4020-862d-93b6cd908df6,AR006,2025-10-21,
c3574744-d7df-4d3c-8c81-5a64e9e49fdf,AR002,2026-08-20,
2fe21edd-d558-4250-b3d3-6bcf02407b13,AR019,2025-01-07,
65b64ad0-000f-4fea-be71-c5099c1acb74,AR006,2026-02-19,
34b5b250-0658-4195-b96a-1eea14be3e63,AR007,2026-08-15,
8f5dca68-101a-4975-af7b-00f658f58b33,AR002,2026-03-20,
60030512-2fce-4840-a175-2a930d925fa7,AR003,2024-06-02,
eed12cc3-421b-4444-a08a-ddfbfd0cc73f,AR026,2024-10-13,
e9c4d958-7a52-4fc0-abeb-48e7f248a134,AR001,2025-12-27,
82535b63-84e8-4062-85a5-0199c535a8fb,AR003,2025-03-21,
e159ad72-4836-41ed-9c16-4d0c79e11db7,AR004,2025-11-01,
2ed13e59-0372-4555-aef4-564172d1ee77,AR008,2026-03-22,
e0fbe372-91a4-4954-9e77-18a51d2f71ca,AR012,2024-04-16,
9eb6e109-eaa1-4300-bafc-2503edc8ae20,AR008,2024-09-14,
a9c9ca76-b85c-4ce4-8515-c416fbfe26ab,AR002,2025-10-11,
015f5f0f-6126-4252-8d24-cf00ddbcb4bb,AR004,2025-10-20,
c1391ec9-5b56-4df5-b432-5e0e042bcfed,AR023,2024-09-13,
5b0dfa75-ecd5-43e4-a12e-6cf16cdae92f,AR014,2025-07-19,
fb5173c8-56af-4a22-89fd-bb07a0797b31,AR015,2025-09-30,
69cb9ec8-4c8b-471e-8640-b800cfcbbd53,AR016,2025-09-21,
f07379e6-d488-4caa-a2bc-b43df509baa8,AR020,2025-07-31,
69dcd0a7-18a3-4c92-814e-6667f61eb12a,AR001,2025-05-27,
940c0f4e-8e55-4135-8d2f-2625f08d835f,AR005,2026-07-20,
cc48fced-f80d-4dc3-9c76-2eed48e3ed25,AR010,2025-07-02,
33544614-8be0-405e-a5b4-4c376b9755af,AR005,2025-08-06,
bfadd319-f7fa-47df-a85a-1d4b0011dd11,AR024,2025-12-28,
478b1d49-d0a5-49f0-b0eb-4ec1fb2f787b,AR007,2025-10-18,
deb6476f-d132-4ccb-b187-a5f10fe73e7a,AR020,2025-08-19,
91130590-3aa3-411a-8fc2-b334147e70e8,AR024,2025-10-09,
6fff0744-2506-4863-8155-f6e10ab4d7fa,AR008,2024-06-24,
cda33cd9-b718-4247-9404-db96fd4ec459,AR026,2025-05-21,
bd3d83e1-3bd4-49f9-ba19-eebc729ca221,AR012,2025-06-12,
33e1a5c8-d2ee-411f-9db3-93a538c964b1,AR024,2026-01-07,
0d988dff-3a9d-4764-ab4e-de173bfd8969,AR005,2024-06-17,
57a9f2db-b081-4bef-be24-3bb998ce339e,AR008,2026-08-03,
0f622079-8fbf-4d99-a811-a115321903c4,AR009,2025-05-02,
fb28f8c3-ab79-456e-b7e5-e68d1b3c8daf,AR002,2026-03-30,
6f51eddb-bf8b-48b3-b189-2acfe6554f97,AR006,2024-10-24,
4368daf8-ba6e-4622-944a-17f773992961,AR027,2025-09-28,
bef68523-a81d-46ef-8e2e-5558aa738e15,AR014,2025-12-11,
b2894cf8-5e60-46bd-ba95-9f1112981b50,AR003,2026-07-04,
efa4b5b0-7586-4143-8dc1-d48b0bd91e0a,AR005,2024-10-05,
432ad38a-a919-4ae8-a9d4-47cc6cf7bc0f,AR003,2025-09-13,
49da3771-f5c3-4e26-953f-a32bdf95894e,AR001,2026-01-06,
59df16e1-b8a9-440f-8f49-8b72ae6190e7,AR027,2024-08-19,
2a0ad0b7-0958-4025-847b-6638b8400009,AR006,2026-08-06,
cb75b9bb-d579-4588-a2b2-696f3c1ee7cc,AR004,2025-07-12,
8c8edda3-5e7e-442c-b5d8-c0603df984c5,AR012,2026-04-06,
b798bfd1-425a-4297-b9fe-c47642ed9265,AR001,2026-05-05,
aad72f65-db83-4b16-90c1-f8a6523dee7b,AR004,2026-08-05,
34ca16b7-03a8-4330-bdb4-b73bf4a8ee7c,AR017,2026-03-14,
5ee9daca-5544-4030-8ecd-5536706e200d,AR014,2024-05-22,
0dde1150-ad4a-4e6d-85c6-1c4f7a9a3ae0,AR030,2025-08-01,
336a6dad-b228-4a18-a45e-f731ce4e0972,AR013,2024-04-06,
d849c4b7-364c-4b69-a72a-96d875461439,AR007,2026-01-03,
7e4b1721-117b-4c73-98b2-fec51602acfa,AR020,2024-10-29,
df0768eb-9430-4c56-a8f3-6e523da10d37,AR026,2026-06-07,
b80daf96-4776-4ebd-b1f1-c56da1a10c30,AR018,2026-05-21,
6cbef203-b847-4559-a783-649e63424157,AR029,2026-08-09,
acd5a0eb-df57-47dd-a6fc-64d1b63500b1,AR021,2024-07-02,
273d3b63-71ae-4d2c-9cd7-34ad7dd4fa3f,AR025,2025-01-16,
377760bd-b98f-4f78-8bd8-2a6cb025fc11,AR002,2024-11-14,
04d6e8ac-266c-406f-ad53-2f36502d730f,AR018,2024-06-08,
20e5d25e-1f8c-4c49-b5be-4c3ee687ebff,AR006,2025-11-07,
30dbde47-dc9a-4c6a-8a60-558f31796c5d,AR010,2024-12-03,
8ce52d6e-167b-43dd-98fc-a8fe620f5869,AR015,2025-06-13,
2ca49ddd-8efc-4a34-b8e7-574843a4ea51,AR029,2025-05-08,
de09319a-0d9b-431a-8579-d34f85e5c357,AR030,2025-01-25,
d39d0ae2-e1af-4eaa-8f50-066837833067,AR004,2025-07-11,
0b4c02fa-9402-4063-b359-1bd26ff6577c,AR019,2026-08-03,
ee8f16a9-e3ef-4287-a8aa-d909d14632fd,AR019,2026-06-19,
2e3a5c7f-4ed1-499c-a96d-af6ca782c17c,AR005,2025-06-13,
7696e47a-cc29-44a5-a22b-09a45d0c3565,AR002,2025-04-15,
b197e01d-93d6-4068-978a-fc9271821920,AR001,2024-11-24,
a58ea9e8-3b6e-454e-b201-356cd43a7ebd,AR020,2025-04-13,
59f5d263-bc83-4ac5-9f30-164c00f271db,AR008,2026-03-13,
9c223380-3361-455e-98d7-bd759ac9c512,AR030,2025-10-08,
7fa041bf-e775-4193-8519-2b79b5e19fce,AR006,2025-08-02,
1edf5007-5872-4d04-b7ad-1a71d07623c0,AR030,2024-04-19,
8c57ae3f-367c-436b-ad78-4393621fa391,AR006,2025-05-17,
6f180459-b849-4949-ac6c-90fa82212663,AR021,2025-02-17,
005b38c2-41da-4ca5-ad71-941fb8dfcf61,AR002,2024-11-22,
6127020b-2392-4865-85f6-f2f12751463b,AR010,2025-10-12,
2de1526d-9fde-4312-b8b0-201a006d3355,AR022,2024-05-06,
b3038b7e-43ac-4e9f-8a60-4aa70cb57156,AR027,2025-01-13,
9b767683-c1c9-4f90-8326-5f7152edc831,AR023,2024-08-16,
2acfec97-361f-4dae-9aae-817b991cbf3c,AR001,2024-11-10,
3fa0165f-38c9-4587-94a3-9732b1aca934,AR005,2025-03-01,
501b91ca-e9c9-4b2f-9e06-2480c5a1c449,AR001,2026-07-28,
d9b65ee8-226d-43ea-aac3-e74ea819f22b,AR002,2025-04-03,
31a80a4e-8e46-4c0e-9ff9-e903d10d2429,AR016,2026-05-03,
87d413ad-6565-4ca8-8de0-44627d6a393c,AR018,2025-03-17,
245fdd1c-ea83-4a4b-b318-7ad64f82b1f5,AR020,2024-12-21,
dba0dad5-87ef-4388-b077-085ac911cc18,AR024,2025-05-06,
abb15223-e636-4463-aaa3-4bbdc4d4dd8c,AR019,2025-11-28,
38ccd089-aee2-412d-8a7e-43d18e12bb59,AR022,2026-07-03,
35a07e15-c19d-4735-898f-42437dd5a5f7,AR001,2025-01-17,
a39dd6fa-386f-4244-b27e-b4b3b6eb3783,AR004,2024-12-24,
78384afb-050d-455b-b280-8ccd31c8e07e,AR013,2025-07-04,
54a798ff-a0f9-48b8-928b-ddc16b9ae55c,AR024,2024-12-08,
d688c785-8c90-40e5-93ed-b2bb7ef53d87,AR001,2024-10-15,
fc656bf5-42e8-4b29-b306-42c1f1bacb16,AR009,2025-06-04,
9a6c8bec-4533-4842-b1e2-92ceb92e79ac,AR016,2026-07-13,
16bc44eb-392f-4484-a976-92585a139b2a,AR001,2024-07-27,
c52adf5f-ef68-4147-80c7-e82649722722,AR006,2025-07-13,
6121f476-af04-4e39-9ae1-de2ec567c1bc,AR026,2025-01-15,
2413e4fa-842b-43a3-a4fe-4931fa05f2d9,AR016,2024-06-22,
f0425b15-9c3e-45b5-a419-c26f759b1452,AR004,2025-10-12,
c1a7f0d3-5d5f-4f2c-b135-3c3f9bebc12a,AR024,2025-02-28,
951d518e-4362-430d-beca-2f551cc6fcae,AR005,2026-08-06,
909d3ca7-555e-4090-b139-5f5af2680b77,AR024,2024-07-15,
5133dcb4-0aba-417e-a6fe-3d87d6466b57,AR004,2026-07-03,
3629d8f9-3e47-4108-b9ff-e746529733df,AR012,2025-05-10,
ffd23218-d293-4376-8852-33d8353440fd,AR006,2025-10-21,
3ec1f967-e1e0-4d2e-be76-8d72618665cb,AR004,2026-07-23,
35c7669a-91cd-4799-9a66-c9ea74e10ced,AR025,2025-07-17,
ae8e2541-5758-4207-8ee2-e2fbc427af6c,AR003,2024-06-01,
f92d1fa5-090f-4f6b-9d1b-97ebe5e59bb8,AR002,2026-03-31,
018b06b4-c6fa-4c0f-b8d6-2fb982f927be,AR005,2025-12-12,
6201eaf5-1a49-4e85-b658-6f4e014f3711,AR018,2026-03-12,
96992068-e363-4663-b90f-161a118eb93b,AR022,2026-05-07,
749b1ff4-e0dd-4ea3-8227-86245a3a90d9,AR030,2026-02-04,
3c5d7fab-ec45-4726-9f2d-13cb4920f7b3,AR004,2025-04-13,
da81f179-2423-4cbc-825a-dfdf1f6aa667,AR006,2024-10-13,
0abfee83-642d-45b7-9063-673a8df20e8f,AR002,2024-12-31,
ac90677c-6584-44b8-a19e-e19f93c36d9a,AR011,2024-10-21,
20aa0084-a82f-4187-96f5-236d7a3e4069,AR030,2024-12-09,
0accf3c0-accf-4144-8076-3fdcd4091d6a,AR017,2025-09-24,
6ffe0eb5-4906-4ea4-80a5-4ffab12e95bd,AR012,2024-07-01,
ffc89b02-ed6f-4d7f-aa04-8d76334be7e0,AR006,2026-03-27,
d54fbaf0-85a5-4ecb-a1d2-40a243ccb2fb,AR027,2024-12-23,
b5db817f-1cba-49d2-a9a9-24b93b5a4e3b,AR008,2026-05-19,
3512d89a-94fd-4691-ac11-bd290017baf7,AR002,2024-10-26,
927d09d5-01ac-4704-9719-55f3dfcc455b,AR005,2026-06-09,
2c2dbbe9-c7fc-461b-a2bc-c536d49a0ed7,AR001,2026-02-16,
1eb905e4-78ee-4c10-a4d1-9de11d49d26b,AR003,2025-09-17,
8ddcee8d-59e3-4593-b28c-920c0963fd9d,AR001,2024-12-27,
3d01c477-8f56-45b5-93a7-8e6fe8e1fa33,AR006,2026-07-15,
f40a09fa-be9f-4200-ba00-ad9ec6b4bc7e,AR014,2026-01-12,
5a9262e8-ca92-4bb1-ae41-096a168e9efe,AR005,2025-11-06,
9996e984-f755-4083-898d-a23f0dcb7fa9,AR006,2024-11-26,
bc88728d-49aa-4ce4-a638-6134483f5dbc,AR029,2024-05-09,
53e36cf7-2478-4244-8e71-7b665b4125aa,AR019,2025-03-07,
a7fcd362-5faa-4782-abeb-567fd1889713,AR010,2025-06-08,
c7ad7c5d-a3bc-44dc-a2b2-2022810bddf7,AR004,2025-11-04,
cefeb076-682f-4082-9a56-9b7287b94c19,AR026,2024-09-07,
3698183e-aefa-4721-b62f-50232f8227fb,AR004,2026-05-22,
b3c67233-f122-44da-be81-e5addf9b6501,AR005,2026-05-03,
0fd9845f-232b-4a20-8f96-b83e1734a225,AR026,2026-03-01,
39b2e37a-2e5a-432d-8f4a-c7052c72d102,AR009,2026-01-02,
6d0667b0-9327-4213-b5e3-96cc23afb088,AR019,2025-07-18,
e52d0f4c-8d64-4f02-971e-4a9b769b4b17,AR012,2024-05-22,
f0949212-af2b-4b5b-8db1-ce0605309f0d,AR015,2025-02-04,
b8730646-f5b4-4b82-85d6-3dbf1f09aef9,AR004,2025-09-24,
3effe22e-5a0a-440d-be9e-d516a4055b20,AR004,2026-02-20,
343b3135-61c3-42ad-9726-faa7592309e1,AR005,2025-02-05,
ea8fe212-91d7-4285-a4e3-f70e08bb50a6,AR002,2026-01-15,
e604cd50-2a1c-4f70-9c85-e28a7b636da4,AR025,2024-04-26,
4dd8f665-88ab-4519-a13f-2ab0c7d77699,AR004,2025-07-04,
7da5e672-9c27-4e57-a0bf-98599840a0f4,AR011,2025-05-01,
bbc86f53-74c8-4cf6-8d3c-5a01d088b38b,AR021,2024-06-28,
871670df-3a7e-4812-bddc-b909527635ed,AR021,2025-12-01,
36664227-8841-4378-9a6b-5384a6854d27,AR006,2025-07-09,
d860dfb4-7378-41bc-ad3b-32bdcc74ebd9,AR007,2025-05-18,
011945a1-62b1-4a21-8125-57a98fdf2322,AR030,2025-12-31,
f6f085b3-e15c-4a56-8cd6-d691836b48e8,AR016,2026-07-07,
83af9e5d-074f-4719-9800-d663477e35bf,AR022,2025-12-20,
e27a5aca-3e05-435d-a288-3f86382b4345,AR026,2026-05-18,
ebb13a0a-43ed-4154-ace2-2b317e4e1c12,AR021,2025-01-13,
7c05cf63-12f2-43fc-9579-278748fea197,AR003,2026-08-17,
65586d34-4f29-4826-bc6e-854ee32e2326,AR011,2025-11-21,
9542c2e9-8a85-4063-8460-a0ffb6815a9c,AR002,2024-07-15,
c91946d1-4580-4bc9-9f95-24c67a278a0b,AR015,2025-04-16,
ac8ed305-24b4-4b11-b882-ed7628d132cc,AR028,2025-01-16,
6f99d3dd-ac58-40f4-aec7-c8ee0a3bb99a,AR009,2025-01-19,
8ae500ea-6813-4a63-a35f-0789fac9d761,AR006,2025-12-07,
4bb16772-78ce-4f65-88a9-1310bfb4f89c,AR001,2025-02-19,
fb5f839a-7e02-47de-b809-82c8ba6caccc,AR029,2026-02-12,
296ffe95-f784-4eb6-be33-8cfd116ec433,AR002,2025-02-17,
0be2d4ab-e172-4f28-aafb-a3686d910cf2,AR001,2025-01-06,
86752075-a31f-4d6b-8031-7d07cc811f1e,AR004,2024-07-22,
cc544e9c-7d90-4550-a597-a64f2f0ffdbd,AR001,2024-06-15,
3c0d9d07-c020-477c-86eb-34f3884b1d5f,AR006,2026-08-03,
559f6051-800f-441f-b97c-ad3f509b9c29,AR009,2025-12-06,
c3796ab3-11b8-4a5f-babd-a650040e5c62,AR005,2025-05-05,
e7cccfc6-4f1e-44b8-8e93-2616ff511792,AR001,2025-11-17,
a4001cd7-830e-4c5a-aa56-3feee089b92d,AR002,2025-03-03,
4865f8ea-8987-424c-9fa6-e764656eafe5,AR005,2024-08-10,
f5de914b-4164-438c-8c5a-399b9e266880,AR001,2026-01-11,
f80cebc4-86af-43a7-9b24-ec089c5ed9c6,AR017,2024-07-07,
7233faf0-9f43-42ca-914e-abcf2a5e4249,AR003,2024-07-17,
e30ed4e0-6d5a-4543-aeb7-c96280141c08,AR004,2024-06-19,
b6bc7bbd-3c2b-4ff5-9321-01c7dd4b66d9,AR006,2026-06-21,
4b74421f-d99e-47fc-9b07-56dbc44e7874,AR006,2025-12-11,
867591ec-2d8f-4d01-b2e0-fb0c3364c5d1,AR001,2026-05-08,
258c5f15-3c59-481c-8872-c5379fb8f35b,AR002,2026-05-11,
d7f9297d-674f-4b58-824a-7417438681f3,AR024,2026-07-08,
4bc5d564-89d8-4754-9b34-4d059b77e130,AR001,2025-08-06,
ad6f7aeb-513d-4255-ad4f-684c299ffccc,AR008,2026-06-09,
face4bd8-3d75-460f-a64e-94fffc672cab,AR008,2025-12-09,
0e14808a-2c14-4cf0-a63b-482cd6258079,AR005,2024-04-22,
4316da79-6ba0-4513-abe9-db53d895291f,AR006,2024-07-16,
fc2b806c-dec8-4da5-82ff-7d49b812255a,AR021,2024-05-30,
f657d60a-8fcc-489f-9105-23f2db5956a8,AR023,2026-07-23,
1c8ab44b-8c1f-4950-889d-4ec158c6046c,AR004,2025-01-26,
27e9355f-e421-464d-8245-6fb833876b8c,AR005,2025-02-18,
c35ed825-83c9-49b7-815f-57bc44fff2d3,AR004,2026-04-30,
f2667666-70d7-4bd8-ab1a-97f70382e790,AR007,2024-06-26,
45cab44e-2891-4392-a5c1-3756b3a001ea,AR016,2025-09-06,
fc556362-ecd9-4d2c-adac-91475cbfef46,AR003,2024-04-26,
abf1170d-4d03-4195-8bab-3220ed3c4e94,AR005,2026-05-16,
bf2c6a01-2bf8-4043-afbb-6bd1b1002b56,AR027,2025-02-04,
9c98665d-29c9-4719-8a92-000e1ca15610,AR001,2026-05-02,
3ae331c4-8c8e-4c4d-a8bb-3d1febcc5bff,AR006,2024-05-19,
7b6951a3-7cdd-4c48-a015-8f6b9e4e4a27,AR018,2025-03-13,
f98934a9-b346-4ffa-87b8-7c4e4c46bac7,AR002,2026-06-19,
71f079b0-f0a9-4b68-87e7-5cebd3e97586,AR001,2026-02-18,
66b99a56-28a0-4627-a388-3f4ac2f7187a,AR002,2025-10-15,
af29b1ba-61e8-423b-b707-cdba90647e67,AR027,2026-08-12,
d6684305-3486-4a0c-9f47-b9c7509f6730,AR001,2026-08-16,
fbee36fb-f3ec-497b-be1c-13629b08c528,AR003,2024-06-09,
cbca3642-e99b-41d7-8e99-d6e14047cafd,AR001,2024-04-22,
66075d42-4765-43be-a092-108023dbd7c0,AR002,2025-05-14,
b135ec6d-1022-4a8d-b53e-c139977a1804,AR013,2024-06-29,
83358641-0aa4-4a64-bf3a-d79f3b48d673,AR004,2025-01-30,
eaa3b71d-b3de-41ca-96e3-4d517963ce88,AR011,2026-07-30,
60043468-6117-4b4a-acbf-8ff6d0a7a86b,AR012,2024-12-10,
b623adb0-6c9e-41db-bb8b-296bdd0e8fc7,AR024,2026-08-08,
5ed9d5f3-eb14-4a83-8ec5-fa44601f5948,AR001,2024-09-12,
396dd34a-8198-4f60-b192-02d0eebebffd,AR024,2025-10-08,
92d8832f-1c60-4db0-abec-d536c1cb3911,AR013,2026-04-23,
8afa428a-50d1-46bf-89d0-879bd2e14089,AR003,2026-01-11,
f1c1685e-f846-42e6-af0b-c9aa69f6bb32,AR020,2025-01-06,
2e4d296d-ec87-498d-978b-6811d3366c6d,AR024,2024-08-17,
8b88b998-f7d1-48fd-98ef-42a308f96b61,AR004,2025-04-14,
d6aa77ef-2b39-4a91-9255-a36dd22efa7c,AR027,2026-04-06,
444d12d9-8f8c-48c9-84c3-4a4985780249,AR006,2024-07-01,
cd3ea413-7e2a-470b-9b2a-ab25d5b19d34,AR013,2024-10-05,
f45464ce-724d-431e-a28c-e440a828846f,AR030,2025-09-01,
13492bc4-825d-426c-a3ed-fa97e785f0c4,AR005,2025-04-28,
839fff9a-fd41-4464-9b14-90745a5bb2ca,AR022,2024-05-07,
45bd310b-9302-44e0-9513-debc57e2e72a,AR005,2025-09-29,
08198d03-7294-4b75-9c90-e7eddba1ecff,AR021,2026-08-01,
f4bc3263-907e-4f51-bb99-fedd277576cb,AR013,2026-04-19,
0f5df415-8207-4084-a9ad-a504ed30ce12,AR003,2025-03-19,
07f1073c-5604-42c2-ae14-54d23e3effb9,AR006,2024-04-08,
cf6a7506-8515-42e3-a447-11752aae2c98,AR005,2024-11-18,
1e283639-3eb8-4f36-855c-4839255f5c39,AR002,2025-03-04,
bbc6c068-d052-42ca-ab51-85c2b10f792a,AR001,2025-11-15,
bbfbb3ce-8330-4898-bba6-c83ffd55e1ab,AR005,2025-08-06,
7b5e8173-6236-4abe-902f-e28bb946c9ca,AR001,2026-07-21,
21f6f6c3-552c-4ad9-a015-a477373a6d32,AR003,2025-10-05,
b3ebb7ac-59b5-4848-b186-625c167f0774,AR018,2025-02-27,
bd71f1c7-bf44-4348-a922-10f93a6e0099,AR017,2024-06-27,
65d637fa-b784-4eb2-810c-1e94a4948de5,AR019,2024-06-12,
f6454fdf-8734-45b0-84e8-e12a0350b683,AR005,2024-09-08,
5d006711-3388-4155-a8ce-ff95b7532266,AR026,2026-08-05,
be1f0dcc-bb3c-416b-b05a-76f4cbc03b8e,AR012,2024-09-17,
7d71633d-0655-466a-b715-b7b46cebb34f,AR002,2026-02-14,
22910451-29bb-42d5-85ee-73ac34822292,AR002,2025-03-05,
17550dd3-cc33-4eeb-bb21-ad2090d70444,AR017,2024-05-22,
b88951a0-e7f6-47b7-ba0d-bb43a9e3c4e5,AR003,2024-07-12,
c5a71652-a733-468a-9057-75bf5cf991bc,AR008,2025-01-22,
e2e1e293-78b3-4794-913d-b15a91be4d77,AR030,2025-12-06,
38a48bc4-0216-45c9-8478-baf105564c90,AR001,2025-05-27,
cfbb3064-40db-49c5-9722-fb170c067269,AR001,2024-12-19,
b4fcfbfb-b88c-49f9-9725-06d240077249,AR030,2025-06-02,
1105b666-166b-4fa4-94a8-9288fa206d18,AR012,2025-09-06,
48dc093d-a9d6-4292-afcb-6ba7033a4162,AR002,2025-09-07,
70c44bc1-906e-4d98-a948-4d839c7cb9f9,AR026,2025-03-20,
dcea3a8d-054e-4dd0-b2a3-f151c1cfa21f,AR025,2026-07-23,
996c14b8-7194-401e-84c4-b021fbdbaecd,AR010,2024-04-07,
577f8f92-a60e-418f-98e6-01f4c7d973aa,AR013,2026-05-27,
3b85e1b3-f43a-4be6-a411-801078047f5a,AR004,2024-04-19,
fefc9bef-1933-41cd-b376-13c2aeeaa4ee,AR001,2026-07-24,
74dfdbda-396e-4570-a1f4-35bebb448521,AR012,2025-06-04,
5a881400-7ca0-49fd-bb0c-dc31edcba4f0,AR004,2025-08-25,
a60241c5-66ca-4fb6-b4d1-025bdcf0e099,AR015,2025-04-11,
9f6aade9-304a-4d3f-97cf-3d95e3128006,AR023,2025-08-11,
4d4b9b5a-ab43-4bf0-8db0-f977fbe795bb,AR001,2024-07-04,
e2f964db-4ba8-46ce-a54d-d87494055343,AR012,2026-08-09,
df86b96d-5ee1-4250-9d88-31937234462b,AR003,2024-04-18,
a85a9b7a-774d-4012-91fd-060c724d0eaa,AR025,2025-01-01,
9ee758d1-b42e-4131-8fab-b4a1da25cfd9,AR004,2024-10-15,
559ee0d2-acd6-4006-b586-7597627b2535,AR013,2026-04-24,
9f22e884-0a9c-4035-82a1-8e53bcdad756,AR010,2026-06-28,
eb371ecc-34ef-4999-aa0e-a217b8c08f7c,AR006,2025-09-12,
006d4409-3b5d-4734-a3e5-3935adb67ac9,AR016,2025-11-16,
5cb524ee-6f15-4dbb-98cd-36b872317ac2,AR018,2024-10-11,
5e5f0d44-d1a7-4b44-931c-f6d8534d0417,AR011,2024-07-04,
95b0ad37-ec4f-4df4-9cb5-3048f28b54cb,AR020,2025-08-17,
ccff89fd-b40d-47a7-9342-8daf23f68512,AR030,2024-10-24,
568b35b3-f660-4284-8fbd-c20419ea8631,AR006,2026-07-03,
3b1daa2d-dea1-4b70-bdc6-9b9b043490f9,AR009,2024-11-16,
156ffef7-21b0-4fdd-8c28-458e7b462f7d,AR001,2026-05-29,
faa33a92-d34b-4c14-a563-d77a24192e99,AR021,2025-01-19,
c9aa8246-9414-49ff-bf70-a5d4f32c173f,AR009,2025-09-25,
54e58a32-98ca-4dbc-8151-c1e0cb95c26e,AR006,2025-08-27,
242b9b2f-d707-4ab2-a797-f890282ba6d0,AR002,2025-12-26,
e1f34fb9-9375-4160-b1d3-f961fba2b131,AR026,2025-09-07,
a2d15bf6-7cb5-4a6a-bace-5e87e17b0a50,AR006,2024-07-24,
a357c556-a310-4f61-b070-eb2feee6e623,AR016,2024-09-19,
d5685617-17ea-4732-9c5f-899f05ff8809,AR002,2025-10-31,
7403cfcc-ec4b-47ad-ad49-a9c413055e22,AR029,2025-12-11,
e6b19f05-ae2f-4d8a-9aab-80438d0c987e,AR003,2025-06-07,
da32fb8c-5cdf-4246-b077-4081da97ac28,AR003,2025-01-05,
6475cea5-0eb3-4e22-974d-ca812ba27a6a,AR024,2026-03-18,
6af77b02-02de-4a25-977c-26e77ff23f16,AR027,2024-11-30,
3b874a53-e935-43c5-8b54-a701198316fc,AR003,2024-05-20,
9e78d218-d227-45f9-a130-43270da57559,AR007,2024-08-19,
827ad51e-8a29-4387-b6e6-111a50f014b2,AR019,2025-05-04,
1528666d-c702-4737-847e-75ae65722fec,AR025,2025-11-18,
87acea27-2cec-4851-b5e8-4db38ffcfd22,AR005,2025-11-15,
40d5cb89-ce45-4ea8-8080-b9da7e9f1baa,AR009,2024-11-16,
e634f598-96da-44d7-8d48-cf1c50bf115c,AR019,2025-07-24,
64d9e4d8-38cc-430f-9177-e56bae53da61,AR018,2026-05-23,
6f027895-166a-4578-a2a4-a352c3ee4292,AR021,2025-01-11,
62101113-6b91-4b4e-8da2-5ade9e6de7ee,AR011,2026-04-25,
42a78ddd-df05-4141-a8d1-ea2f4e27249e,AR002,2024-04-17,
5c40c81b-c1f8-4131-8103-819ec8acec2c,AR026,2025-08-25,
3ec2dbfe-c00a-49da-8744-4545a213b3cb,AR024,2025-10-30,
bc5836e6-c069-4083-aa1b-9d8e9d40f461,AR021,2026-07-06,
d74a6a8e-63cc-4f78-81ab-883360c1f827,AR002,2026-03-31,
04ebb3c7-f1e5-4529-9865-db5900e2410b,AR003,2024-05-21,
673b32f9-9451-4d94-b119-0007ddb046b9,AR019,2025-05-13,
83eccf55-6222-4d81-be43-314f3b285268,AR001,2024-06-30,
18e501fd-fa43-4273-9668-9a21121af89f,AR030,2024-05-14,
1e5a7d0b-b352-483f-9723-cc9531a18d06,AR005,2026-07-12,
3a8be2a4-d331-48e6-b759-d3f578471b1f,AR018,2025-09-26,
814c73ad-1853-4c11-8d98-224c625384a9,AR025,2024-08-24,
3a15269f-8cea-403a-ac03-2dc6781bb3eb,AR006,2025-06-18,
9c70d184-42b6-404e-94fe-ccca472c8b49,AR005,2025-06-07,
c0828ca1-a049-4ab5-ab4b-261949799309,AR013,2025-04-15,
2c3d1b30-8e0e-4792-9829-3f96d45e7fac,AR012,2024-12-21,
0b1baf48-a647-41dd-81c0-4a58e5d83506,AR006,2024-05-29,
17127c0a-af78-4f87-8b44-93fbcae960fe,AR013,2024-07-13,
d476a934-e9cb-4e26-b5f9-e7fdafea8552,AR028,2025-02-26,
f3ea0cc0-82d3-47f5-8452-cc4f59552dea,AR007,2025-04-09,
fc28d894-c6cc-4ee1-b197-34be3ef568b9,AR003,2025-10-13,
87dc113c-0e27-4585-bcb7-63e87eb2dd5f,AR005,2026-05-14,
eb929188-0f8d-419f-bfcf-259e7f0e0f2e,AR006,2024-12-15,
44242e8a-c37e-4b38-8b18-929215905ab1,AR002,2026-08-21,
034bbeea-ccc6-4d94-8956-24495003916b,AR003,2024-12-24,
b98b17f8-8805-4124-b0a7-d3631deb86f7,AR016,2025-06-17,
66f1cf22-2a4f-4b4a-a573-f29601c539b8,AR005,2024-10-08,
fc74a551-0c45-4738-a8de-7f2f3034d2c3,AR028,2024-05-20,
f21ad47c-5cda-4aeb-b668-f877de8a7eed,AR004,2025-04-29,
a63a315d-4f41-49d4-b1b4-4301c1aa8bbc,AR002,2025-04-12,
0c742530-0b4a-4968-9f95-bfa9aeac30a9,AR019,2025-06-25,
684a88d9-d8df-460b-b816-04d38db29658,AR025,2025-10-03,
fd317897-18f5-444a-be7f-07e1bd41d21b,AR004,2026-06-07,
459d7a13-3c64-4016-92b8-daca6aac68f3,AR003,2026-07-28,
8f0e5b4f-b849-46e1-a880-ffed29be8a85,AR003,2024-12-02,
8573309f-c3aa-418a-816e-966bf1d9ccbe,AR009,2024-06-18,
b27aa354-c5a0-4e6c-a5c1-9808dcc5a0a4,AR007,2026-07-08,
921eee7f-64c4-4ee2-b233-e10ec4878f5e,AR004,2025-11-12,
b2ea43c2-e389-43ce-ba12-b2033329ca7d,AR001,2025-03-12,
07b965a8-b16b-4d7e-82fb-fde39000c746,AR007,2024-12-18,
7cb79ac9-e831-4e39-8d1f-5155da8403e8,AR029,2024-11-22,
a3a46027-8f7c-490a-9885-54ef2ffab0e7,AR015,2024-12-28,
7840383d-1e10-4e9e-9ba5-1c7e6957df07,AR008,2026-06-12,
249fc4ad-320b-490a-969d-5c25e0cc38ef,AR002,2026-01-15,
ce768659-ec79-4265-bde0-9e5dfaa8020e,AR004,2025-07-11,
11c53e31-75ed-4276-9cbc-f9281a358d62,AR004,2026-06-29,
ca6cdc57-070d-4265-b34b-5206316c1598,AR020,2025-10-29,
c7f14d80-ab56-44eb-82c6-339b3b101911,AR025,2025-09-23,
14f10f82-3d07-4cea-adb7-2cff00878fb2,AR026,2024-04-25,
86863717-8094-4451-b804-55505b2181d9,AR030,2025-11-21,
318266b7-3f2b-48cc-b79f-549de89d81a3,AR030,2024-04-30,
c3e3c79f-3a99-4d2f-90e7-dc83ada50b1e,AR028,2024-12-22,
5587f57e-e559-42f5-932d-6a58a3ab0d8d,AR001,2024-12-29,
57f2f22e-0268-4c89-b591-60d595652503,AR002,2024-09-09,
3088795f-3b65-4416-a9f7-3aee3ea6b083,AR004,2024-08-21,
0c483d16-cea6-476b-b430-8be67ce2d34e,AR010,2026-02-11,
126b9df0-34c4-4790-96ec-dc18c406648b,AR002,2025-08-22,
343d7912-6029-454f-9cea-208df0f16c3d,AR024,2025-05-21,
0c3dcf5e-3906-460a-84e1-e95e89f63fa8,AR013,2024-04-26,
4e98ec20-cc3e-497b-a84c-51edcc7b0db6,AR010,2026-07-19,
997fb770-86c5-4676-b159-3ee454da3f17,AR003,2025-07-05,
fcfccf85-a94f-4128-8dbd-21499df7ff5d,AR004,2026-02-18,
9e3ba06d-bba5-4ab2-a51b-87408dd369d3,AR003,2026-02-25,
36ff1c16-911c-4cd4-a895-6ac6095d74bc,AR024,2024-10-30,
bd0b7126-5b6b-408c-8700-66e19837cda6,AR012,2026-03-01,
de93f7a5-f1c6-4b29-8157-b83e565e8fea,AR019,2024-10-02,
bf53a3f9-a381-4932-9c1e-051cd6287680,AR004,2024-04-11,
9bd20c14-3ed7-4789-97d9-a4bb0a6cd3f1,AR005,2024-10-17,
cf614e2e-c3d2-456d-a079-d962ff130f3c,AR006,2026-03-29,
e043475c-449c-4454-a87d-a5bdc3933e3b,AR020,2026-04-22,
e24fffc1-b229-402f-8ce0-b32abed49cf9,AR020,2025-08-08,
736ca436-6bdf-4063-abf0-82ed252fab5c,AR003,2025-05-01,
a7ab0edc-8125-4a44-a841-942dfcc90f62,AR028,2024-10-15,
18af63d7-e16d-4bd2-b637-282c576ff12a,AR002,2025-08-21,
341f03c8-31d0-403e-9035-ef51ea7ab281,AR026,2026-03-31,
41acec68-d21b-4002-9db6-d0c65b274240,AR002,2024-04-13,
8b236cc4-5a6f-4c78-96e6-6a9ac73f82fe,AR004,2024-06-28,
bfc019bc-dffd-4f9e-b3c6-c40559d64fdd,AR024,2025-01-31,
e5b3062f-5d22-4248-b401-b67c67860f16,AR003,2024-12-26,
a6612c6d-ecfc-4db1-91ac-8195e0435d91,AR006,2024-06-01,
8a8c111d-a319-4756-b363-72fb381db8b5,AR006,2025-07-06,
e9134630-bb25-4d91-b40b-b1283c5ecefb,AR004,2026-04-19,
e8ea3175-2b04-4e5b-bfeb-5a565335067b,AR017,2025-03-14,
80437d6d-7800-4ee9-9b9b-812d5dd124e2,AR024,2025-07-27,
a96ef49d-a2ca-4527-9e37-14bab9ee2d71,AR025,2024-09-27,
6a7b5dc7-d180-4783-8a2f-65adc1627316,AR005,2024-10-21,
4431f68a-90f6-4ed1-91ed-e7197f3ecb1e,AR009,2025-07-09,
fd65c026-9dca-4f35-9631-868bcfd67efe,AR004,2025-10-07,
df17d66e-e323-41a4-b120-7be6b423cfe0,AR004,2025-08-21,
aaf827ad-f97c-4749-b4c9-d315567c4907,AR003,2025-02-19,
61d70ba1-e45f-4ce9-a714-b90a4b2e931d,AR028,2025-02-15,
b17d4c6e-e02e-4129-8668-88c40e59bf37,AR025,2025-06-04,
81e04f67-5b5c-4a2b-8f5f-9e2025a0fba6,AR020,2025-05-18,
81649a6b-61d3-4e50-b7c2-0551c5314c7d,AR009,2024-04-13,
74c3f1f2-e9ad-4fb7-940a-2bd37c5a62da,AR008,2026-01-15,
4128be6d-5d64-4bd5-9f06-8c3896badc69,AR009,2026-03-25,
9c9f99ac-df8a-4b98-80ca-db0ac486c356,AR010,2024-09-27,
2a69dae9-456d-4fa6-b71a-2830d26184d7,AR006,2024-06-01,
faef4669-6050-4c1f-98c8-d71f4168e891,AR002,2025-03-12,
c0af2996-5d12-4600-a075-c18f4d6a9c6a,AR002,2025-09-08,
f3e4bbc5-afc7-44ef-a02b-0c8a4b5ea265,AR028,2025-10-24,
7e43ddd6-2b91-48ee-aba1-c1e7adfe718b,AR007,2025-07-12,
b1951b1d-7684-4bcf-bff9-4282ba514cfd,AR028,2026-07-09,
c560faab-155f-4dd7-83ce-a69672952006,AR003,2025-05-21,
4dfadfb3-2e4b-42d1-b871-30fa87621a24,AR010,2026-01-01,
cb2dd485-e70e-4c45-a8b1-ee0ef7e6d1b9,AR003,2026-01-05,
5c0dc4a2-2d85-4d74-8dd4-f90a0353d6f0,AR004,2025-04-23,
93880cb7-e81e-4d52-8493-877a72d3a627,AR001,2024-05-07,
53682d4e-5085-48fe-ad8a-4512481b1935,AR002,2026-02-25,
861ff4df-8904-4613-bef1-2edea5855a94,AR027,2024-06-22,
04e11bca-4ecb-466d-acba-508f01d4a08c,AR005,2025-05-29,
6364dd70-0603-4312-bd87-9fd3222012a0,AR013,2024-04-29,
e340d272-6ff3-4172-9a81-c292eb6c9ea3,AR006,2025-09-25,
2075fdc0-63c0-4c3d-a1f8-a51589a99162,AR006,2024-04-08,
0846b223-3130-4051-9268-a9316c465f29,AR009,2025-01-26,
e209b539-d479-4a43-a52e-7afa761b6f4c,AR003,2025-01-18,
a060f2b4-95ae-49be-863c-6005930f9a33,AR030,2025-04-20,
a05de7b1-d92d-49fe-b621-e87b17582b3f,AR022,2025-07-27,
f5ec0e93-6cae-4eea-9f53-2d368325a7d9,AR019,2025-05-24,
7cf3b552-00e7-4e51-bc31-fa1f14846d7b,AR007,2024-08-13,
b77e9b87-8d06-4c49-a78d-42b5af42873a,AR002,2024-10-03,
278550a8-cde4-42a3-a7e4-dcf0ad56b0ad,AR027,2026-08-03,
dfb71184-7ff9-48b1-9af9-cc09ef56a7f6,AR005,2024-12-27,
daae954c-2f37-4dd1-8923-e18c72b1e0ba,AR001,2024-08-28,
ca4dc071-151c-4118-891d-77065eb1fce1,AR005,2024-11-14,
ce7cb1b8-9710-4da9-8117-e18cf1d7ddb6,AR021,2025-06-17,
a5e0c4cf-6734-420a-a746-caa700a0aecb,AR014,2025-11-05,
75e9d5e6-eb5f-48d7-a659-1361f3f098e0,AR019,2025-01-15,
250e6fcd-f864-42d8-8be6-5022d29051b1,AR021,2025-01-23,
e1b29466-64fc-4cc4-88ba-c44783f8f01a,AR003,2025-10-02,
185f2ad8-6c4a-4aec-82ae-49d936f08e6a,AR027,2025-09-04,
573b3c08-9e05-4a54-b5f0-99047bf49949,AR006,2025-10-07,
dd5a61b4-a71b-4753-a975-a879df90658a,AR014,2026-07-15,
7290a0e7-0cd8-4aae-add6-a1ae87171721,AR001,2026-07-27,
3d459113-ceb2-4f2c-8c80-e7b67b2779b2,AR030,2026-06-12,
29518557-a05b-4d8e-a770-adaa1991e619,AR004,2025-08-20,
c42f85d2-f4c6-4d0e-9040-6b069ea1ba50,AR001,2025-06-05,
008b4f54-7b65-4912-b895-540168b94de3,AR006,2025-09-02,
15318970-75ac-4dc3-b91f-aa216d3474ee,AR002,2024-05-15,
6fa56615-aab7-4011-8745-252cf478ea3f,AR002,2026-02-09,
bd4dfd09-d74d-42de-b0e8-baa273105efc,AR014,2025-09-16,
f9ac2bb5-ab8d-4efa-8182-41f81465c3aa,AR006,2026-01-20,
f4399308-1fce-444a-aaf0-72e2134aee3f,AR027,2025-12-06,
38c8a6f2-3682-412e-9fa8-f7f109c4974a,AR005,2025-04-02,
d1d776d4-ce2f-4ad0-9cc2-535e0e687f46,AR018,2025-11-27,
4da843b1-7c34-4f58-ab32-f71c1e3fcc57,AR006,2025-11-20,
b26fb7a4-c4af-4517-a34f-eb29f34f8741,AR015,2025-01-17,
d7da9951-ea36-4bf0-a47b-44db5a697c04,AR012,2024-08-31,
64d6e089-bab1-4308-a0ab-099aab25270a,AR007,2026-02-20,
260ade53-0a81-4623-965b-48efb2b554c0,AR028,2026-05-19,
407e80bb-7a43-4094-adb8-ce3abbc6e2af,AR005,2026-01-27,
8664dd16-80c0-4442-9957-d7904d42e853,AR003,2025-04-08,
d9a30693-b223-49d6-9a64-672f3a3b8d22,AR016,2024-05-11,
f33423e7-62d0-4694-a88e-39650d553c1e,AR024,2026-04-06,
bad3a23c-37b8-4357-85c8-565df86ee3e3,AR001,2026-07-17,
e35423be-9cbe-4b09-92ad-7cd36ef88f55,AR006,2025-05-21,
666fefeb-f0e3-43c5-ab45-a1c5c530deed,AR026,2024-04-13,
6e6d60bc-04cf-424f-9a33-e80a66d6ff33,AR019,2025-04-30,
13fdefcc-0da5-4673-b867-1a781fcbeb35,AR030,2024-06-10,
5b554355-a782-4df8-a7d1-4c6a36d327ec,AR009,2025-02-11,
65b36c5f-bf41-4c5f-a4ae-f7f8ff3c08a7,AR015,2026-07-27,
90999cfd-36d5-4024-9f28-7d815d3a7d93,AR004,2025-08-17,
ef403cc1-a728-4b9a-8d07-023457798c05,AR028,2024-10-23,
47ca4e4a-ec9a-43da-baf5-15e5fb840035,AR005,2025-06-06,
65d54621-660f-43ec-9eb2-dc7a0600fe7a,AR019,2026-03-07,
3fd63bc1-bc93-4d2b-a8a2-b439abaa338b,AR006,2026-03-19,
c2e78a05-8ad2-47f3-a04b-de87e950fb4e,AR011,2025-01-23,
d29ecc13-7bb7-45bc-b281-eae31bcf6c49,AR018,2025-07-17,
6f92ff02-f7ac-474f-8f3d-20dff582ead4,AR008,2025-04-11,
9fbdfd2f-e068-4d88-8105-be0808706cae,AR026,2025-10-03,
4cde8f31-6d47-4f96-878d-81687254f687,AR006,2025-11-02,
38f8b560-a2f8-4cac-964f-accfa541408a,AR015,2025-01-21,
42e60783-2d38-41ca-91e0-f0ff3fbead5c,AR005,2026-08-17,
e5eacb76-a2f0-488e-aa92-0cb91914233b,AR006,2025-08-10,
7c3842da-34f9-48b5-a0c9-c363eff093b7,AR006,2025-10-05,
f1247769-be3b-4813-9382-aadcb66647f4,AR002,2024-10-14,
554fc2da-0be1-4b8b-8ad0-1819169023cc,AR002,2024-11-28,
8270b943-995a-4d95-9a43-0fa87f005960,AR016,2025-08-18,
e5f423c3-7a7f-4e43-98e4-de828a5acbc5,AR015,2026-01-07,
7f3ab3bb-9751-488e-b79a-270de0ac90aa,AR015,2026-01-30,
40693da4-740f-482c-942b-67ccd6da772f,AR001,2026-02-21,
b6c00a97-67ed-4575-a81e-f270c6f3ebc4,AR005,2025-12-28,
0a6d1232-2028-4165-80dd-c14441aaed13,AR003,2024-10-31,
d64f569c-edd8-4fc3-b9d8-8253f71b510a,AR021,2026-07-15,
deea6695-70cb-47cd-b19f-6b47efb8464f,AR024,2026-08-01,
7288f581-8f6a-4849-8e2f-b81030a340ab,AR004,2025-05-11,
b861a74f-53e9-443d-991c-2e69b7ca0a88,AR016,2026-02-10,
17a0b815-ee6a-4678-97f2-000847fe8f23,AR002,2024-08-31,
12c0b26a-e40f-41f5-a0cb-82ad3dc268d1,AR004,2024-11-07,
c4b4c2a3-4547-4714-b1a1-beeaae6e3f85,AR002,2024-10-23,
39f161d4-9bf4-429b-9580-e3e5d574742e,AR004,2025-07-22,
5b9d2b00-85a1-466b-b505-e8e97f356f8f,AR016,2025-08-08,
ec80ec2f-b7f9-4fa3-8aea-fe0fa50dacff,AR026,2025-08-18,
36b4beb9-0aee-4d22-b2ae-4cb2c51da56a,AR003,2026-03-06,
70b40e5a-be03-4e2e-bb42-6ed075e4ea79,AR010,2025-04-17,
2bfdd45b-971d-4eab-8299-a012e542b65d,AR017,2024-08-02,
f0b71aea-a5c8-41a7-b0f3-8812983167ad,AR028,2026-01-12,
dcf92c61-cd77-4fd8-8e61-e7a6761a2c93,AR013,2026-07-05,
8c7b3b50-6e4e-4db3-80b0-9e71bd234399,AR004,2025-04-19,
cf7f782e-369d-4420-b477-01d3151811ff,AR014,2025-09-10,
c44f275d-a837-404a-a96f-19334e21682a,AR005,2024-09-29,
3358291a-1aeb-4b0c-b556-16b959dbb30e,AR029,2024-08-08,
40eaa3fe-5130-4457-9bd8-c75c684b24f0,AR006,2024-05-18,
404ecec5-ef0e-419f-8e91-c8714a68080a,AR016,2025-09-15,
0449c42c-5c1e-4818-bcec-c04bf90a84a0,AR001,2024-06-30,
665656d4-edbe-4645-9d65-ee8cc5de2cea,AR006,2026-05-13,
64746845-5257-4390-9867-855131de2762,AR025,2025-10-03,
12586c4c-df61-423c-942f-7919798bd8b8,AR013,2026-01-04,
a9b43523-5a27-4bfd-959e-35fa3b5c5b1e,AR006,2024-06-11,
0f513ded-6a74-4682-80fa-a59e4a0a4d16,AR028,2025-03-19,
84c3ecaa-f9b0-4045-afca-555810301c8c,AR024,2025-10-09,
2b7acb5d-bf14-4c93-b7ce-78c95f2b7037,AR005,2026-04-13,
813a297f-8b64-4d6a-8eb4-ea7dcc86fe9d,AR010,2024-10-11,
23701fff-5290-4d27-82f8-8db8e50472dc,AR008,2025-01-31,
2a050f82-7d86-4b05-bee9-608457bfc659,AR014,2024-08-11,
eb121988-7bff-41bb-8617-eb759d3fcbed,AR005,2025-08-07,
fbe595bd-f7ad-4d37-a392-3833f32b2b7b,AR004,2026-04-15,
5431edf7-af2c-4a80-ae08-27f95f84c72b,AR027,2025-11-06,
94f6d336-75f3-4163-b20b-2de63127fe91,AR027,2025-03-02,
dcdacb93-109f-4a71-91af-577f61ae92c0,AR023,2026-01-26,
ba1d871b-5d0a-4bb7-b40e-e00566c60904,AR030,2026-06-23,
b488882f-b2d2-4443-a83e-018728c0b6c9,AR019,2024-09-06,
17aa86df-62ab-4d11-b9d7-ab44f7ae8667,AR020,2025-05-19,
a1e8e51b-1259-4c9c-a5cb-323b0a0b455a,AR020,2025-09-12,
2531b171-046b-44f1-ae8f-3d73866b8ad0,AR007,2025-04-30,
9c1fcec4-457b-45f7-9aa6-6b265c55d1ca,AR006,2024-11-19,
eefd5cf7-fc13-426b-8cf4-61c66ee1f8a3,AR004,2026-08-22,
4ff2f34f-d77e-4b71-a144-b0aadb37e9b7,AR015,2025-08-05,
ebe26322-950b-4127-9af4-2b5c66e2592d,AR004,2026-01-14,
2b752327-4379-490e-9460-02ecc52b0f59,AR004,2026-06-05,
dff914bb-5b77-4758-bf0b-acc5ff733491,AR012,2026-07-23,
53f5eb88-834a-4875-b4f6-018284484fb3,AR006,2025-08-05,
7a7d3486-5817-4171-add8-0e82268f34f7,AR003,2025-05-07,
3f56d9e4-afe1-439b-9891-d83753b3ecaf,AR022,2025-06-08,
8ca318d3-75e1-425f-b662-ca28b81b2618,AR024,2024-10-11,
d17e062e-dec0-4468-bdce-3be4f4a127ad,AR003,2025-07-21,
db084237-ab3c-4572-9a35-aa26d9a2489e,AR001,2025-03-28,
0bcd6905-5a52-4a0c-8d28-d04e93d8c520,AR005,2024-09-12,
21cebd47-6770-44a8-a5f7-308b011f0dc8,AR021,2025-01-29,
a251f054-2f91-49bf-8442-36e0f4bd2ede,AR023,2024-06-22,
7107c53b-c50b-48e6-8edf-a73e2a4ff4f9,AR002,2026-02-12,
dcfa6515-669c-40b0-8c4c-7c591ea43ffc,AR020,2024-10-08,
0bbe6458-bc36-4591-9cdc-78a591e9e620,AR002,2024-12-25,
e0196509-c2fa-4bd2-b9a9-1df5ece12e91,AR006,2025-04-03,
ad1c67ae-6201-4aec-923d-bcf8f46efaee,AR030,2026-08-20,
a0ec1d68-2433-4cf9-a83f-2088cd55bb1c,AR003,2025-05-09,
a4e869c8-db84-4ee3-88f0-5fa0b17458b6,AR002,2024-08-07,
acaf1be4-0b16-4b3a-ac2c-971c0f989bab,AR006,2025-02-09,
ad4936f3-5355-4e8a-a203-e8fe2b4cbc5b,AR013,2026-08-19,
9d22a65c-d60b-4c3d-a8e4-7eeb6ce0d2d1,AR027,2025-12-16,
19dbdd88-89f6-4f5a-9a02-c7206141eecc,AR030,2025-04-15,
6a4e2802-afd9-4566-8a05-67ee0729fac0,AR001,2024-09-16,
585e7844-1373-4472-9292-d38e03c0e752,AR002,2025-08-01,
4b50a382-a9e4-4088-be2b-34ec68e8306b,AR021,2024-08-08,
516068b7-e460-4a21-8f70-27da08be82b5,AR004,2024-09-30,
14fcff39-8840-435e-b79a-98c8f9e4b823,AR025,2026-01-03,
e7ec3025-0295-46b4-a15f-f2e9f062a7d9,AR015,2026-03-07,
2fe6da36-ca2c-4aa5-89d3-b5a1db94eb3e,AR002,2024-06-29,
018e9261-568d-4745-82dd-0e0b71abe126,AR023,2025-03-29,
6f75a77a-fe81-4a95-becc-afb200777bdf,AR003,2024-08-15,
64fa8295-2dc1-4dc8-a4c7-713c6d6644b4,AR006,2024-06-12,
c333f7cc-2c67-427e-ae6b-b953a8dfa5d4,AR010,2025-08-19,
20cc8d3f-8b57-461b-9bb1-d45d756f95c1,AR008,2026-07-15,
8a2942ff-7a35-4a93-ab1f-549f29be2e8a,AR016,2024-06-24,
f7197d8d-599e-4fbf-9f49-69685de22963,AR015,2025-04-03,
682b4909-e972-4f07-81e2-e339c437da1e,AR030,2026-05-11,
1ab16ad1-656c-41a7-8511-d14d1e9a11e5,AR030,2025-05-20,
d9f3033e-7ad5-4a6c-a790-36bbefde800a,AR009,2026-07-30,
81143d49-890f-469d-80bd-c0a7cf0d3273,AR002,2025-12-14,
3d822f8c-a2ba-4f8d-8c29-f1a12049ea96,AR018,2025-10-25,
cc2ea96e-8ab6-4fc7-b171-39aef4814108,AR029,2025-07-24,
3b0f6ee2-63e4-475a-a0c4-47704ec24feb,AR005,2025-04-19,
92563212-17f0-437b-94d8-e3be8c2096a7,AR006,2024-08-23,
418b9b3a-dee8-4f8d-aac2-0815cd087c5c,AR006,2025-10-22,
897c6ff5-0c83-4dfd-88b0-4f0704476055,AR001,2024-11-22,
408535d7-759f-452a-b399-7e5dcfa5bef1,AR016,2024-05-26,
e12a4ee0-b44b-4e2c-8da7-e234d6e8f66b,AR005,2024-11-10,
e16787e7-f69a-4d69-ad50-ea163642836b,AR021,2026-01-14,
14169e43-ffaa-413f-ad5d-a1642bce2e7b,AR023,2025-01-11,
4ffa41ff-84e8-4bcb-88ed-99e5fa958ff0,AR022,2025-12-22,
3f496f31-50a5-40a3-8840-a181c6c9d043,AR006,2025-07-04,
0b97a066-5f1f-4d02-a3ce-858bee50a5ff,AR005,2025-02-17,
69c49c39-2468-4426-98a0-5badb7f87c2c,AR019,2025-12-11,
4b2ca643-a439-4451-94b2-48aba5002b72,AR022,2026-08-20,
015e8241-5faf-489b-93bc-43d24fba6cbc,AR008,2024-08-25,
802a386e-ee40-486e-a642-deb644b2f5d0,AR026,2024-11-29,
db76cd58-c9ab-4069-9cbd-27454e480d15,AR002,2026-05-08,
16c55c4f-eb35-4fe7-83d6-a2d19b200cf1,AR025,2025-09-29,
08e14311-0d25-4395-a9ef-758815f70ae1,AR002,2026-01-08,
3a24d5b8-f8b0-4a47-a26e-e7e67851160e,AR002,2024-04-25,
c19dadbe-183e-4ecb-86f1-218080a3352e,AR010,2024-05-26,
be45ed1d-532b-4751-add2-43ff9ae80bf5,AR001,2024-12-30,
b067321c-5ca4-432c-b1e3-f28d800470bc,AR001,2025-08-05,
f164485a-2e07-48d6-90ad-00bebc173256,AR001,2026-07-09,
926c5a1b-8f26-4381-a87a-be7f100d70ab,AR006,2026-01-21,
30a86091-5db2-45a9-9a98-0305bc9cf92e,AR020,2026-06-04,
76e3f901-28ca-4434-92da-1e47960e90a1,AR001,2024-10-06,
e9852e44-c778-4e99-bb4e-213005733286,AR015,2026-06-08,
b78d384d-6e88-4f14-bbe9-310e3a2decc0,AR023,2025-01-11,
29d1aea7-b54b-428d-a857-ac24784261fb,AR003,2024-05-17,
2f8cfc76-675c-4290-9c82-0a57899fb758,AR002,2025-11-29,
86931dbc-3aac-4682-b48e-ecc269533308,AR024,2025-01-05,
39a1ff7e-e139-4982-802b-49e971883e9a,AR023,2024-07-20,
22594fec-c9ae-4b66-9c26-c49c45dea20a,AR010,2025-08-16,
54a0b065-3145-4c8c-b3cc-1aee6d38353c,AR022,2025-07-29,
832d96a2-44ad-4c61-9804-0d045f63cdfa,AR002,2026-03-02,
fa0b5df4-e636-4ba8-b7d8-06f050e3e324,AR006,2025-08-17,
1b95ee69-4d44-4f66-b4c1-a100c7163067,AR019,2024-07-24,
17cf83eb-8606-42be-8dc0-e7ddd1794173,AR004,2025-01-23,
cef23560-f0d0-4825-ad5d-2ef8674444ad,AR019,2026-03-01,
c6407d07-ea06-4dbc-99cb-079767895c14,AR008,2025-05-22,
e6c6e372-5398-41a8-a903-c95a918b5ecc,AR019,2024-12-17,
4583e3e2-015a-4270-9dc0-18daaa5d9b52,AR006,2026-06-17,
8a118771-460a-4296-8fe8-4453f5a38f55,AR005,2024-10-28,
818b67ed-f2b5-4b7f-b009-45daceed5a9c,AR003,2026-03-01,
c9b1eee2-e48e-4750-9bde-6f1ebce2e650,AR003,2025-12-10,
787e3847-26bd-467c-a996-453be9db80e6,AR019,2025-08-26,
71a6229c-e199-4d53-86dd-4bf804d207b8,AR002,2025-06-10,
dba3ba1d-bdc7-40c2-84e5-4e9a2a21b0d5,AR002,2024-06-18,
e8098a03-b75f-4145-ba9a-8c34b7362daa,AR003,2026-02-10,
f15a2c00-f487-4156-897e-8c65db366442,AR003,2026-01-13,
e34c8895-e406-4dbf-9f8c-9fd6f0da77aa,AR023,2025-09-28,
20b54e4e-4064-4e4a-8bcd-ae7f250b71e7,AR006,2024-08-08,
c98d0839-f34e-4664-9da8-df2765523f9a,AR030,2024-05-06,
2aa17735-6052-443f-8d1e-f4f4181c1ae0,AR002,2025-07-24,
396e64d9-8196-47f7-ba1c-a71c2da0dacb,AR015,2024-12-28,
0d3aec2b-440d-4358-9b69-cd70176c364d,AR006,2024-06-16,
d610c309-e3f0-4b91-82b7-a91afb1fca7d,AR006,2024-08-17,
c55f8f52-05bd-4988-ab8f-80d6e05f5dee,AR025,2025-01-08,
56c06fa8-1d11-4da1-a5c5-dfd87a3c3a24,AR029,2025-05-10,
d91f5171-0d01-49a2-b0d1-f93a794bd948,AR025,2024-04-19,
18818870-a43e-446e-a22f-d700727305fd,AR003,2026-01-28,
aaafe19b-630c-4248-81f1-eff5a92d9d17,AR003,2025-10-12,
f14c7681-88f8-431e-8a43-e9458b1a599f,AR015,2024-12-11,
5dc795d3-e2fa-48cd-a339-b84dfc5e7168,AR004,2026-08-05,
d6525f1e-eaaf-4426-9ee2-03edfdfaa77f,AR019,2025-06-14,
8731d624-4458-4e5c-b820-f0a2d8c41b88,AR011,2024-08-10,
c0ad0e14-eb39-422d-8539-dfc37d26cf05,AR010,2026-03-23,
38364a0c-54b4-4368-976e-83f63cc43b95,AR023,2024-09-24,
3f8278e6-d74b-4451-931a-b6d7ff752d8e,AR017,2025-08-30,
f4f3eb82-870f-49ea-b55b-bfe01cd3ecdb,AR001,2024-08-05,
49d3eeb6-c728-49b0-82d6-ae61f0c05e11,AR001,2025-02-17,
a90942d5-6066-472f-9904-8c09bf976a2a,AR013,2026-04-09,
520839e9-9484-41de-988d-757086a5910f,AR007,2024-11-22,
83674d7a-9734-458f-afcc-f0c5e7e211bf,AR004,2026-07-06,
2fe03fb7-1000-49fd-9f0e-a14129569ab0,AR006,2026-01-24,
d4a2a508-a0e4-4e6b-95f7-823757ebcf6f,AR020,2024-07-12,
4ca01c50-49a7-4f7b-b953-c08e35a9059d,AR023,2024-07-22,
be6362b3-93db-48d5-8843-ca6a5d775140,AR011,2026-07-14,
da9f1173-4364-4b62-9dd4-0f43b3787630,AR005,2025-09-27,
ed2da479-ede3-46cc-8b44-e3824c6a4666,AR004,2026-06-03,
0387ef07-d1d3-4633-bda9-63f36b98fc1c,AR009,2025-12-31,
eafd1bab-5833-4c7f-9a36-435ce6a1f381,AR005,2024-05-04,
ec6b6c4a-3c18-4ded-8c15-b5f522dbaaa9,AR011,2026-03-07,
8277e75f-9c30-4376-9c1c-b4cbaca3552e,AR016,2025-02-11,
f61c1a4e-7c82-40b1-a969-2c3e9968ce76,AR001,2024-09-23,
0fcc2148-8598-4e21-8bf2-51d8231325c6,AR001,2024-07-18,
3930c3a2-3537-479a-890a-f162e586ce12,AR003,2025-10-19,
4e960c3a-4d93-40af-b697-3e6e88b80f94,AR026,2024-12-25,
d35dfd0c-8ce5-4a92-8baa-bfa8bfc7e066,AR015,2025-06-29,
76b604f8-dc4d-4faa-bf52-90ad962a18a5,AR003,2026-05-22,
e7fb4139-6009-4157-9de0-00ad40ed147a,AR026,2026-02-11,
8b0699eb-a729-40e2-b1f3-4aa294c428cd,AR007,2024-11-11,
fecc517e-49db-4fc8-8902-4dd33a8e5a6c,AR007,2025-01-04,
4032cce8-fcaa-41b6-9122-6fc3a53463a4,AR028,2025-05-27,
19f70c6c-02b8-4a09-9fd8-75fdfaf7ade1,AR001,2024-10-13,
e62c14a0-4343-41f4-ac8f-ae9bdaeda32b,AR003,2024-12-30,
cfe220d0-e9b0-4598-afaa-e04dcca6be92,AR012,2025-11-01,
9fa243b1-c612-413a-9c80-f4a65dc562f4,AR003,2025-12-11,
a0f7843a-7178-4497-8199-b56c31edf43a,AR016,2024-05-23,
b88f3b76-e006-4a51-89ed-dabf87229e17,AR003,2024-04-30,
cb3327cb-52cc-476e-a9ca-92f56b84f1de,AR002,2026-07-28,
2e099064-6538-4a34-aeb1-f504e45ad0e8,AR003,2024-10-05,
284557d8-77e2-450f-8360-7d0b15ce45a5,AR006,2026-04-30,
8d43d07c-c473-48e3-a567-18126bb7ea1d,AR003,2024-08-04,
28a1180c-f8a0-4db6-9d3c-815d6bf5ff9d,AR002,2025-03-29,
b60471ea-ae0c-4e98-88cd-ce5a2b888081,AR024,2025-01-02,
3dbf0583-63a0-48a2-b0c0-687dec0cf8d3,AR005,2024-12-21,
592e8ad5-c91c-48f1-ab25-1525c7b6c270,AR005,2025-03-15,
1e237513-1088-4e25-94a0-3fa8f6cb7542,AR001,2026-01-17,
ecb2a3b6-8a76-4072-9add-af92dfee255d,AR005,2024-09-20,
bc32eada-badc-429f-b8e3-44125189dde5,AR004,2025-04-28,
15aebaa4-9112-4fd1-ae8f-34677cac97eb,AR013,2025-05-06,
e1886dde-85a5-454f-a9af-dea0fac04943,AR003,2025-11-20,
dd2a39f2-3a03-4de5-b462-8a5bccc64cfe,AR025,2026-08-15,
55ca77d3-e4dd-4d69-8218-4e482de438a2,AR027,2025-04-28,
44dd2eb5-e0be-4b7c-9657-f41358d2f0c2,AR002,2025-10-27,
c45d367b-0db4-4c23-b678-261d9b505f79,AR002,2025-01-27,
e5a255d4-e6b9-49e2-bf72-11e74628bc35,AR002,2025-10-10,
e287dc60-9115-426f-8841-f7ca8546e4d2,AR013,2024-04-29,
4c16acc5-bd98-475f-ae46-dd06f8302b15,AR002,2025-01-08,
1c47cbb9-8244-4d3c-a1e8-72d7cdb5a218,AR024,2025-07-23,
3d54d0fe-509f-4670-bdcd-9cb876931150,AR019,2024-12-15,
4560d69c-7e31-4de3-8249-e7b0d085aaa6,AR022,2025-02-06,
1b4e0fcd-3c7d-4160-abba-48fe95fa7f7b,AR009,2025-03-02,
b332dd1f-452b-4ec8-81f3-2789985116d5,AR030,2025-04-08,
65c76812-0c12-4e99-ae48-f36277a7de1d,AR001,2024-06-04,
389693f6-a4de-439b-8f7a-a01875100623,AR006,2025-11-20,
90bb5f01-2afc-40be-9b10-b294f4d8e4d0,AR005,2025-08-12,
4f2fae64-a0e4-4610-8cdc-157baa046a2b,AR028,2026-01-15,
5573265b-3ca8-4ff8-9362-18ba1724b06e,AR011,2025-04-15,
4526933c-0dd6-4172-b927-e358b1abc486,AR022,2024-04-16,
9cc5e223-c6db-43d7-8331-383f930308c9,AR003,2025-03-12,
0793dc68-5d47-43f4-ba93-068d940c6e01,AR030,2026-02-25,
213dcd2f-dc7e-4242-a10e-c57004330d9c,AR008,2024-06-13,
5bf3c35a-321b-4700-8c25-345608983f60,AR008,2024-10-05,
cf9408ed-4995-47c1-9f74-908f4f208daa,AR029,2025-08-06,
6c0d9278-8ddd-41f4-859d-095b1c254f3c,AR005,2026-04-18,
198a7c75-8518-4f50-9e4a-b848013a25d0,AR006,2025-09-07,
032788d0-24c9-4036-b2cd-cedda3d107f1,AR012,2024-09-23,
5373cf94-5149-49f5-ad49-abe21c75c623,AR002,2025-04-08,
6e2424a4-beda-422f-bf11-d5677e1baf63,AR005,2026-03-15,
a67be035-757c-40ea-8b39-286f3e372ea1,AR003,2026-04-08,
9cc95f69-1ec8-470e-8f79-96ec5997b8a1,AR002,2024-05-04,
2edae7c9-1671-481c-8034-4548583eb8b0,AR024,2025-07-30,
925e5dda-f1b0-4d47-b49a-04951a6e2572,AR012,2025-01-04,
3926dca6-e89b-490f-9eea-da560f2b65c7,AR005,2025-10-14,
38dc7bf3-5463-42c4-ab0f-bd2b270f8b55,AR006,2026-06-06,
9d7b5375-5966-4574-a2fb-84a4b1827712,AR006,2025-08-30,
9dda5d8a-d30d-493e-ae3a-393833f59c84,AR014,2024-12-28,
ea7c7572-d7c8-409e-99fe-a7dadeea6c4d,AR027,2025-11-06,
2979b0b5-0b4c-44e7-ad4d-bc5184146154,AR027,2025-03-16,
4acff94f-2203-40f0-889f-172787b67317,AR006,2025-08-07,
3ef87de2-ae99-4b59-883b-bc9e00731795,AR005,2025-11-03,
b3c9dae4-f27e-4148-8561-d6080dd154cf,AR006,2026-01-14,
f04d97a7-c57b-4f5c-b3a2-17988cd0cef2,AR011,2026-01-09,
bc913403-dfa4-4ad3-9eb2-e6670e5390c3,AR006,2026-01-13,
0f2ed055-2648-4cc2-8629-bcf2f9e078f8,AR015,2024-12-06,
0064a34f-b870-4081-9201-8faec67f510c,AR010,2025-11-03,
eb27f37c-9aa0-4afc-840f-8b3e4e366c4e,AR005,2024-11-17,
add695a9-0485-48c4-acd4-3c8dcb4a1131,AR005,2025-11-26,
551377e8-7424-40bc-a000-5c26392ecc6a,AR005,2025-11-12,
e5cf8b94-da6d-4135-84c4-a4e16e1e2748,AR002,2024-06-10,
129c7b3f-c306-4b99-886f-c54735854776,AR003,2024-07-22,
ab62f802-8823-4f8f-9c9b-f42ddfe63d4b,AR018,2025-09-09,
ed2b8208-aece-4bcc-8da5-c9ce13c71f5f,AR006,2026-01-02,
2c3d4ac6-d195-4bf5-9ac0-b1c86418cdde,AR003,2024-12-09,
bad62162-d8fa-4159-b432-cad7cd4bacdf,AR011,2026-06-24,
4f937058-f7a5-4499-bf75-b9a76b1cbf3f,AR019,2025-07-22,
4082f5fe-7ff1-4dae-967c-41b41669d17b,AR004,2025-03-20,
2f75f17a-a4e0-4ecb-89fc-8e20c7d02e8f,AR023,2025-01-13,
8156a5de-ca30-41ff-b68f-0a1dff0fddaf,AR027,2026-05-22,
6839899d-8033-47f7-a41b-75540ef08f87,AR012,2026-08-21,
2df22cba-71e7-436a-acf2-88d2c2cbb3ce,AR016,2025-12-26,
3e2732f9-e44e-4280-94d8-f1f04eb35ce2,AR001,2026-05-12,
7b978f00-eafe-4428-bdae-b3cdedb86b86,AR028,2025-06-08,
576984f1-13f0-43e8-8a09-c23bdcfaf5eb,AR006,2024-06-15,
86b9d59d-d4ef-4f72-b5ae-86f94df32e77,AR027,2025-12-17,
1ab56630-f8de-46a1-ab69-94c49a7f6bca,AR012,2025-07-25,
e0744a72-a9f5-42a7-a9ee-da239af92c63,AR001,2026-02-17,
6361e5c6-9c29-4653-b544-aea93ea4c29c,AR001,2026-07-16,
76da72b0-5996-494e-b8c9-a0e57ab73ab8,AR016,2024-12-20,
7a5ee931-c33a-434d-8381-3ad9ea321346,AR011,2026-01-12,
e3f5b62e-ba78-4ad8-abb2-d4c3f2ba4b9d,AR001,2025-05-05,
3412d2c7-010a-4110-a663-386dadcbe1e8,AR019,2025-01-06,
c1c5c626-4058-41c3-88bd-55ea1d3b4116,AR024,2024-08-23,
5e3be49a-6915-4135-939c-b2824203d862,AR008,2026-03-15,
07ad6e1e-bcc7-4c4b-b58b-d08d628aaded,AR006,2025-04-05,
606c4106-b3d4-41e9-852e-b3cfdcfa5776,AR001,2024-06-22,
2dd1221f-0b46-4583-a11f-71ec3469e108,AR021,2025-06-29,
0233d9b5-e8f0-4fb0-881a-4e47063084be,AR005,2026-07-19,
a7ab0f61-e70e-4311-82fd-d0f2cfcdf51c,AR025,2026-01-08,
f1e0e2c9-274b-4ac9-b23d-72aaefc48f0f,AR005,2024-10-01,
af3abbd8-e116-463d-be91-7bc86f589114,AR011,2024-10-03,
20a5e8d7-0428-4c51-8e84-24eaea07e828,AR004,2025-11-23,
e00a33d0-5e66-49a0-a100-fc8df2bb7425,AR003,2026-03-05,
35a46068-3fcd-4aa8-90ca-ee5e460346e2,AR020,2025-12-13,
dc5b4454-f2c9-47ff-86bf-0a3663922f84,AR008,2026-01-25,
70097d58-1809-4c97-8aaf-92014b12c688,AR010,2024-11-17,
ed890b27-82db-4fb5-93be-0e8d22ac0abd,AR029,2024-08-21,
679242a3-0706-42a8-bd22-8a56a20e6f13,AR029,2026-07-14,
40153815-9e99-49ae-81cd-97c49d966eaf,AR024,2024-11-17,
bc773b5f-c7ab-4a99-927a-ca5c81176062,AR003,2024-11-07,
79391897-c943-427d-85d1-1737b877839f,AR012,2025-03-08,
66c52121-e22b-475e-8f75-ec11764e28ed,AR025,2024-07-26,
26b10f4c-c91c-4c76-81e1-b9c0455d7a1e,AR005,2026-07-21,
288b2193-2b16-45e9-a050-f6b017ea1f8f,AR002,2024-12-23,
451aa4ef-f660-4fa4-8f8d-5fd8e9049101,AR022,2026-05-05,
f0696fb3-512a-4cb4-a164-e6b8f0a04900,AR007,2024-07-04,
224f34d3-7251-4441-b798-27368dff0b0f,AR011,2025-06-15,
b8f01631-a94b-4d9a-b65f-752af0bc9f00,AR030,2026-06-05,
7e688d62-374c-4666-93ce-34d00d046af9,AR013,2024-11-12,
a2f4dbd2-dcd2-4579-9f39-a1d97c53f7c8,AR006,2024-11-10,
20a664a0-2b29-4c1d-b776-d6652487dbb3,AR005,2025-07-16,
759013e1-cd0c-4d16-a4b1-2d49d0490840,AR006,2025-11-26,
f222dc9f-3f79-44a5-835d-76f3fa3e79cf,AR002,2026-08-08,
ab892a88-a42f-4747-ae14-6c3f43f479ac,AR021,2024-06-25,
356a9569-4f5e-4602-bc40-68ce722ad92e,AR023,2026-03-16,
355d5d37-5280-40b1-ab74-906982551a26,AR004,2024-08-20,
1df78297-87af-4253-93f0-bb9129bb89ba,AR004,2025-03-29,
5031289f-22a0-4b8d-a8d2-280b084d47a0,AR025,2025-01-04,
7069ddb2-b812-4828-aea4-8deb1c694bfc,AR001,2024-12-28,
aa054537-5133-4922-96de-263c6a3cd85c,AR009,2024-08-07,
16026ba0-dae4-4cf2-826f-d744749c8dbb,AR006,2026-07-25,
b36c9d7f-859d-48a3-97cf-6572c71f8a09,AR017,2024-04-13,
734c9f9d-b17b-44ed-b271-dfd7ed6fff8b,AR003,2026-07-17,
6f4d95b3-0d19-4eb8-aa33-a0a4376cbfc8,AR016,2024-04-06,
bf9d32e0-1810-4dda-9e86-df2ac5446403,AR005,2026-01-08,
a14a9eac-a17e-4a6a-9061-50bb9138eef7,AR013,2024-08-18,
63bc2c67-d018-446a-9898-8ccc262df82f,AR001,2026-06-12,
dcd0142c-a7c5-43e5-be5b-3a8c757f41cc,AR006,2025-07-18,
e31f77de-b01b-46be-a02d-802eab643f7d,AR009,2025-05-09,
f41f8299-b53c-484f-9689-1449e2e7021c,AR003,2024-05-15,
737b3725-91c1-42ac-9301-0b07fc356aa2,AR002,2026-05-08,
de42b1be-9fb7-4521-94d4-9bd32a1ee02f,AR003,2026-07-23,
999b7cb3-4ce8-4605-bec9-1067a6617952,AR005,2025-02-06,
672a1613-2a9a-423c-9f99-583fdda2a722,AR002,2026-07-12,
596f11d3-6c9b-4d49-b35b-0607c7b823de,AR028,2024-10-16,
476c98cd-1f8e-4210-b17b-0f0597c8d922,AR006,2026-07-21,
61d11cc4-d7ab-4cd7-a113-f365c6bd4066,AR022,2024-05-01,
1bda43dd-19eb-4003-8e2c-4c782f742c82,AR029,2025-05-17,
c8cab8de-16ec-4a45-b9a4-57ca12d0a065,AR002,2024-05-20,
df16df13-5af1-4242-b4a5-29be4674624b,AR015,2026-05-05,
e446b187-4b48-45b8-9599-3903bcec0ec1,AR025,2025-12-29,
d3a3f64d-156b-4b9f-af61-ccc6550c37ec,AR014,2025-07-24,
4681cd4e-8b69-447a-bc45-e9b77096bde2,AR006,2026-07-29,
e1660eba-dd50-4507-9f04-e6276fc5bf5c,AR006,2026-05-26,
972394af-9db0-491c-96e7-aa4b8e1015d1,AR001,2025-11-10,
a2dfda05-75a8-4ce0-9eb6-cf2b5ff0b5b1,AR010,2024-11-20,
9a530c77-677a-4878-820a-cd20d60b8421,AR030,2024-12-15,
965fec7e-c952-426f-bcf8-e33928b62e34,AR029,2026-06-09,
8f920ec3-4acb-44d9-aa9b-1b197bc67887,AR001,2026-07-02,
bae5b31e-d671-4ee6-a7f4-1758477b8a8e,AR017,2025-01-30,
cfef9f05-1279-4bd6-9b59-c86162c67963,AR004,2025-10-15,
7fef6220-4307-481a-83c1-5d16e2520164,AR026,2024-10-03,
de5a51b5-18be-4fbb-a468-f9bf95520dcb,AR001,2025-12-07,
6defc922-f543-4c67-ae39-d5f1e691edbf,AR028,2025-10-12,
87c4b3be-c6e2-4933-9a6f-65b92672c740,AR023,2026-02-14,
b3b455c8-c053-421d-bd1f-0ed7fb01b0a0,AR002,2026-01-04,
a1b80e45-8941-424c-a251-9f7433f259df,AR001,2024-12-17,
db6539ae-326a-4a96-91b3-305bc0be11f8,AR023,2025-07-10,
fe1ba2de-11d6-4d02-8efc-c3b1221d5a99,AR003,2025-01-27,
c33a9b7b-01a7-4ec7-8595-267404cff816,AR010,2026-06-16,
8885be06-ae8f-40b6-9f25-18f05cba739c,AR027,2025-05-15,
e18f1674-7660-49f3-8538-6ace4b2131f0,AR011,2025-07-20,
1363ed92-8a25-43b6-a3f8-470dbc419d8a,AR006,2024-06-22,
a38ee19b-d62c-4fd3-a2b9-2ce816356ffd,AR006,2025-08-20,
b3765851-bfc7-431e-aeed-100c683b1a05,AR001,2026-05-26,
3b4cb220-2faa-4131-b07c-b809614072e5,AR029,2024-12-25,
8690dff3-5a98-4c49-90ea-87c3764003bf,AR004,2026-04-15,
e8dd74a0-ca8e-422b-bbfd-57a71d3da0b1,AR003,2024-06-24,
099ff071-14e1-4547-84bc-f0f7ebca162d,AR004,2025-09-24,
1c56b0ee-8337-456a-82df-22280db613e3,AR029,2024-10-10,
fd375c0b-1b01-4744-b58e-476a91dc01ae,AR002,2025-01-30,
9fe0a305-9733-46ed-a53a-281988cb5aef,AR025,2025-07-15,
c6d96945-411b-47b7-b8c7-8f41a57b4757,AR017,2025-04-02,
0db9ca75-e006-448e-860f-7dab2ee0131b,AR023,2026-03-18,
74c3fe1c-2587-45eb-adca-9ebef81a016d,AR029,2026-06-20,
e80170d6-988e-4caa-a801-99976f0e2b5b,AR023,2024-10-26,
fd532e39-f086-4953-ac03-deecc698136d,AR028,2024-05-12,
529fddd5-3769-49f7-8e92-bb963e88f256,AR002,2024-08-04,
bc8b52aa-fa4d-4dfa-b2e7-d4dd14c5176d,AR021,2025-12-01,
3c73156e-c7c1-4d79-a95b-3f19c14f923c,AR010,2025-10-16,
7c916ac9-b1cc-45e7-aa01-6e3983052729,AR010,2025-10-15,
2d274edb-eaaf-47a4-a6c0-ae59b287b544,AR026,2024-12-20,
dcb169ea-aae2-49e9-b8eb-2756aef54eaa,AR029,2025-02-27,
699720b2-d40a-443a-8cb0-f67f347a5cb0,AR017,2024-09-30,
868a04bc-c132-48e6-9beb-b3006d89bf47,AR007,2024-05-23,
1e65e4a8-f073-4775-9c80-bf00eb51f34b,AR006,2025-09-16,
6d153d32-8ebd-419b-9fc1-1a8101aacc17,AR005,2025-01-24,
16ceb501-054c-4e0c-8a13-17f6f4224548,AR005,2025-06-14,
f264d0d2-dea7-4b3a-87ff-9b886204e875,AR006,2024-05-15,
b6442368-7e0b-47f0-8ba1-ab8fa762aa56,AR002,2025-10-20,
f5c79caf-b589-4678-9fa3-9a47df65cf3a,AR001,2026-03-13,
f6ce677f-247d-4e16-9a8b-9d1c661e6e60,AR021,2025-09-28,
1a27738b-c384-4838-9938-38a3ca7a064c,AR006,2025-03-03,
b68abc73-a4ff-4e88-a73d-fa85fb98c521,AR027,2024-05-16,
d6147d03-c759-4925-bd55-b36bfbe86932,AR013,2024-09-01,
34b73a2b-3b9f-4140-a427-f0addba27a12,AR001,2026-08-08,
9856ae94-c014-4020-a10a-39547a569db4,AR003,2025-06-07,
0b44044c-e517-4df9-8c06-a914617bb513,AR003,2026-04-07,
0b503c58-0b92-48e4-94fc-2177d78d5719,AR029,2025-10-12,
0b4f0600-bd8a-4b7b-8035-f4d58681b410,AR003,2024-05-24,
e315600c-de44-4695-9e22-0d9fee8b25b6,AR009,2024-04-19,
17c20675-0528-4c82-8898-76cd99be69bd,AR028,2026-04-12,
7665cc19-a9ea-4a08-87de-8eeb36dba7e7,AR029,2026-04-23,
0abe6dcd-0209-4faa-9eab-eb5ea94c7631,AR004,2024-12-26,
80ed81f7-4829-448a-a66c-daca262859af,AR001,2025-08-31,
1b09ba35-e5f6-4bfd-9eda-d52d4b4e0a16,AR002,2025-08-12,
4fad4d6b-a63b-447c-b439-b3eb2e683af7,AR001,2024-07-25,
713a634c-0c51-4fc1-acdd-210555b23c29,AR003,2024-06-14,
d8e26229-1bf1-45ad-b700-fcc6c56a48c1,AR011,2024-07-01,
ac2496a7-e674-4d20-8938-53106b613482,AR027,2024-10-11,
18e69b46-66db-4279-860a-754650396f4d,AR010,2024-04-23,
dae14b5d-f0bd-406d-b999-daca85529225,AR014,2024-12-05,
48f7a0dd-5734-43c8-a35b-716c5fbf545d,AR003,2024-07-15,
54503042-a49d-4d4b-a4c0-16d72aa09ac8,AR022,2025-05-10,
b75b469a-15f2-43bd-881f-ea9027eec0d2,AR013,2026-07-10,
de8dbb07-3899-45a8-89fa-32fd4e3e861f,AR024,2024-09-12,
d762ebc3-f27a-4b7c-88bf-ab46f49541e2,AR028,2024-06-06,
3fcb0208-569d-426a-a82f-9f35e070560f,AR005,2025-11-25,
336a70d5-6951-4c53-8a49-ea8d6de97995,AR002,2025-08-16,
fa45f754-21b1-41bd-8910-1a0809c326c5,AR003,2025-04-13,
3566741b-0c12-4794-92ff-24b0c7f6e47d,AR006,2025-02-03,
e862a1da-aeac-45b1-8c9d-04dbb8757e04,AR028,2025-01-13,
85f055c8-a625-4a7f-8c1e-e892f9034b0a,AR005,2025-09-14,
010dba2f-110d-4328-92a8-b98cac132ac4,AR020,2024-08-10,
8562c4c3-30a0-4252-b017-751ed814d35f,AR010,2024-09-15,
8cfa02b8-ced1-4176-a2e1-7c064684ccbe,AR003,2024-05-26,
31b08ba9-d71b-494c-b5e6-0d7aa04980c3,AR005,2025-04-09,
04e13993-0f6d-45fc-a528-1f53fdf18da2,AR015,2026-06-17,
46d40a71-4a5b-488f-8dd4-dfaf0b96f9a5,AR016,2024-08-18,
cbea48ae-25a9-45eb-92f3-3928a98a903c,AR006,2026-06-15,
dcc1a184-57ba-43fb-abee-2c28acf190fb,AR003,2026-03-08,
d2132643-2db9-448c-8734-6adc31163931,AR018,2025-12-18,
3f135353-b639-4b8a-b24b-4ce64f9541c5,AR003,2026-03-16,
67b7b08a-f6e5-46b2-9faa-09d7f5431a9b,AR028,2024-12-02,
8b78cfa0-36cf-4d2c-9de5-a2a00c7113bf,AR003,2025-08-05,
2a997295-7d9f-4883-89cf-3f2e0b9c48ce,AR002,2026-02-14,
bea94153-d16d-4b18-8dee-5dbfbde15564,AR008,2026-08-19,
d9b63b3c-baa5-4be8-8706-ab4da890d2ae,AR009,2026-02-16,
54dde795-a2d6-411e-a453-7bdc387fb010,AR008,2024-12-29,
17b16840-c161-40b1-ba1e-3e64f3c704e3,AR006,2024-10-01,
422cafeb-f5e9-4055-a2d1-e0855c07c781,AR030,2025-12-09,
48ed40b5-2568-4887-8c7d-ca07b497701a,AR007,2026-06-21,
328429da-0c89-42b6-aa18-96af44abe345,AR007,2025-04-26,
cf184acf-6425-4c88-98a7-8fefe4365bb3,AR006,2024-10-11,
de996029-fb5f-46a0-bae2-e8b170c3f3e3,AR001,2026-06-24,
f1aabeab-6498-4cd6-96fc-15077f90f352,AR012,2024-09-30,
85724e0d-4280-422c-a75e-89a829100b92,AR003,2026-03-28,
0a23e255-b73c-4dc3-afcc-962f54288ba7,AR014,2026-01-11,
454c8ae7-81bc-4208-b18c-53dd677e6479,AR001,2025-02-28,
96a900f0-3ebc-4227-94c4-851968875ba5,AR030,2026-07-10,
37b67dfa-68f8-40d5-9d5a-a2bcb9328d95,AR007,2025-12-01,
940276cb-e675-4995-965d-f5246d8e2531,AR026,2026-04-25,
159510bd-af8f-4dd5-97d3-568dad0d82c9,AR007,2026-02-18,
1ff8e436-8112-40fd-b346-32f7d9fccd63,AR001,2024-10-20,
225081e4-393a-4ef3-96e9-c956f3e154cb,AR022,2026-02-05,
60f16f75-760f-474a-878a-53b83232e359,AR015,2026-07-17,
82a9f663-60fa-40ce-99fc-1a60ed341bba,AR021,2026-02-18,
277c9c86-7da5-4d4d-85d9-eba83c7ae9a8,AR006,2026-06-09,
1cab17d3-b5b3-440c-9822-04859e99d6a4,AR014,2025-02-28,
327990af-97a9-412a-8f2d-d4bc1e991714,AR024,2024-04-29,
7eaacd9f-ff17-40db-abfe-a46e6e388e90,AR014,2026-03-31,
72b27596-b296-4bbb-b813-190ab74992e1,AR005,2024-11-27,
d627e44a-48ae-4990-ad11-874955b31c7a,AR015,2025-10-12,
8d86a42a-06ea-4fe9-b166-a5d24f58b854,AR016,2026-06-22,
caae40f4-c2de-427d-bbe0-5c94d1ed76d8,AR029,2025-01-02,
56f6645d-ffef-47e6-a410-e5f0c5a219a6,AR005,2026-02-22,
130355e6-4e33-48da-a90c-25b045f6957a,AR006,2025-06-03,
42d25b23-2e70-4fe7-9fc8-231911d46e13,AR022,2025-06-08,
0b6a235d-34b5-4690-93fb-7dc30d67b47b,AR008,2025-03-22,
80b96d55-b279-4cd0-a21f-9d5dde9d10a0,AR019,2026-04-28,
ae3b93d5-b72b-49c8-a235-3cf63044e9b4,AR006,2026-01-17,
8bf2fc03-1340-4422-85fd-b12a39c24a6d,AR003,2024-11-20,
735a6bfc-e03d-499d-8b42-57c129bfca5a,AR019,2024-06-03,
71a18329-2490-45a9-8122-42d4150206ce,AR002,2026-08-13,
ffe8acab-2a7b-49e5-87ba-462deff5e8aa,AR003,2025-08-28,
0bf8b7cf-c6fe-4f05-8b81-eaa7b5f0a135,AR014,2024-07-18,
d04c992c-7960-4a6d-b7c8-2a579f6c52ec,AR019,2025-12-17,
6eef87a6-bdff-4ccd-a685-00e70a1a074f,AR026,2025-07-30,
c261740f-6275-46cf-9faa-cc7057c852dd,AR004,2024-06-28,
15b4519e-1fba-49c7-bf4f-f14ff63a3988,AR002,2024-05-03,
65ee1edd-efc6-4e50-a469-bb2aa899a7ed,AR029,2025-01-30,
4b88240e-df46-4c29-8d51-660ef249ea18,AR002,2024-12-28,
8fa3e6fe-9e7a-4b45-8fda-e610089a2c99,AR003,2025-03-07,
bbd19bb9-396e-4711-84d0-e3dd9533a211,AR004,2025-12-20,
bbf80769-d653-45ce-9569-992b86871d4b,AR009,2024-07-13,
8a943f31-cef0-47fa-abc3-bb93bb773d83,AR025,2026-07-25,
8ff9a8b4-175f-4dfb-87ce-61acb1414a93,AR020,2026-07-04,
8337c5de-db85-4cf5-b655-35b2009bd008,AR017,2025-03-18,
b5c9e5ae-a6bb-43cb-bd25-04f5a49d5bd6,AR003,2024-08-25,
cf0c3597-c82f-41c2-bcfc-0d41887a4763,AR005,2024-09-14,
8d982d22-5309-4a4c-b189-9084b1253ad7,AR007,2025-01-11,
b172afb8-f254-4178-9db3-0ca806f252f8,AR002,2025-09-30,
55702735-d03e-4ca0-b1eb-15030da42ba8,AR004,2025-10-14,
a0743b84-fab6-4b22-ae4c-4711b89ddb87,AR004,2025-08-18,
1ab85557-de22-44d0-a3df-5eb54481afed,AR002,2026-01-12,
062cdaac-b80e-4338-8e43-6035d667253a,AR010,2025-08-24,
6716c423-fd68-4e3c-86fd-0eacc6019dba,AR017,2026-05-24,
3b25b3bf-ddc1-4eeb-b39c-86f31c0929d0,AR001,2025-11-18,
74571bf8-af6e-4227-a153-649550156e3a,AR007,2024-05-27,
6856cca1-4a69-441f-a574-5ff00c53df42,AR021,2024-12-16,
99668888-47a0-46db-bb00-aefa0ca9c2e1,AR019,2026-04-22,
f8168ca3-eed7-45bf-a96f-dfbc5af95aaf,AR022,2025-12-17,
d1bb6ae8-ec2b-4dbb-a246-0e943d02c555,AR006,2026-01-10,
590b0246-d5bc-41ca-883e-f401d17d7776,AR022,2025-12-21,
89989ca4-b800-4e06-b0a3-213c848abfa3,AR004,2024-12-30,
300b09b4-99e4-4771-96da-65002677fe05,AR005,2024-07-06,
75f01ea3-ae76-4b20-bac3-180e845af9d1,AR003,2024-12-14,
6a8df69e-cafb-4ffc-a47e-3114cefc1031,AR007,2025-06-25,
01ee94ed-dacf-4bf5-91e4-6271a9c945e7,AR006,2026-04-06,
43b7044f-c5ba-4f38-81e4-f3c0e6661349,AR004,2026-04-21,
ee2099fd-53fd-4b74-85f1-7109245a32da,AR019,2024-09-14,
ee8dd108-8871-4295-a3d9-100c4ffe88db,AR005,2025-01-11,
54c2faa4-260e-4ea1-9d2b-47fc078366b2,AR004,2025-06-06,
dba080cf-c976-40fb-af9a-20966a2e36d7,AR002,2025-04-08,
4d9f3945-ea27-4cce-8efd-77cbce4a5134,AR006,2024-08-15,
44d1d904-59fe-4397-8515-3cb8b7b375c1,AR004,2024-09-14,
52fe60b0-2fdc-4155-9e10-db75e3666b95,AR005,2026-06-09,
bfd8ee79-078e-41cc-9777-85e36a630d01,AR004,2025-09-14,
d3e8f299-102b-4ada-9988-1360a6ba28eb,AR020,2026-07-17,
9ac5ccae-6eb9-4d4f-a173-e4cbb45a97d5,AR027,2025-09-23,
4c7fc800-2531-4cec-a516-fcdde6daec3b,AR008,2025-02-15,
80461ae8-ff9b-4e0a-b19f-9f4ddc6d1544,AR014,2026-02-23,
a235760b-466b-4af4-a53b-446963539e31,AR025,2026-04-15,
4453364b-fb87-4b9f-a638-a6960316d28f,AR030,2025-06-22,
bb1e12f9-6198-4f39-a683-fa28c065aa02,AR013,2025-05-24,
b505bf2c-bb09-4d28-bb0f-6d3cb708ba22,AR026,2024-12-10,
161cb794-b231-4b37-971b-ebb81657b47b,AR026,2026-08-11,
323d9897-8006-4fe6-a222-018c04aa5629,AR021,2026-01-20,
ae63cc4d-fb09-407d-a3fa-d620a6071253,AR006,2024-10-14,
9cc91eb8-c2ae-43ed-9bd3-3ac0e237d7be,AR002,2025-01-07,
87192bb3-373f-401e-9c76-367b5eeaf627,AR001,2024-07-02,
94d8243f-0a4e-4b8b-9251-01d4c51168d3,AR007,2024-09-14,
82e033a7-29fd-4d61-95dd-aa1087869ec2,AR008,2024-08-24,
91e138fa-4824-4637-b9f3-5df6b03ea207,AR006,2025-06-05,
48ffbfa8-9ade-46ec-9a9a-d157327ff821,AR011,2024-05-12,
db217e3a-50a1-484d-a5f0-85e1692f58d5,AR010,2025-08-27,
4216972c-508f-4bf5-b4b4-275f326b7d1a,AR023,2024-06-29,
d92cd083-67f4-4c9c-afd7-ce0bbf32e84a,AR002,2025-09-17,
ada10f50-6f81-4ec0-9329-3e39a119d0e7,AR003,2025-08-02,
26941414-8245-42a8-95ba-dea68982b954,AR021,2025-01-04,
3083cbeb-a540-422d-8b0b-c6d1f5cdbfef,AR024,2025-09-11,
ffc5dda9-3e9c-409e-822b-367b9ff4f558,AR030,2026-04-18,
1f980a6d-b881-4cbd-a86c-62ff5e720cde,AR025,2024-07-05,
8cdb9cfd-4f01-4df7-9768-0ba760633a39,AR026,2025-07-25,
1e8d5efa-e1cf-4863-977f-2b66df85c5f3,AR005,2024-06-08,
3d67445f-2e87-465f-a329-cd478a83a044,AR006,2025-09-10,
ba094740-db3d-4673-9198-a8c310060f68,AR004,2024-04-29,
5b7d1edf-8f3b-484c-bd98-d829d202ce79,AR013,2025-03-17,
d2119e73-5c6c-4beb-85ce-283d03950ea9,AR028,2024-10-24,
52088fbd-ded6-4844-9292-8cf2241cfe39,AR005,2024-11-04,
ff4634cd-1c74-4344-bb6a-fcb93c5f3c41,AR011,2026-03-01,
73f0de6d-703b-4e70-94d6-e5b9844d7760,AR004,2024-09-13,
51b58aa5-bd71-4e48-932b-b2f4ac5160ef,AR003,2024-05-23,
e184156e-de98-48dd-9b54-dbe8b122ec14,AR003,2025-01-25,
c715831b-a518-419b-8a71-bf1027057a66,AR001,2024-05-21,
95ba02ec-9ef9-40bc-b4b0-fc30ac819851,AR028,2024-08-17,
540f6ca3-8fcf-4d7c-9443-4bd57314fe8e,AR006,2025-01-21,
c5f31965-6055-46a8-a9ab-f3b7122bdc56,AR023,2025-07-04,
d1d77ebb-363c-4152-ba6f-d247bd0e8c66,AR016,2024-08-08,
283e3aef-d3ee-44b9-bbd6-2850be3db336,AR003,2026-03-15,
563ee510-cae7-4fbb-a0c5-970808982c60,AR003,2025-04-22,
a45be5ba-e8da-4bee-9e78-3ad2052d0a4b,AR022,2024-09-13,
07507c6a-38a8-422b-b0cb-0b073986d7ae,AR004,2024-05-24,
de27f582-ba4b-41c4-9184-aaf765b482f6,AR027,2026-01-03,
76a09177-bf6d-4215-93c1-c7537c382f85,AR002,2026-06-03,
7a67d5ef-f047-401a-886c-bdf498ef0ec5,AR016,2025-11-06,
120279a2-dd6a-4fc6-994f-e40ec4263114,AR022,2024-08-02,
71662e5f-4473-4773-ae58-1a7ef3454363,AR004,2025-05-25,
44ab7bb1-65b8-42b3-84fe-9f07a209871a,AR004,2026-07-06,
f3e13002-a667-4833-a3bd-e54c0a1c66e4,AR029,2026-05-12,
dd946848-f2e4-4977-b4c0-0024381ad5c9,AR004,2025-11-01,
2ef4b00b-8599-4c80-abf8-3d12b0241a9c,AR006,2025-10-29,
dbc4ae7a-23f0-4a5d-a49e-741c1f7b9985,AR006,2026-04-28,
29d97138-6221-441e-8c1d-adf9a1a917f3,AR004,2025-06-20,
98776b34-eeaf-44a7-b258-0701d9e0f877,AR020,2025-07-03,
5d0d852f-b12e-4b3a-8cfd-b44039c056b7,AR020,2026-03-03,
d517d1bc-5751-4da4-890e-c7523445e18e,AR005,2026-02-02,
19fe051c-8942-42d8-b4e7-7a8bc2d5f8a6,AR023,2025-01-22,
0afaec1a-e210-42b9-b1cd-8eca59ff0ef9,AR003,2024-05-17,
49389a0a-b451-4058-a688-fad050bc42a2,AR001,2024-04-09,
ce028833-6c4c-4a91-905a-da50d2603412,AR011,2025-04-24,
5c4b31aa-3833-4029-bcc8-ee1c2f97dd85,AR030,2026-07-21,
c47e56c6-cae1-4669-8603-ae39455a4bb2,AR001,2024-07-03,
13b0052b-16dd-4b71-8ba0-089a70f3ea25,AR003,2024-05-19,
21be51a3-a7de-4e7f-bb4d-944f30174901,AR009,2025-12-25,
ab999a97-4970-4870-82f4-d5b4e98a629e,AR022,2025-09-09,
afc44b89-b63e-4984-b55d-50e38e660b50,AR002,2026-08-01,
690c4bd5-90eb-49dd-be46-d4ee9106e312,AR006,2024-09-25,
06e22ddd-7a93-4407-8d22-9dcdafe9097c,AR019,2024-10-18,
b56d9866-e5ca-4e76-9644-90d432632887,AR005,2026-08-06,
ea3954fe-403a-4590-9e67-0fe54fb10c52,AR003,2024-12-20,
339b817d-cb3f-40e1-9848-7cee033edb42,AR003,2025-08-30,
70bf305c-0aa3-4d41-beb8-a6ecf2cc277f,AR006,2025-05-06,
0c192d7e-ec68-437b-a2c3-6ca88c7da0c6,AR007,2026-02-15,
ca27d816-99c8-476b-94c6-9cb8a7d093e8,AR024,2024-09-13,
6b887283-c620-498c-8b60-128cd7b94dc9,AR014,2025-09-06,
bcc97942-b5d0-4371-81a9-ea8b2c3e2ab1,AR017,2024-08-23,
5d7642b5-d4fe-4c5a-b17b-ba9cca4cd492,AR030,2026-04-17,
d22bfe2b-3286-43b9-8dde-d63f9c89a7eb,AR006,2025-03-30,
c889d1b4-7ab2-4e2a-9b27-9c4bd4ef16d3,AR006,2025-11-27,
c8762155-349a-4295-9b4b-f60a8c80430c,AR027,2024-05-05,
784b3768-93d5-4d91-aae5-a468b21c5f01,AR004,2025-04-26,
05b103a9-7e0e-41ed-a903-fe3ccfb71964,AR018,2024-12-05,
f4e2e556-bc91-4ca2-a1b8-f5c7df80a386,AR019,2026-06-10,
676e86b3-7ee0-4d21-b20e-f816f03370f6,AR002,2025-01-12,
6d97a6aa-6358-4457-9b08-581db393881b,AR007,2026-05-28,
c0354e46-17d2-49fe-bb0c-c40e2728cab5,AR003,2025-10-13,
acc09e46-d016-452f-851a-f3ed10a6c829,AR003,2026-02-11,
caba00c2-a60e-4ceb-9d90-006495ce366c,AR006,2026-08-22,
f4ca800f-22f6-48a7-b8ff-f5168c6961aa,AR004,2025-03-31,
3f0453f9-cf68-4b80-b31f-8d904e44ad98,AR021,2026-01-26,
459a2877-dd54-4f41-af43-330768b4953e,AR026,2025-06-04,
6f82ec9b-83e1-4971-93ef-bdb4ddc79c80,AR022,2024-10-28,
16abf92c-6802-4989-96e8-73814b9c38e6,AR004,2026-03-22,
1220a361-43a6-49f9-941c-44a5809a07dd,AR004,2024-12-14,
27e96fad-ed80-4fe0-8b84-19945c2d3d92,AR004,2025-12-08,
c1ea3ad6-94a3-4da7-ab79-f979e8d7fd1e,AR002,2025-11-09,
82b7d85f-c4c5-4599-9d78-ded70fc859b7,AR028,2025-04-09,
299d73b6-4821-4ae6-8e46-5d5972805902,AR006,2025-02-25,
7eaaf831-f0f5-4331-907c-28417b9dc1c9,AR003,2025-01-30,
00e81a46-08e7-4ed4-b3ef-c7c3dbbc778a,AR024,2026-03-07,
b57ec612-6294-46a8-86ba-1f03fc097599,AR006,2025-04-06,
58e5637c-969b-4b3c-a6d2-716cd8ab3576,AR001,2026-01-06,
c6dcdb64-78c8-4235-a8c1-9be7aa873667,AR003,2025-12-26,
4e12d3d5-91e3-4067-ab09-92815c801a20,AR014,2024-05-21,
54574d63-9ba2-4c27-a97c-d97e2765dd65,AR021,2026-05-28,
5eaa9acc-e98b-4c81-987a-869bbb96002a,AR003,2025-08-29,
6bc020c2-94c2-4a6d-9f28-7036696fadb5,AR027,2025-08-06,
d5b9be0c-e032-46aa-bcbd-2a36444e732d,AR024,2026-01-22,
d8c88bcf-bdc1-4c57-a96e-9321d1bff145,AR024,2024-10-09,
964c27d8-927a-48f8-97e9-2c22ec2aaf1b,AR003,2025-06-26,
cdfe9d8c-2427-4866-b39c-f1f94b4d977b,AR001,2024-12-06,
7fd5b430-7905-4669-8742-7573be4a48c0,AR025,2025-09-21,
cd31a66e-bf99-4aff-8fa7-6338f62f5279,AR004,2024-07-04,
ee6bd792-2a7f-43c5-921f-6516ad49f29d,AR013,2024-11-27,
2a2a7eb6-1d10-482c-8682-41692cff7cbd,AR020,2025-11-07,
a68b453a-246a-4756-9035-37f96331911f,AR002,2024-05-08,
fd72b97e-fb24-454d-9d6e-33b6ddabe555,AR021,2024-08-01,
98cc06e7-3565-47ff-991e-d582af6c8f00,AR028,2025-03-27,
64503d28-5520-4209-9144-57978434ecbc,AR018,2026-08-09,
0fdcb59e-5308-48cc-996a-cd753f3dcfc5,AR006,2025-03-27,
fd78260c-51df-4caf-b99d-c3818f43be19,AR025,2024-12-30,
093d848e-0662-44c2-a4f0-b2a7b2c14816,AR009,2025-10-10,
88251e66-2001-4474-93f7-bc7831957eb5,AR019,2026-04-20,
8002db77-5978-47c4-96e0-5717dad20562,AR022,2025-04-19,
40c8803c-0235-4f0f-a208-62cc4a7bb962,AR019,2024-09-25,
fc4a6133-9bd1-47d8-8763-a3ac8741ecef,AR004,2025-11-19,
7ec76047-72e2-4db6-9fe0-3e53d5c5a54b,AR002,2025-07-23,
c0fa079e-ea48-44bf-a252-89fdaa7b0bd3,AR004,2026-08-23,
3c5307b7-0580-4b67-9db3-5e8862b0d814,AR008,2024-12-19,
189f6201-ab47-4d98-92f3-acf36e2bd26e,AR008,2024-07-31,
67be1aa0-6420-4d67-a404-63b5a1d995f1,AR012,2024-10-17,
5a2bf3db-6ba8-4db3-b5bf-03ea0c68ff83,AR006,2025-08-15,
9223297b-75d9-4ec0-ac2c-35019db22ba7,AR021,2026-07-15,
3f673864-18f8-482c-88a4-2672efbe703f,AR027,2025-06-21,
49c9df24-325d-4aa8-99d1-34670ffe13cf,AR004,2024-05-27,
dfc39bbb-2f5f-4a8f-bc45-d9373cf9e948,AR019,2026-06-12,
a32c6f86-ba50-411a-aa4b-8b8219c3f475,AR016,2026-02-18,
29ff0355-4972-485a-8961-5658bb714947,AR009,2024-08-25,
10fd46ad-ff46-43b7-981e-75c482710810,AR003,2025-04-16,
a296f2fb-c3bf-468a-9db6-fd9326bd8aee,AR021,2026-03-28,
ab104b9a-14b1-4bd0-bf22-169c99feafb0,AR029,2026-08-02,
c358513e-5af1-4eb4-8d63-21e4389c99ba,AR018,2025-08-31,
1459aaa7-96d6-4bd0-9ac3-b9002889d432,AR027,2025-03-24,
5eff645d-b6db-4581-9855-b737fda91a92,AR030,2024-08-22,
5abfd39b-d832-4bd3-a077-aa49c2fba1a3,AR005,2024-07-16,
49a26b23-bcf1-4085-a6d1-7cf5ac436dd4,AR014,2025-07-21,
b03e72fd-d0c1-4b01-b51c-6a7df6f1684b,AR007,2025-08-21,
9b53cc93-c78b-4927-a802-1dac60009e6c,AR030,2024-06-04,
9d2130b1-68d1-445f-b6ac-f1847fc66613,AR002,2024-10-17,
4b1690d7-7eb7-4cc0-83f3-c0f2d4851d5f,AR006,2026-02-22,
28956d7a-a0cb-493d-bdbc-fa741f8656d6,AR025,2025-01-08,
a2da2809-7efb-466b-bf36-e1c8c4f0a6a0,AR004,2024-12-09,
8b92f6d2-7227-4bed-b001-67aff7562789,AR021,2026-02-01,
687c6f31-088f-4c85-b055-cf11e53ebe48,AR005,2024-04-25,
05265384-0d80-4b31-9564-687749922cb0,AR030,2025-12-08,
f135ab98-fb35-4a28-b449-5737d87d5263,AR025,2025-05-02,
30f4020d-fc29-4eae-b6d4-16f84922b829,AR004,2025-06-20,
8ac120be-837f-4485-b337-953d1ed96565,AR020,2024-12-29,
a5431b04-7203-4b2d-b459-bf5ef2c670af,AR005,2024-06-30,
d529d8a9-dc68-4876-ae0c-c4b6d7528f87,AR013,2025-09-15,
06a30b89-ca0d-43de-81df-6eedf24116cb,AR015,2025-09-23,
0af290d4-4df3-4823-b8e6-b218577bda14,AR023,2024-11-08,
dcf7f29b-e7e5-4b15-8a00-39ca7840aa1b,AR001,2024-05-17,
d0c7e2ac-c633-4487-be4a-ed9be45593d0,AR003,2024-06-24,
d2df9f03-32c6-4303-bbda-dfd6a4e4f360,AR018,2024-11-07,
68816d2d-1c88-4502-b12b-549f0d563478,AR011,2024-12-20,
8dd3a961-c023-4424-a526-c782876070a4,AR008,2024-10-24,
96ae4a73-bf17-4ded-a761-ffefb5bb375d,AR001,2024-05-31,
c9ffd773-226b-4427-a2fe-a6e5533d55f7,AR005,2026-08-14,
3db4baad-6ee7-4f67-bc68-f9753946fae7,AR024,2025-03-29,
74436172-39b1-4877-805b-977a14326743,AR001,2026-07-25,
986d3be1-232b-4bff-ba69-ef3158e427da,AR006,2025-04-08,
c1a862d4-0dba-47ad-8c55-60f0165291ad,AR028,2025-09-14,
3f5fd135-0519-4a35-88c1-f5a250c227cc,AR001,2025-12-01,
a8dba2d6-dd47-4ce1-aaa2-58a3dbbadb6e,AR019,2024-07-09,
96f9da7f-3e74-48b1-92d3-92e80abd9ed2,AR004,2024-12-14,
32fe8228-855c-4b92-911d-43ea71669a64,AR024,2025-04-17,
b16bfd83-15c4-4261-a8e0-ca7caa65b799,AR019,2024-07-17,
f79fce2e-3783-4ee3-9764-46cd645f73d7,AR025,2026-05-30,
8ad41634-f466-4075-8c55-5ee4c6c56298,AR003,2025-02-07,
4a2aeea2-f48d-490c-99ca-acc1f024c554,AR009,2026-04-10,
1a753b25-96fb-4a97-9ea8-6e4d673fb5db,AR021,2026-02-02,
2319ad2b-ef98-4183-9b52-e2f4eacccf51,AR004,2026-03-15,
baad9a28-cd72-41a4-a92d-9d9cef8179d8,AR003,2025-05-07,
bdffeaf1-06d9-4565-91f8-5750e5bf5a2d,AR001,2025-02-22,
454ad847-7feb-45cd-823c-23157bb1caf7,AR029,2024-11-04,
259fbc2d-dd5e-4ddb-9c10-b2efcd567ca5,AR017,2025-08-05,
b5a461c8-5bfa-4e12-916a-86aa10421d7c,AR014,2024-05-28,
0a90e8c5-f02d-493b-9dea-592581b116c9,AR019,2025-10-02,
8471ae59-e84a-4829-9615-d21a42056cbd,AR009,2026-04-09,
77f8181e-47da-4641-82b4-2b56f03e28b9,AR007,2026-07-23,
3cc04b10-9cae-4620-a73e-3016af17ed80,AR006,2026-05-05,
8cb98ace-db8b-4e8f-aca3-f0e644aabccc,AR014,2025-08-01,
17d6e11a-0559-4521-81fd-0b779be3d3fa,AR003,2025-08-29,
7bffbff7-0cf3-4d87-b1c9-e4f2f4ae7f2d,AR025,2024-08-10,
a9300b33-e2b0-4f91-b635-9293a4c54264,AR022,2026-05-06,
470048c1-5e03-4979-9992-88a0f63ad5a7,AR005,2026-01-07,
4beccfbb-b268-483b-a6dd-6d7683e60afa,AR012,2024-04-23,
40cad805-2dd2-4ff6-88c9-bd37e0af8f1c,AR002,2026-07-30,
eb856008-5aa9-40d0-b25c-6976c8056275,AR029,2025-08-19,
a5b80b5f-3216-4191-9d03-575ed4d752b7,AR026,2026-03-04,
7db0034c-f1fc-4c9a-81d0-f7fdf15bb07f,AR027,2025-05-16,
bb721ec3-cd9e-47ec-b18a-00a955704609,AR005,2024-04-28,
d657152e-2c48-4dac-97a8-7faa1c0da7b0,AR003,2026-02-07,
2dbd6589-0709-460c-a25b-2005fba45048,AR003,2025-10-05,
76a07c7c-fcb8-459c-95b2-49d9fa56de02,AR002,2025-07-29,
7c9ad2d6-af3b-40f7-9fcc-ca4d09fe8c27,AR002,2024-09-28,
b9958fa8-7d19-486b-9e1d-b56e380a62a6,AR001,2024-04-19,
a93918ea-6107-409e-b4f9-3048ea5e8f9c,AR030,2026-06-01,
07708c58-490d-4519-a300-593ee6c54653,AR001,2025-06-24,
f31e046e-596f-4c51-af93-4ae4d51c0257,AR002,2024-11-07,
fd9d8a70-94bf-4549-84c2-f12e762b2726,AR023,2026-08-16,
ed46885b-1571-4fdd-99ea-9d5f581455ed,AR012,2024-09-21,
a97b6852-5306-44c7-abf3-001c53519e12,AR020,2026-01-25,
482e22a5-3246-428a-80e4-8aa3315ca0d0,AR014,2025-05-29,
b410ef57-028f-4537-a8ca-d16c18d2e9e1,AR025,2024-04-24,
1f760e71-80c0-4d8f-b777-51464d4d50b5,AR014,2025-02-17,
080fddf5-98b9-4af0-bf96-721573d4ba81,AR009,2024-04-15,
b4e286dd-ae9c-44dc-9d1a-3e3936b83c8e,AR018,2025-03-16,
fe80945a-850c-4917-92d1-f9faaf839fb8,AR006,2026-02-21,
2b2ed90d-e308-4d63-ba91-1d56ea244e87,AR005,2024-12-29,
2fe5d66d-fd57-4472-ac39-3f1f2a5fed8d,AR007,2025-03-06,
6b44987a-6409-4f6b-b0a1-faf9ee924f4f,AR003,2025-11-26,
aa8e2ba3-5983-4391-8f16-0e4e7ff3e421,AR021,2026-06-18,
696219bc-e516-45a5-9965-2b59c87fcf2f,AR004,2025-02-06,
1b6dde14-19b7-4115-a3f2-563db0a4cf20,AR002,2025-04-08,
e64fa927-3a8c-491c-ac08-cecbf8f034f3,AR004,2024-10-19,
8e50ca3b-299c-46e1-ac96-567b26879484,AR023,2026-05-06,
7a5cc3d4-39a2-403f-8581-a10e7bbc56df,AR005,2025-05-12,
08a5f250-e720-4839-8d13-bd8a57139e56,AR016,2024-09-10,
82d9826f-687c-4cd0-8056-0f77bf44cfa1,AR024,2024-07-09,
11840cd6-376c-41a4-9a40-0f064eeb3a30,AR001,2024-05-28,
cc75a36f-fb6c-4881-b140-9eb717e51850,AR020,2026-02-20,
9fa17835-4f01-4887-9721-597b40fee0ee,AR004,2026-03-26,
2abdaeb2-eb7e-4f8b-b7ab-82bcc050ab9d,AR003,2025-04-09,
95fc12d7-a3d5-42ed-820e-b6230cf1b373,AR017,2025-07-17,
92fff281-964f-4e25-94dd-dc2a11f7aa57,AR026,2026-02-01,
200f7718-60ff-4b26-9b51-2f996ac7b779,AR004,2026-05-27,
fd938e42-9a16-4fab-8bed-034601367846,AR011,2026-04-21,
aa2d401c-99c8-47cc-afbf-b70dcd03e7a3,AR004,2025-11-01,
b405fc79-c8d1-44e1-bdfa-fb7c60f25c55,AR010,2024-11-18,
d766fc82-435c-4264-956e-beadfe6dec22,AR013,2026-06-28,
f214eb11-8948-43e3-a9ba-6173e1862e4c,AR013,2026-05-24,
a52cb6e7-3400-403d-b98c-c512cb044b50,AR014,2026-01-05,
a9949521-29e7-4e0b-8472-ef3879c3b86c,AR002,2024-07-24,
5adda275-bd0f-472c-ae1d-f79889e529df,AR017,2024-04-14,
cd268195-ce19-4e77-8c89-f3bbae67560a,AR016,2025-08-06,
01cd17de-e621-47ec-9268-d847639b507f,AR016,2026-07-16,
b4ff1bf5-4fb6-4081-ad87-71588694bd65,AR001,2026-08-13,
707d604e-8c76-40ef-831e-a6f9edcae373,AR006,2024-08-06,
dfcbb47a-a2b8-4596-b771-a02ec6daaf76,AR006,2025-08-02,
12b98c31-3576-462a-8b48-69feb3381c18,AR002,2026-06-17,
5fb8b81d-4153-41ee-89c6-e58400d499a2,AR003,2024-08-28,
3d85eb7b-5391-4c09-8403-e816ae8f3b58,AR006,2025-05-20,
c809a474-adc6-48d9-a6d7-d0d5acd55c35,AR019,2025-10-23,
b52430e8-cfdc-40e8-ae85-585722e87e11,AR004,2025-07-26,
e6262d74-4070-47c5-913b-3f225eae6b8f,AR023,2026-02-09,
8e5e4d18-3806-4176-9df2-3a770d6d1ac4,AR010,2024-06-04,
806347d2-60b4-44a1-88ef-4627bf024553,AR020,2024-10-07,
07657689-9012-4d61-aa87-b44b7df40a24,AR007,2026-03-03,
324b15aa-c0d9-49f1-9555-17611ab4a5e9,AR008,2024-11-22,
be50dad3-0da9-4ced-9e33-ac77b657b1db,AR013,2026-03-20,
4cfc6695-05fd-496b-8047-651da0aafc82,AR027,2025-07-25,
ee93662c-bcfc-4944-9e44-8ff0fdd0dee9,AR008,2024-11-10,
63678b31-29e3-433e-b140-eb58222ae9f1,AR009,2026-07-23,
528e98f5-2169-46ff-a1fd-3431644d8940,AR013,2024-11-30,
bad8a5b7-124d-4c00-8ebb-903b043e9503,AR019,2026-02-08,
292fca21-18c3-43fd-b84b-ffd978ec3896,AR001,2024-12-23,
bf978c21-71f0-434a-a77d-81742266f1cb,AR009,2025-06-15,
fae7280f-5605-4ce3-be92-813bdfc8c613,AR007,2026-08-01,
2e89743c-17e9-4003-ad5a-ac3bdb311254,AR027,2024-10-30,
1c8ac01f-338f-4524-bfe5-32c554397744,AR008,2026-01-09,
891eefe7-4d4f-4bcb-8c1d-d3ef1d4ecaf1,AR007,2024-05-17,
22b0d03d-c4b8-4876-8860-43df064a7d58,AR029,2024-08-23,
e8e588bc-6b75-493e-be21-b77738ae2d39,AR006,2026-03-09,
4e086344-8ea1-444d-b7a3-4fcb837d2c15,AR003,2025-03-19,
db92b5fe-857e-41ba-a2c5-696eee59bd66,AR003,2025-10-13,
5b6fd112-cd45-4561-a896-d26a089abc79,AR002,2025-03-18,
4290add3-2110-4754-96c0-1be824431590,AR001,2025-04-26,
e7cf12f9-d480-46dc-b692-66b048554aa7,AR006,2025-12-09,
f566b94f-9384-4d0e-acb0-30fbd97ee8d5,AR020,2025-02-03,
12f11373-0c53-4703-81b4-fe34b60e8a93,AR019,2026-01-09,
b62333f1-b692-4049-bd5d-d2c98cab194e,AR001,2024-06-25,
c368dc49-dc7c-4b2d-8b94-5bc27425d9d2,AR011,2024-05-22,
ee04a8de-5f66-4f43-b81e-b57ccfff8225,AR002,2026-04-01,
749463e7-0e46-45a3-b7b0-8071ef5e806c,AR028,2024-11-28,
a42dcfa0-33e9-4164-ba50-cd6d1f4c1612,AR003,2024-06-06,
edbdc962-2146-4192-ac72-fd4262fe00b7,AR014,2026-05-05,
5fe58d24-bb0d-46f6-9d70-4a0df46cd916,AR005,2024-11-18,
1df7ef53-d8ea-4942-b15f-9fe45ebe2697,AR014,2024-05-30,
9f10ec9b-fb26-4408-8abd-8e2f25ff51cb,AR006,2026-02-09,
c5e4e3f9-a470-4631-a6b8-135d2763e13c,AR020,2025-04-04,
94278d17-88aa-4770-8205-14c37e18ae0c,AR003,2024-09-28,
80a885cb-adc8-46d3-9480-ed1a0dadbae1,AR026,2025-11-06,
e3563403-3791-40f9-8e13-20e97d755199,AR008,2026-01-29,
30109d48-6461-4374-af4b-01557d7e93b6,AR020,2025-09-12,
0c88283c-6e38-4bd3-ad13-5c3f3c0dfee4,AR024,2025-11-05,
7b0bc098-dde0-48ce-ad0c-f9a1a00efb85,AR030,2024-11-30,
16a9ad9e-b60e-46e0-9795-979c423b1506,AR003,2025-10-05,
ffdd199c-6003-4f5a-9933-958cf97ef6ab,AR004,2025-09-30,
dc0f6719-3866-44bb-99ca-077378f9e25b,AR004,2024-05-24,
23d5b089-8b5c-450b-9820-00887540aa19,AR004,2025-04-07,
14031de1-3a26-4f45-93c3-a86fbcbe3980,AR012,2024-06-06,
9539e7af-d09d-4016-86b7-c73ab952f8b9,AR030,2024-12-13,
d84676fb-33d9-46d4-9f76-1bcd24a7c182,AR030,2024-07-14,
cb879b09-3646-4cc3-ad2f-199085f15a90,AR009,2026-03-07,
d1484f6f-795a-4b32-8a7b-5a0c0ea77c8c,AR014,2024-05-29,
8369fe08-8313-4bf3-8fec-6ca4213f96a1,AR024,2024-05-24,
4c5d12df-6677-4583-b373-9aadea06bc8a,AR027,2026-07-19,
ce2197c2-a0b4-4e02-9e2e-b9898272876a,AR003,2025-10-18,
3ef68cd7-0d90-46f2-8b1f-7bf52c8ec943,AR009,2025-08-29,
26992f51-90f9-4071-9deb-7456af19d326,AR023,2025-08-24,
3d3d355f-c9dc-46a9-a17a-01dd76ec0d1d,AR004,2024-10-15,
e04eb05a-d29b-482c-825f-997d6e4a672d,AR006,2024-12-24,
c7a50214-d366-46f0-a4d8-e4738e5817a6,AR030,2026-02-19,
06e8d304-4d07-40de-b65b-cd05f03cb077,AR030,2025-03-12,
1b1208d9-23aa-49ab-8f1c-4d44f258a8e2,AR026,2024-04-28,
773792e5-416b-4b08-831a-d1789ec0481e,AR021,2025-08-06,
9843aa02-2d5b-49fa-a6d0-9f8e214f8412,AR004,2024-06-07,
ae50d9f8-f0cb-4f0d-9009-bf5799f45c7d,AR005,2025-02-04,
ecedf9fb-6d49-4b88-84ad-38ab1ea8e6d4,AR010,2024-06-10,
e3afe4df-a109-46a7-addc-4df64554d499,AR011,2024-06-29,
81d8ed83-cec7-4a87-a541-7f4862d0de07,AR008,2026-08-09,
da2f61d5-cc9b-414d-9f5f-11dc7e481b88,AR014,2024-09-26,
e06f8949-b794-4798-9fb4-38d874a55b14,AR006,2026-03-12,
283ec8f7-e6a4-4561-89c6-c2efc0453abb,AR019,2024-09-05,
1edb8b7f-adbb-438d-9aef-c26c7e426243,AR005,2024-09-20,
b97f473f-ab60-4d67-ac9a-9065331a3074,AR005,2026-01-11,
95801df4-f668-4555-badc-dded9e9a419f,AR002,2026-06-27,
8a4208cc-53c1-4a3b-b753-1bf05b00a03a,AR003,2025-08-24,
3dd0a9d6-1ce2-4dab-9b1e-f12de273f588,AR024,2025-12-03,
087eb84e-f57b-4adf-b369-46fdd6d23160,AR006,2025-04-29,
5e25a9af-25ca-4c12-84df-96659f13f140,AR003,2026-06-13,
513ade3b-5e53-4fb6-bd47-c342b3f6e130,AR020,2026-07-16,
f89e82dd-d7f4-4641-8df6-9eec42513f12,AR010,2025-08-08,
92333ac8-7515-4c34-80df-9c2db90d3c38,AR001,2024-10-23,
c82ce6ab-8985-46c7-a58b-f755cca1ef21,AR005,2025-11-22,
2bec6d92-6c4e-4411-a491-9d385476b3b2,AR003,2025-11-15,
10b98d01-3b1b-4b68-90a4-678b80ed6ea3,AR015,2026-04-03,
27b608d6-8606-4daa-8531-495def736d03,AR004,2025-12-21,
851bcf66-cb28-4be6-b24a-d37d8d9a1d59,AR001,2025-12-07,
cee441d3-b21e-49a9-a2b9-cc54d316a064,AR001,2026-01-10,
5269128c-ed7a-45f8-8ec4-dd8c51a8d3d6,AR012,2025-10-28,
5fca7b78-d6d1-4fa7-a6a7-9329440dcecb,AR001,2025-12-20,
147f628f-de54-4108-b7d4-29cb9fda99df,AR024,2025-01-08,
506b6178-a3ed-48ef-b2cf-12769c700b16,AR002,2025-11-02,
21f0c540-e745-4fbf-8186-1426b42e3050,AR013,2024-11-05,
a6d83756-6817-4644-b672-a4fd07825d46,AR006,2025-03-15,
9620482d-d157-4118-8438-d7e4ebd715a5,AR006,2025-02-12,
da0aab46-0448-4fd2-a5ce-f6746fea0704,AR001,2025-04-03,
aea10b1a-cfcf-45de-99e4-ad96cea1ca9c,AR022,2024-06-12,
0ef3a417-95b0-41ce-bf06-46fdd494264c,AR026,2026-01-13,
343154c4-4807-44d9-b2d6-966b88144dc9,AR001,2024-04-21,
513f5a58-e003-4be1-b4e6-b698a99fba7d,AR003,2026-02-25,
8b241177-1235-4fea-b542-0a0f80f0d38b,AR026,2026-04-25,
b2f1e963-75cb-4f64-8b6a-af130a737937,AR010,2024-09-04,
6dccd508-a291-4d66-86d1-d200b75453a2,AR002,2024-07-05,
6110157b-ec9a-4492-a40b-63acd1a7bb70,AR003,2026-06-04,
a1607e71-3bfc-4738-ae52-99715bf1ba4c,AR015,2025-03-20,
e74fb1e0-3b28-44b8-8bea-42d758686467,AR018,2025-06-03,
1aecfc75-0444-4be4-b91b-98a1baeda864,AR012,2026-02-13,
c5f0b162-d9bc-4eb5-b5e4-013111730251,AR028,2025-05-28,
bba4d993-b5db-4b18-bac4-eba4a5a276a8,AR008,2025-01-04,
5e0ae0bf-3d8c-46bb-b861-8ce339fdcbcb,AR004,2025-04-11,
1ecd6e3d-1c7f-4125-924a-9bf2c05a606c,AR007,2025-05-28,
d16aec7b-f72f-4f8c-bcf7-775c98c9d01a,AR005,2024-07-14,
880651cb-4ba9-44ad-a91d-3992e499385d,AR003,2026-02-08,
fb3d3bc8-a88b-49cc-9b24-dbdd5295c0d1,AR001,2025-02-27,
3665a327-f93f-4860-b705-c1a0fd7a4695,AR005,2025-11-21,
28ab3ee5-94db-4d72-954d-3f2a4e2f6e36,AR018,2024-04-28,
479679a9-3933-4f0a-a60c-f735d73554f8,AR001,2026-01-17,
7efaa139-fc33-4850-bdb7-503603c91f25,AR006,2024-07-26,
bc0e6fcb-a6b8-45ad-8cd8-5933c7596cd3,AR014,2025-02-20,
1108d0b9-a078-400b-b475-0d9dda9f8015,AR013,2026-02-18,
6fce7243-6237-4327-b40a-c4b88977a305,AR020,2024-11-01,
07f45b05-b51b-43e9-a79a-9ec3e6c541b5,AR022,2026-01-26,
8cf4fd39-ff05-4e2e-b48f-52fd20d41fcc,AR018,2026-01-07,
df81ac79-9d4a-401e-80a5-714591b0ce8c,AR002,2025-10-28,
00861632-3504-413d-acbc-07cd6f9f8eb2,AR007,2025-01-07,
9f171440-bf20-49de-ac29-19e84cb86367,AR013,2025-09-17,
782ebfa2-b456-4232-adff-d0668e033e82,AR004,2025-04-15,
be00c251-5be6-4912-9c78-996e74a92004,AR001,2025-04-29,
aed4c5d7-5700-4f26-9bff-dcae65ac5f1e,AR003,2026-03-05,
a1e802e0-0a4c-44d0-a597-0ac4352c549c,AR006,2026-02-02,
72f4d860-65a3-4562-bfb5-2d803b267940,AR006,2025-11-30,
6da71c44-cff7-4ecf-a318-8d77a5fe5315,AR003,2026-02-11,
625891f5-90ee-44fb-9c95-b8002f1a206a,AR023,2024-06-15,
6cf82236-9a85-4aee-9363-49e0247722ac,AR027,2025-09-26,
cab84cab-01aa-44d6-87ac-904544a82f7b,AR003,2025-09-05,
c8be0505-c773-476e-b47e-0ef4e69377d9,AR027,2025-01-16,
cd02ab27-347e-410d-ac01-94692c98e00c,AR001,2024-10-07,
07b73d45-4277-4f7a-8c0a-773a94a32452,AR027,2025-01-02,
db4530c7-ede0-4a1d-b15d-d98f6d70c3d0,AR028,2025-05-01,
7d79322d-4045-430f-9de8-d2fce693a332,AR001,2024-04-26,
d1c7f04a-b1ad-4690-a6f2-a230b1478cfd,AR020,2024-07-02,
a6e85efd-3429-41e9-bfba-7622f8735a9b,AR029,2026-02-28,
f7046ce1-1b7e-4c23-8e2a-dc282af53b04,AR026,2026-04-06,
ed0266be-d380-478f-8405-4680627f9d60,AR029,2025-09-16,
25f3bf85-dd93-4c26-8ea1-8147dac5eb9d,AR010,2024-08-27,
2d1470cc-2df3-4d3f-b54b-f56fe3f770ea,AR002,2024-05-06,
7a0304fc-af74-4dfe-a58c-d22cc8e1579c,AR024,2024-12-20,
ae9f2e84-2ee3-407a-bb52-d52a891bd9e2,AR013,2024-12-31,
c4e39d23-6149-4749-8681-68010b96fb89,AR013,2026-02-01,
af6922f2-f724-41cf-ab0c-84d96d245f12,AR006,2025-03-26,
4da04d73-b335-450a-984b-0dce2d07e301,AR011,2026-03-16,
04b77ba3-cf9c-4afd-b562-613cc769d0d0,AR002,2025-05-11,
bec77842-59b3-4208-af9e-2d1f5fea2211,AR019,2026-03-08,
58343c11-cdac-4bf4-8dd0-221c9f4784b7,AR001,2026-06-19,
0837e23d-50b0-47d1-a69a-f1c0ba2727ce,AR018,2024-05-04,
1ef09218-f186-4fc9-afc5-fd29364e3502,AR024,2024-07-07,
23ab2d10-c96e-4e37-b867-d4df5ca39087,AR007,2025-01-04,
2a8eaf77-829e-48fe-b7f8-173d6538721a,AR008,2025-02-25,
e4e1aa08-317c-4f01-9024-0fce73cdaf23,AR005,2026-01-27,
348da878-3b78-4705-b65d-5b145ce96a73,AR029,2025-04-13,
9be0549b-f9b7-4cd4-98e5-b4b0df20a423,AR018,2024-11-11,
059dc0f0-467c-4aae-acb3-ea1898b966f1,AR005,2025-05-11,
91214e4c-b923-442c-9e27-9213cfe7202d,AR003,2025-12-21,
c0a0667a-7b72-4363-ad56-470a1ec9b164,AR003,2025-09-17,
408ceaae-dd3b-4eea-81fc-7793d30a30dd,AR006,2024-08-22,
e9183fb2-e034-4d6b-98fe-bfaceb31bcbc,AR028,2026-01-14,
e08dac51-a155-42fb-ac7c-12250990e8c4,AR019,2024-05-09,
cc37d2ee-1d4e-4eec-82da-4307971c2dd9,AR003,2024-11-04,
e9324154-09de-4ad8-acaa-a8d10aaf00de,AR024,2024-07-10,
2d43d1a0-918c-418b-8e30-5d641d5faec7,AR005,2025-06-06,
19784300-7ea2-42bf-8a25-c890b9e6ca37,AR024,2026-02-10,
1907f09b-0f3e-4714-ba6e-5fdf3181c2fe,AR004,2026-07-25,
df4fd827-51d6-486a-ab8b-7b3edc8c8e38,AR013,2025-05-15,
817d2d40-c546-4ff1-afa1-a3de436af5b5,AR027,2025-09-10,
e061f0bd-e5cb-4594-a9e7-951dcdc32839,AR004,2026-05-17,
dcfed403-922b-4415-b72d-250cdc77edd8,AR017,2024-06-07,
3e6c63a9-3b8a-4986-84f2-070b9dd20614,AR030,2024-05-01,
ea5152ef-b897-4f7a-ab8f-d017379343c9,AR002,2025-10-02,
02324d71-2861-4647-930e-55fc56a81541,AR002,2025-01-19,
b167e45f-2889-4b77-a098-43a0e77508f8,AR016,2025-08-29,
5f375660-8b4a-40b2-b1e6-050fe088f33c,AR005,2025-06-17,
4f6a9938-ade7-4999-8546-c4b8083a8290,AR001,2025-02-27,
b1108b76-1538-43c8-8465-2d6a8a0788cd,AR007,2025-08-26,
53e14beb-3150-4097-913a-298f0c2138fe,AR019,2024-09-25,
04cc1554-4304-40a6-8a9a-4ee10ddb64a4,AR004,2026-03-12,
f14b708d-ff45-42db-a622-6cd6eecb93c5,AR005,2025-01-19,
7fcfb56b-a207-4e4e-b62a-cc4c2b43f1cf,AR024,2024-04-20,
e83028b6-f182-4219-8a4e-97e5adf669a0,AR009,2024-08-14,
41bf9494-02ea-4170-8802-dad447e520e9,AR023,2026-07-15,
66c3b9c2-e8f4-4125-be14-44ea46885a6a,AR006,2026-05-16,
ade0331b-bb17-418f-aa9b-1e0d2b664847,AR028,2025-02-23,
0f518854-9f8d-43fc-96f7-0700e4c9867c,AR015,2024-06-10,
e88dc23f-9b26-4699-b0f1-4f1a217fe166,AR002,2024-08-19,
aa48d8fc-d7c0-49b6-a67b-e73721bd114c,AR025,2024-06-28,
264ca1f3-1e5b-43d3-ba29-ffda5eb7e2c1,AR008,2026-04-15,
2ee5cc59-f053-46f3-a7f2-f675e6930386,AR002,2025-05-29,
dd64969f-7095-43cc-aa62-906d2bd0de9c,AR002,2024-11-30,
7a3f6786-8b61-47f5-b8a2-1857db17af4f,AR016,2025-02-26,
8ad8b7a6-b19d-4fe7-a149-3b19d6deab62,AR001,2024-10-16,
46080282-dc41-4139-bef4-780c06427ab2,AR004,2026-02-19,
cb1b303a-dd8a-49d2-b7df-13c0d42a6337,AR002,2025-07-22,
bcce348c-7d7d-4158-9cbc-5ffb463af90a,AR006,2025-07-30,
0d3e079e-aff2-40c2-88fd-925fb00e216d,AR006,2024-05-28,
8128ba88-124a-4885-ba92-39da937e5e47,AR009,2026-02-28,
ee2b4e0f-25ff-4527-bf1c-0a2ded8d6dd2,AR004,2025-11-13,
1a7446c7-6748-4e6a-b4b3-b346e42ef703,AR001,2026-08-04,
9d6ee6c7-3d3c-4c16-90da-65eb39513965,AR013,2026-04-13,
5a790380-c382-4cab-902c-efa2b93bf387,AR005,2024-04-22,
8cf9d5d0-a21e-4070-9b2c-dc60be40edf9,AR015,2024-08-16,
6bc494f0-4fdf-4063-ad1f-538b40186dc5,AR002,2026-01-10,
66809958-70dd-48e9-ae01-7dc1bfb4e862,AR001,2024-12-21,
2ec0412c-dcf8-458d-ba49-adcae9f6a5c3,AR004,2025-03-25,
2535a7eb-b61e-4387-af27-e632fd0833b1,AR006,2024-06-26,
dce45c5a-79c6-40c3-8024-9f1e54e0497b,AR006,2025-12-05,
0874fc4b-639d-4713-b913-a5e2fc9fd352,AR022,2024-04-10,
059a6cc7-8f6f-4dfc-9cc2-39d5b333b9ef,AR005,2025-10-05,
12b3a7d5-4802-49ac-80e9-f0e02aeeae3b,AR009,2024-12-08,
77e69442-5724-4639-816e-7b4e2c4cf2dd,AR012,2025-09-11,
a46b30dd-71bf-49c5-928c-68345a8c7921,AR001,2025-01-16,
b616f398-0ce7-480b-a236-cb416b92957d,AR009,2025-11-05,
e108865a-1649-443a-97e4-29f5fcff7ea3,AR005,2024-08-20,
fa845ad4-8c7a-4b3e-a407-c1e79736e45b,AR006,2025-02-15,
53394acf-d53e-42c5-915f-99186f8592d8,AR002,2025-12-15,
2da02202-ccdb-4b81-8bdd-75fcae738421,AR021,2024-05-09,
f6cba4b1-042f-426f-ad15-649902ab88c9,AR028,2024-12-15,
191b04d8-0805-4d95-9a59-ffaedad13f89,AR001,2025-08-16,
d9fed309-0806-4c54-b9db-d2b240a7af4c,AR013,2026-04-27,
e1b69a6b-8182-44c6-ac5c-ed30aa667097,AR020,2024-04-29,
fd5bf2dc-62fd-4361-9be3-90216fbd3d67,AR004,2024-11-05,
b867e1fe-4d61-45ae-9c54-db27c2dd8ff7,AR021,2025-01-20,
60387c38-8a5d-4843-893a-8b0a055bd4ec,AR014,2024-08-29,
85841b6a-fc08-4c1c-865a-8cef4e9651c8,AR027,2025-03-13,
3e392fda-f67a-4e6c-a353-46f575675d64,AR030,2026-02-03,
8a1a0367-9b56-447e-8f00-7275e8072d73,AR001,2026-01-29,
87e311e8-2505-486b-9e59-96d5f7261b8a,AR006,2026-06-16,
7ae8aeee-a485-45a7-92cb-19ccc02d2804,AR010,2026-06-30,
bd5bd9d3-c7e5-4e82-a645-090787183ad8,AR002,2024-11-28,
8ccc7326-b0da-4581-9d29-b9ce273367f0,AR005,2024-08-12,
f2c61770-fc44-4de7-921e-0b80742fe269,AR030,2026-04-03,
0097f600-f8d4-42ae-9e08-44f6ba54e7cf,AR001,2025-04-11,
d0a4d309-34f1-4683-8cf6-ec3058f55bd4,AR006,2026-05-08,
cfb7a05f-083a-438a-b6f7-dc64b3cf85be,AR023,2025-08-28,
9549da99-b3e8-4fcf-84f9-565e1291fdb6,AR005,2024-10-05,
6198fd1c-8f4f-4927-9963-96aa116586e4,AR007,2024-09-16,
bd947da4-4146-4545-adea-5d319fa8fb3d,AR030,2024-05-20,
242884de-ad1f-41b8-a967-9adf5ab1eb96,AR007,2025-11-26,
782fef71-ece3-462b-b877-27fc7d7a7450,AR002,2024-05-20,
6f5e4fe8-2bbc-4098-b3bd-8c5b04beea55,AR001,2024-10-11,
d64e385e-c932-448a-bcd2-d9cd33089b95,AR028,2025-11-02,
56bb9f9f-388b-4689-821c-f56ac166d263,AR004,2025-11-11,
e433561e-40f2-42f3-b33c-aaa031527fef,AR008,2026-05-22,
f5ea7db3-d69e-44f9-a898-2494027d7ea9,AR002,2024-06-13,
63b0daf2-3d43-4fe2-acf6-b84feec8f3bf,AR006,2026-02-28,
8bc87003-cd3d-4e61-a1fc-045d0f00c32d,AR027,2026-01-02,
d55a9398-454e-42d3-b9e9-ca51e9b010d4,AR008,2025-08-29,
f567f4ae-8c74-4213-a488-a9d6402148df,AR029,2026-04-26,
75f04a18-4ba9-487e-84d4-e9e39e032189,AR004,2024-09-21,
2d876474-3857-4ba7-b66e-8295fb2f99af,AR008,2024-12-24,
1e46f810-f80c-4229-b10a-be17766b436b,AR024,2026-04-09,
a247a0bc-fc51-4fe1-bb9b-5c49049c55b1,AR006,2026-04-04,
c4b2d0a1-17dc-44d0-b0a2-337ca258a1f7,AR004,2026-08-04,
d905d0f4-5b07-40b7-8445-a1f0d6091b71,AR024,2024-05-20,
d0946749-08ca-4fb7-b9a9-b934fa98a25d,AR006,2025-08-09,
f7271c1a-6497-4397-adeb-7531b23d687b,AR009,2025-01-30,
27c96b11-12d5-4ca6-ad64-3aa3ef33ba1e,AR029,2026-04-15,
33924d10-1d74-4ed3-a804-9f878af548ec,AR003,2026-02-04,
1d5ee0b9-3cc7-48c1-a730-516d811d39b2,AR004,2025-05-09,
a51dbb36-b306-4115-a534-9595a7317b4f,AR001,2026-02-23,
dd7390ec-153f-4f01-bbba-6b49022d32a0,AR006,2025-03-08,
919f1cfb-0bc3-40c3-99b8-0f3de1ca6c6f,AR003,2024-06-11,
7ff0384c-d0c4-47ab-91b0-8396855f3fca,AR016,2025-12-01,
a81ad586-9697-42d7-b412-f1833b57c523,AR003,2025-03-13,
61af4804-1c2c-4909-b5dd-482f123126d1,AR016,2024-06-18,
7e23a2b1-1e96-4ee8-a13f-c81fc39d3b18,AR004,2024-07-07,
2253ce48-4fae-4910-bf3b-9d8432d8b97f,AR005,2026-08-17,
159b771b-621f-4ec8-8efe-f6ae80989332,AR005,2026-05-20,
44669bad-ca3c-4e16-a8d9-b8dab48aaaee,AR018,2024-04-18,
e82bfa40-8fa1-474f-9fdc-63d1b19ac1d4,AR006,2024-06-09,
18f463e6-042a-436b-a0b7-b1a9ba3b8ba6,AR005,2025-11-16,
5859c2c1-a275-49a5-bfcf-8708fe730877,AR024,2025-05-28,
aaae9f6b-6ae2-410c-866d-0bc824985944,AR011,2025-04-12,
bf1b0e31-b6e9-4ae0-92d2-07d2a7d32692,AR003,2025-01-19,
51c0bdc7-6400-4790-ac7c-6c07ec0e8a87,AR026,2024-11-09,
693c5127-78d5-4cb0-93ab-f8c013e1dc1b,AR005,2025-10-03,
884e0456-1319-4f2e-a9a9-5efc6572d254,AR001,2024-07-10,
4dc7c6a2-fbcf-46f8-b267-b70528542c37,AR008,2026-07-03,
eb3cb9fe-6364-4bb7-befb-f3ce82e80d6a,AR002,2026-07-26,
586a4aa9-6230-4970-a087-a3d89b0ad397,AR004,2024-05-12,
9b020b85-b1aa-4ed8-b80c-c918464f02e3,AR019,2026-03-22,
4599c77d-e3c2-4daf-ad23-285ef57b952f,AR002,2024-04-10,
ab7e2910-6ca1-4a5f-91e1-1c1c09f5ccaa,AR022,2025-12-18,
cd086242-e7b9-463d-abbb-1e39c51ff329,AR028,2025-10-10,
4a002765-b14c-442f-baa5-a4fd2395da0e,AR013,2026-07-30,
9a366211-19c0-41cc-a3c0-2391ff663392,AR017,2024-05-24,
a4f28300-c094-47cf-b07e-437ea4f810f6,AR018,2025-10-15,
1e640eb8-8576-4c18-9987-16bb565e22e1,AR030,2026-03-31,
0fa194ea-270a-489c-b4e2-2d0e228c42d2,AR005,2025-06-29,
18698b35-7915-4fda-bb2f-3631b62a9e34,AR003,2026-04-11,
06b39a0c-105e-4cdc-9fd5-62b97ef15438,AR009,2024-10-05,
8b09d858-1721-4f22-834a-344be2fee4e0,AR009,2026-06-21,
79a5d0e4-eb26-4530-8bf4-ad35a9cc53a6,AR003,2025-06-15,
74c6dade-7652-431d-ab04-a1cd3f64a780,AR013,2025-09-17,
48c65f35-4b3f-48f7-bf75-5c13a7cec986,AR001,2026-07-22,
8e08c230-ac20-46bb-b8d2-35ecd2460961,AR027,2026-07-09,
8a4fa1d8-3085-4014-8c90-17fd40a228dd,AR004,2025-05-29,
171b007e-7934-4d4e-9c71-625953a99bac,AR001,2025-09-14,
087348a2-eed2-47c8-9149-7822757fbc70,AR002,2026-05-03,
b6cfcb1f-dd59-47b7-81fb-9c84b5e32283,AR004,2026-04-25,
ed0583de-00a5-42d3-91c0-78d70f5b8e0c,AR004,2024-09-22,
5d5f2885-2bcd-4b2b-9730-af82d078d6bf,AR001,2024-11-26,
abd8f3b6-663b-4d2b-8107-19800e5d7f68,AR004,2025-03-13,
dc2d130e-94d6-44eb-ba16-2d98b8308b30,AR003,2024-08-28,
ba175e40-d5c4-4aa4-858e-9b90f5c6eea0,AR005,2026-06-24,
169c815a-bcf3-4090-860c-0c88a8da141f,AR005,2025-01-02,
6f42e4c4-bc4a-4f9c-8865-30a9eeaae7fd,AR005,2024-11-07,
d7b9e875-dfca-474d-9843-fa34a4f6f5b7,AR005,2026-03-02,
2ca91a6c-0146-4dd2-8259-23529010547c,AR002,2025-05-14,
50b652bc-7758-483b-a8cb-04f1a37b678b,AR001,2024-10-25,
da8ccb62-3f82-41f8-ad85-851e0903c174,AR003,2025-03-16,
59d0eb4d-f5e4-4b01-8f14-c0335b93bf7a,AR020,2026-01-18,
3c650d65-7f3e-4508-9199-79da8409138f,AR030,2025-01-22,
ccb9581b-3369-47d3-9998-06bf7cbdd645,AR027,2024-11-01,
dad64f73-4888-4f63-9caa-5f1c4b396e5c,AR008,2026-08-15,
1b124246-f470-4d89-926f-bc8158b1c04f,AR009,2025-04-17,
223f04e7-79c8-4ba9-bdd3-8f8114aecd95,AR005,2025-06-10,
1d4e455b-06e7-4ee3-860f-7f2337cc057c,AR020,2025-10-08,
8a78e886-f42f-4fa5-9240-67d24a86f346,AR020,2026-07-16,
20e35605-a913-40be-947a-2d4b30552b62,AR023,2026-06-12,
29ea2336-dd7e-49ee-b998-47ff2aefeeb9,AR026,2024-11-09,
04d588a9-7d5e-4f1a-9807-4881690df865,AR006,2024-09-03,
361660ac-3555-4911-ae4c-bd9d4935530a,AR020,2025-08-24,
5e980cf2-2e45-4250-99bc-9133ba1b7a8b,AR022,2024-05-28,
8da0b4d7-d09d-4fd6-8ee2-3975d470c296,AR004,2024-06-07,
4cee32b5-a4a4-4ebb-9a71-b8ae58c24e86,AR027,2025-01-21,
77f8a719-1abb-4ba6-9918-6b734db5230b,AR002,2025-04-05,
7855c362-657b-4b1c-9c73-5c1f47c15c42,AR030,2024-05-06,
c5930a3a-3459-4473-bad6-faa2d28fb603,AR020,2025-03-11,
475bf2c2-42b8-413a-b060-8200e74975e0,AR002,2024-06-02,
f6a0da99-7dde-4342-bbc6-5acfee9d36b2,AR015,2024-04-24,
225bba59-2191-454a-83fe-0ac33584d785,AR001,2026-03-07,
29b9e658-09b8-4c3e-b63c-d76bd7cc2d19,AR020,2025-01-26,
b766ff66-9862-4d2c-9bcd-11277d33c00c,AR021,2024-11-25,
b17ad839-3459-4ab6-a65c-defc751cfa12,AR013,2024-09-09,
c9efc812-3a5f-4b08-823f-4bc62dec5205,AR024,2025-10-24,
70b07874-eb44-4be0-b836-b56ad36a12fb,AR002,2024-08-04,
00d34f7e-c438-4fff-a5c8-c19dd1fb5eb7,AR004,2025-06-25,
7fa4d560-f256-47ca-83b5-ad97fbdae69d,AR006,2025-09-21,
f38f416e-b76f-4a91-a88d-91939780efae,AR001,2026-04-09,
c8922b03-2eed-4b71-a290-cd75c32b03c4,AR006,2025-11-17,
afd87ddf-8f4f-49cc-956c-02e456345a78,AR004,2024-04-27,
57d5ab20-0873-4c18-a22e-71d615894acc,AR006,2024-12-08,
4d3548e0-8030-4ff2-9c35-5af23364aad9,AR006,2024-11-30,
51483017-7e78-4046-8004-487e79271c7a,AR025,2024-07-05,
9499c470-15ca-4d78-b8ee-b28681f1f12a,AR004,2026-01-03,
ed6493d0-0d24-4040-aaae-3fedefd061c1,AR026,2025-01-25,
c4e271e1-742c-4314-b7a5-81002ac60d79,AR006,2025-10-04,
a8ec5201-f22d-468c-a6bd-47a77ff66711,AR005,2024-08-16,
0d29d786-017d-4085-b007-9b79e4fa7789,AR008,2025-08-21,
ed867184-48cd-4385-baf5-77e24c7856f1,AR006,2024-08-10,
9eaa986e-a86b-4e4b-b1d0-205b36273463,AR004,2024-11-11,
2a9d7bd4-d4c1-44ef-8b39-e5e282fb69dc,AR008,2024-10-21,
ae20e001-3d22-4bc2-902e-234975cd433f,AR002,2024-06-09,
6ba2f9a7-1065-445c-80de-355b126c8180,AR005,2024-10-05,
7fa26f1c-7090-4bb3-9044-d56115699fb7,AR011,2025-11-17,
9c2ac275-3964-491a-bb54-6c00c8a5cd41,AR006,2025-05-27,
65f092ce-d55c-4183-b975-937901367b7b,AR023,2025-07-08,
41c46e5a-4ccd-4a87-bd54-eca90a4f90e5,AR004,2026-06-28,
30c2bbfb-624f-4e66-a1f4-2dbc0d66da90,AR029,2025-03-25,
4c9217e5-6047-4f7e-a358-0d1c9677c249,AR021,2025-08-08,
76f04f1e-7087-4304-b600-474a22697791,AR029,2025-09-15,
c113739b-39e6-4e39-8703-ca8f3c06a818,AR023,2026-05-20,
ee144cb6-cd1c-4a7c-a67a-40f7963d77af,AR002,2025-06-11,
290c27d3-81a1-4275-a0c5-63baf6d32437,AR009,2025-04-07,
1dcc8203-bfa6-4218-b584-655544fad5b1,AR003,2026-05-24,
1bf47dc5-d5d0-496d-8ed3-b2584a0bb7c2,AR022,2025-02-17,
16ce6abf-f514-436a-adbb-8d8619eeddc8,AR012,2026-03-31,
740024e0-ebf1-4920-b682-e3815bfae6e8,AR004,2026-04-19,
a21e1ee0-1587-4a40-b57a-9d3c6654b8fb,AR027,2025-09-09,
f35cbc5f-b2c0-409a-bfee-96e740b39354,AR002,2025-09-19,
b2b20ba7-14a5-4529-af63-7a6b8ac44e71,AR011,2024-06-19,
57153ae4-e8d5-4d76-bb84-ffd32fba8510,AR018,2026-06-26,
fc6f9f24-4025-4c70-b1e2-d8086bccf57e,AR001,2025-10-24,
a5d93c63-c6f3-4e40-a2ac-b7564f527eb9,AR012,2024-11-22,
25186d19-cf50-41c1-854e-1f100308fc84,AR022,2026-01-18,
a61bbec1-bc86-4a78-afa3-e75816848407,AR001,2024-04-22,
0d3e2ca3-df6a-4f48-898b-8ccf2aadb7a1,AR009,2024-11-15,
f0b4ab74-a8b7-4d74-8540-cc332d97fae8,AR004,2024-05-22,
48fc8781-8755-4790-aa0f-ca33ccec213b,AR015,2024-05-20,
afc1d054-6321-479a-bef7-7f554998761e,AR002,2026-05-21,
cf90a713-5c88-4a27-a6df-5bc2368cbe60,AR028,2025-07-20,
3c324400-37d1-49d0-b8fe-6743fd73ec48,AR026,2024-11-14,
37ce8a08-2b6f-48e9-b1e3-45741f944091,AR003,2026-08-16,
e3dc3c21-c4da-482c-a382-c5e0e6de5d7a,AR005,2025-07-26,
483a06e1-f644-485c-bb6c-724aae031cb2,AR012,2025-01-02,
24e89dae-23b9-4bb1-a1d1-3b97c675fe19,AR018,2024-10-03,
3d1b01fd-ff08-48ae-ab4f-8a23a5640f05,AR006,2025-08-27,
99d618b7-67c6-402c-bcfa-d8907c59480f,AR003,2024-08-03,
0680ba9d-95e5-4d3d-a94d-1bc27ce3bb02,AR002,2025-01-14,
8bd44f41-a6cc-4483-9563-3728282a4a92,AR030,2026-07-15,
e3eafc71-e4cb-4a1a-8ca0-caf2355665dd,AR006,2025-12-25,
7fb4cf43-fe45-4d97-9404-7323d895fa61,AR025,2024-05-30,
53798b20-91a4-47a2-9ca1-c821cfb6debc,AR007,2026-08-21,
871d1cb5-f476-4070-839a-d7e324c02dde,AR027,2026-05-22,
03d4ea20-ce50-492a-96c7-c23736e1b93a,AR002,2025-10-28,
6b109544-ec0f-42c0-b94e-39963e522ffe,AR002,2024-04-11,
9c5daa6c-f0c7-4ad2-89e8-cf2bcc14a28b,AR027,2024-12-18,
ecf02240-a01f-44d9-9e40-aec223028363,AR028,2026-04-17,
3d3e47bb-4e4c-4edb-bc4b-93a9dc2d6057,AR005,2025-09-15,
290d0084-f96a-4e78-8a65-82d600b4269a,AR005,2024-05-28,
61c3cb6d-ae38-461f-80e3-4d9b51b5c360,AR006,2026-02-14,
67957339-9ed1-4f86-8aae-1d13633b4872,AR006,2025-04-10,
c26f042c-4636-4d07-a8c8-b8138aff202b,AR003,2025-07-16,
1f76f3bb-91e3-43e9-b71e-b654e6cadb89,AR026,2024-10-31,
d6971829-dcf7-45b2-88ce-2af0957c9252,AR004,2024-11-07,
fe0ca7c3-7644-405e-b46a-a74041bfa4ef,AR017,2024-08-29,
8e6e3329-3dff-4bb5-ad88-841fafa48233,AR001,2026-05-12,
7d27f327-f10f-4d08-bfa2-8959acbb8fd7,AR001,2025-07-25,
a55bf0ce-0e65-4bc7-a532-5b2986e3454f,AR015,2024-12-30,
7f7a1a83-9e56-411b-b195-1fcb8a819baa,AR005,2025-08-24,
f3da92af-2027-4ed5-9e27-250c81db8f6d,AR015,2025-01-20,
96e00e84-acd4-4b71-9ab2-7b1426c80a84,AR002,2025-02-16,
f405352c-6a75-4854-978e-217f93ea6498,AR028,2025-10-05,
3b741d01-c91c-4cbd-a6fa-f062cd2c11a4,AR019,2026-05-28,
981b84d6-5ba1-4195-bcbf-ea2602cacc68,AR025,2024-05-01,
3e9c1029-56c1-4fae-8637-7b0f94c693e9,AR002,2024-09-04,
9c579323-d286-41d5-bf2f-eaf85e12ad87,AR005,2024-07-06,
a33fa7c9-99b9-4cee-ab6f-4956ad57490d,AR005,2025-12-06,
a97f0468-341a-4d64-8034-1d468cbec77f,AR010,2025-11-21,
53abef57-e7a6-4c47-aa7e-405a4d0a2703,AR004,2025-11-15,
82b6a454-b9bd-4450-93af-0395ead9675d,AR001,2026-07-27,
4977b9a0-461d-447e-aeb3-9e708fe76213,AR005,2026-03-29,
a286e13e-f229-4bb1-ac1e-1f588d733641,AR004,2025-11-28,
4e00f555-11c2-4707-9d9f-0c4de7b7e6c4,AR005,2024-04-16,
c433272b-542d-4439-ba88-17d74d035061,AR003,2026-02-26,
a439467c-94ec-4f5c-bd57-2a20456fe78f,AR004,2025-06-08,
b87aed2b-278e-4c0a-9856-4564ba4f42eb,AR014,2025-05-04,
cea1ddbb-9ef0-4212-9c44-232884a69cb2,AR005,2025-10-14,
769d8b0c-670b-43fd-b352-79102c5e4f55,AR005,2024-06-15,
41b2c303-1c01-4801-8ef0-ac844d5d3be9,AR010,2026-06-03,
d99ef4c3-8ef0-498a-9a89-ced9950fcf74,AR020,2024-07-27,
0c1b5499-1b7f-4b18-aa17-29612413869c,AR005,2024-11-14,
21f09019-4c2c-4c2d-a0ff-98a51730668b,AR012,2025-11-30,
f0505958-5cbd-4e55-a216-71366db29557,AR029,2024-10-25,
9d594462-5ce2-4b7e-8d60-a43905d53910,AR009,2025-08-16,
08e85ab3-2cb7-4666-8a9e-e89e11b9a789,AR026,2024-05-01,
a667e680-40ab-4152-9bb3-db1b978ce174,AR021,2026-07-23,
65e5f024-a287-4e8e-958b-f19706394fe4,AR001,2026-07-29,
b77aaa21-bbdd-458a-9b1a-8c4c75326919,AR006,2025-05-07,
2af721bd-4366-4f41-8b90-a2846e33e768,AR017,2024-06-04,
1d4b9bca-18fd-4c61-bb8f-aee04977d757,AR030,2026-06-29,
66009716-9acc-43bd-b6bc-d0057fcd2a2f,AR006,2024-10-16,
159180f7-099e-46f1-b7c2-8b137c4f961d,AR002,2024-05-29,
ad25b414-9440-41ca-b35b-dddd77c0595d,AR011,2025-06-26,
8ca3238f-86e7-4da6-ae95-52a064920758,AR002,2024-07-30,
f909585b-f688-421a-b2c8-59a914b591dd,AR019,2024-11-03,
c1fd49ae-4924-4ae4-b428-56528614a46c,AR008,2026-02-18,
75bfb252-ea7d-45cf-81d5-818e3fe62526,AR018,2024-08-10,
d1a1b8dc-ded8-421a-806a-a9b6834a6346,AR025,2024-12-23,
1d28a6ed-9e69-439d-983a-b5b6a2ba0ea5,AR014,2026-08-13,
af029e35-483f-4da1-9408-9dbac2599f88,AR013,2025-04-16,
3d2c5232-7fe2-4147-a6e6-e1946121ba12,AR019,2025-01-31,
733f5570-9e36-400e-bfb0-62b3e3fb9ba3,AR023,2024-09-25,
b551eb07-7061-41be-a946-35d42c831acf,AR025,2024-10-21,
6c1e1b8d-ad5b-4212-868c-0cc675c0def0,AR001,2025-07-06,
442170f0-3b68-4003-a0af-dd238cc9fa41,AR011,2025-12-06,
eec6ecba-9b8e-4142-a3db-8a8703791068,AR003,2026-03-10,
484fe090-6cb4-4af5-a01c-18b6fe4db67d,AR024,2026-06-07,
a16b480d-4349-4f77-be6e-1291235cfb36,AR015,2025-02-13,
9ccb51c5-c815-449b-9c5b-643c1ebae39a,AR006,2024-05-10,
000bb2bb-5276-4a69-93e4-51a5986ac957,AR003,2026-06-15,
eb6205e6-77ba-4a1c-9039-9056501104cb,AR005,2024-12-20,
b854b896-914d-47bd-b4b7-77b3873ae7d5,AR017,2025-04-02,
8fce6628-52f0-4186-84d7-08bf6e474132,AR003,2026-03-27,
2bd1070a-51ea-4c0a-a8ca-d74c78790b3f,AR002,2026-02-19,
531111df-7c77-4079-afe3-6b85acbd6f0b,AR025,2025-12-19,
5d0b57db-0fd6-4394-ba53-2cdde0eb7dae,AR020,2025-01-05,
93f38daf-0667-4c3d-acbd-4eb49a509b1b,AR003,2025-12-07,
9d4c9c05-b2bf-4b15-8ed4-4425b70a9bbb,AR004,2024-09-02,
6db39888-3850-4f3d-999f-7cc2cbfccc37,AR029,2025-10-06,
588831f8-33e5-4664-bb90-40b96d58cc45,AR017,2026-05-20,
0e1477ac-6518-43e1-8193-009a9c4f9d83,AR013,2026-06-01,
5644e998-e83c-44d4-93b4-c25da5c1fbef,AR004,2025-09-09,
6adc0716-0f75-4f00-8677-c0b0dad47d49,AR004,2025-09-03,
df84809b-8055-4b16-9f4e-8a3b974be9ef,AR001,2024-11-23,
f10b7781-6e4a-4e19-99c9-fc0f04ae1137,AR018,2025-07-03,
cd86576d-0692-401e-9f71-bfcd88e21b7b,AR001,2026-04-03,
3d11e634-f191-4060-bd5f-9f4a7006aabc,AR001,2026-02-19,
b3fe9cc7-50ab-4aef-aa0e-8d6afb939a98,AR018,2025-04-18,
a7331ae1-2b01-4fa9-beec-9636fde1b746,AR028,2025-11-06,
1558ed51-4be4-4b8a-afba-0921a91440ab,AR020,2025-01-16,
efd368d2-5426-4e6f-943c-a6210aac50ae,AR007,2024-06-11,
6cbe3780-562f-4369-9056-40ee902478c2,AR007,2025-10-19,
23bdb237-aba0-43cf-b635-6f1d839b4cd4,AR006,2025-04-30,
1b155e6b-5bfa-430b-8f87-b30c344d77ec,AR005,2024-08-30,
e0997814-d638-45da-9e2b-0c51d9703f83,AR009,2026-02-21,
9daeac61-48a3-4971-9c19-e81ae4938abf,AR006,2025-06-05,
e6288ee3-0fd3-4253-8993-b4c2a63dc2b7,AR012,2025-12-01,
00d06178-26d9-46fe-aff9-83a3fa57e458,AR026,2025-02-24,
25640ae6-ada5-44c8-a23e-f558b1166430,AR030,2024-11-15,
ba0773e4-be40-43d4-847f-622ed16f1ce3,AR002,2026-04-23,
43810754-c18e-44fe-9d9a-4c026c46be1d,AR005,2026-03-13,
e518282b-0004-4ea5-be8b-24d327aa9b59,AR003,2026-08-03,
f60909e9-6525-4aad-8e47-839e8373ede3,AR005,2026-08-13,
d0664507-97bf-492e-8c91-f98c948a1413,AR004,2026-07-10,
5a2dec26-a817-48ea-8a07-1c5eac061413,AR003,2024-12-17,
29f0e749-9d26-4bdb-b174-b0fec4267f22,AR020,2024-06-28,
80b2918e-45c0-4cff-8ec1-82e358d093d3,AR008,2025-09-01,
801e5160-1938-4f9e-bd9e-ad95e0a2bb74,AR027,2024-07-17,
8d0e96dc-ad9b-437b-b859-e5d7e202ee97,AR001,2024-11-27,
f0acb827-9d9e-4b3b-abdb-51258986391e,AR001,2024-09-20,
11918972-ade4-4622-a8a7-924115474464,AR006,2024-11-18,
5a80a92b-eb9b-4f15-9c35-3078f137e07a,AR002,2026-03-03,
51a26e15-1e24-48fa-826c-54e2b12be448,AR004,2025-05-25,
33afe81f-8ae7-4173-8b86-2af77788c583,AR030,2025-05-23,
6a825bf3-2af5-4c64-a298-112612691cd9,AR003,2025-02-11,
3344fa84-842f-49cf-8269-9a2483f0be86,AR003,2024-09-30,
86125ab8-a16c-44b6-87c0-3ab3585b5cb4,AR011,2026-05-17,
53a9a44c-aa36-4055-8d36-cbfd87d6b9ae,AR008,2025-01-14,
7d41a6be-47c7-41c4-9980-8ca8e70284d9,AR012,2024-08-29,
5dc5c6b0-2709-4b78-9900-faa00da99749,AR005,2026-05-15,
0633ce33-cbc9-4e76-a1c2-abc808f5777c,AR023,2025-08-27,
ba600d5e-13b6-435a-945f-cef4d4b47b48,AR002,2024-07-05,
314ed787-fd0d-4bd8-afe8-68c468728bfd,AR006,2026-08-02,
c37bc7dc-f3ea-425a-984f-3ed3cde50f82,AR017,2026-04-06,
c41d4ffb-ef05-4c49-91aa-df9a79e21b52,AR025,2024-09-23,
170fe899-7a92-4f4f-8407-d16f94ae5196,AR005,2026-03-27,
40fdf643-3e9a-4041-a68d-116fc6a8dc13,AR011,2024-12-21,
572d76d6-8397-44bd-9e72-ff60e295a734,AR001,2024-07-01,
484b2cc1-d39f-42b4-b2ed-5b9c1ddeb46f,AR003,2025-06-16,
51e6504e-555e-4636-908a-cdd18b4be382,AR001,2025-06-28,
5216ccd7-0e40-48b3-9a0c-561056ad9fb9,AR018,2025-08-15,
32d45072-20d2-46e1-b236-2ea53f5bcc7f,AR004,2025-10-03,
6f579656-1636-440d-915a-baa946e252ed,AR018,2025-09-27,
5128a3ff-1747-473d-aa11-1bcf7f4dbba2,AR001,2025-04-29,
fafedbf3-9794-474c-8444-cf365dcf21f0,AR024,2024-07-05,
d02664d0-da1a-4aef-9d51-39a1b9aa455c,AR023,2024-04-22,
89455e33-01ed-4ff6-a8ff-1d2a59fe9ce8,AR002,2024-07-31,
2901e64b-a5aa-4c60-870f-b5e4a49dd772,AR001,2026-05-11,
5e166c0e-1d41-4c34-a706-bdceff03b78b,AR001,2025-11-30,
12cbeca9-557c-4c3f-8b72-85ea3485c849,AR024,2024-11-03,
52a3f71a-a002-4004-b22e-30116c19d714,AR004,2025-05-06,
305955f9-0f63-4db3-9c1a-e509d7891639,AR010,2025-11-06,
d0a2cefd-3bf4-495f-bdbf-bf5463c0d5e0,AR006,2025-11-26,
afbf318e-8b9b-485f-82f0-5a1de0f58807,AR021,2026-05-14,
cf7a3cb8-5bb7-41d2-8727-8add2a341ca5,AR008,2025-11-07,
870c81c2-b472-4810-a3fb-6b0f70658edd,AR008,2025-08-21,
af215ce5-3ba2-4d88-b65f-c9c0c3f4b63b,AR030,2025-08-27,
264c180f-bb61-46f9-bcd7-4e066e25f563,AR002,2025-05-03,
6aaec1bb-3700-4ff2-a3a3-011314698f18,AR023,2025-12-29,
2f79d69f-4b80-4979-a911-7b8abedbb0c4,AR001,2026-02-25,
c0f65340-5cb1-4300-994b-f1f7df2a02f1,AR007,2024-07-12,
839aa794-adff-4ac3-8ed8-08ea8e3744cc,AR025,2025-09-05,
b209f09c-fe91-4ed5-9f1f-5830a3c7fe9e,AR015,2026-01-14,
8a9f36a8-b757-40f5-ba35-1c907183ef10,AR016,2025-02-16,
a051ef4b-0df8-4026-8c8b-3b900c0aac63,AR004,2025-05-09,
74b7602e-67f7-466f-a0ec-7bbbadfb25fc,AR006,2025-04-09,
aaf752ad-b768-43ff-bd81-fad4b0ce2a25,AR005,2026-02-12,
5d9adb31-8677-4b1f-8536-5174159ca9c0,AR009,2024-12-02,
e6074890-4800-43c8-bab2-57a4bcd83a6d,AR006,2026-03-09,
81c33c01-2af2-4239-8cf8-ea9cc57d457d,AR005,2024-08-26,
7b9a10c5-929d-47bb-8c3b-620e25a71b5a,AR004,2025-08-20,
edd7f7f2-e8a9-424a-a653-e645c1e9e9a6,AR004,2025-09-02,
4fa95b66-e636-4b36-9120-9094b24cca1b,AR005,2025-09-20,
9c00a48c-0477-4d03-a437-8789a7cd622f,AR002,2025-08-21,
d2461872-bf8b-44d7-b09f-506f4fab7b21,AR025,2025-01-22,
db317eef-56e5-42f1-855e-9cbc68a101e8,AR013,2025-06-17,
6a2e8319-f1cd-4593-95de-653bb3713f08,AR002,2026-05-05,
d3b0a40f-9fcf-4efe-8f55-fc761b390124,AR017,2025-04-18,
1e648eb5-2bfb-4ecd-b87a-965b42f7842b,AR024,2026-01-03,
338e9082-07aa-462b-8246-0c093aedaf7c,AR004,2026-05-21,
2d019174-8286-42db-a78d-f37b97319af7,AR002,2024-08-23,
0fd03d5b-926f-44e9-b19a-974bd832f441,AR001,2025-11-25,
7585729a-6d9b-4f55-a3cd-0053fb2cbb62,AR001,2025-03-24,
640b4521-07af-4b57-8299-0864b211d407,AR020,2026-03-27,
02a69798-0e3a-4856-b549-f4339e76a144,AR030,2025-11-01,
b2911f52-171a-4f14-bf31-bfd041841e98,AR001,2025-09-22,
63b74412-895f-4d70-a86b-aee1ed5121b6,AR019,2026-04-29,
2e0387f6-167a-4430-957d-37d39fc2812e,AR001,2024-04-29,
a36abe32-4b0e-43c4-9022-611242509a3b,AR012,2025-11-25,
263b22b4-4d08-46cf-9bfe-3e74ebdb1acc,AR020,2025-04-04,
5c9ae486-5797-4aff-840e-611e0a2f31f7,AR005,2025-04-18,
0a2f5387-5fb2-4d97-afa0-ed7027d0b2f6,AR001,2025-08-15,
f301fe4c-0b6b-4f01-a769-60680d28e3f1,AR012,2025-04-01,
f2781abe-4826-49ce-b4b4-bc6aa3598539,AR030,2025-04-18,
56ae2928-b1d0-4412-bcf3-59fc441e93fc,AR004,2026-06-15,
1f64b322-e58a-43a9-84df-2dd27fd4054a,AR003,2025-01-18,
d4b2cba3-7476-422b-8107-b27026e1cbf7,AR002,2026-05-16,
9dfad7ae-d672-4791-a5d3-f0a47baa4e4d,AR010,2025-08-10,
a3d5edcf-379a-45e6-8b1c-4cd30ad974e4,AR012,2025-10-10,
b706a371-9073-4c55-9795-57d00c67d520,AR021,2025-07-30,
ef540a1d-57bb-46c8-b1bf-aea504cbc7a4,AR019,2026-06-22,
12eb1a80-c6de-4121-86a9-4a3e27ab2e07,AR026,2024-12-21,
4526d03b-4ab7-46e2-9ea4-e55dc60f4ab8,AR022,2025-08-24,
072b43de-b770-4cb9-8a50-8e15d15b8630,AR004,2026-07-02,
45c4c36d-8a6b-4f74-92a0-77507f1d73ab,AR011,2026-08-20,
0c36a2da-f57e-4147-8103-3fd792c8ffdd,AR004,2025-05-11,
efda542e-4732-4578-927e-4b4598018648,AR005,2025-01-21,
db4f85bf-45a1-4b79-8ee3-d972a8dc4a6c,AR027,2025-05-04,
d07b51b5-a7cf-4008-aca8-5539a43c6d9d,AR016,2024-12-05,
0a0bef63-c07c-44c3-aebd-a0745402e8f5,AR029,2024-11-03,
127c546c-5d91-4950-bd22-51a3379f5e4b,AR006,2024-07-26,
b81f6924-8b7a-48eb-9345-4bda1afdfe6c,AR010,2024-04-21,
c5b2e3af-3078-464c-86c2-7dd58c6acf64,AR007,2024-07-15,
9914b49e-29ef-42d4-bdd3-3613b2c7e688,AR002,2024-09-30,
daa971c4-2996-4aae-8ec3-e7ce186b3017,AR004,2025-08-14,
0081db19-caa1-4c41-b600-22903a67db05,AR009,2025-06-11,
f0640d5a-e87c-4997-987c-93519bf4b4ad,AR001,2025-03-06,
27258e34-81be-4fdd-a494-bfd5318ce2de,AR027,2026-03-29,
ba9c9c00-8253-4b2c-84f2-c2b3f1af7ea7,AR002,2025-01-11,
ccc8337f-5d33-43a1-9958-59bb01f2ff94,AR003,2025-03-30,
2fe7bc31-e4b4-4064-9e56-e6c7e7db29d6,AR020,2025-05-28,
b2a7f1b3-16f6-49ec-a40d-a4b13a939e8a,AR002,2024-08-28,
d3bcaca1-d459-4969-b794-59818bfda2a5,AR026,2025-01-03,
da83a181-d733-4abc-86e9-0e5a3ea02f8a,AR018,2024-06-03,
6df4a79b-f9d8-40ff-83e7-a37ac0ac348d,AR001,2024-04-26,
5eb499b2-4494-4327-8648-df5df9ed78f7,AR017,2024-09-04,
4aadd676-67a8-49f5-bb80-519b1432693c,AR014,2025-12-07,
82a8fa63-3841-48e7-b550-0ce1851fbbc2,AR020,2026-03-12,
dded44b4-d832-4956-ab2a-98ed145d027a,AR023,2025-12-06,
72167c91-119d-479c-b63f-4fef6aae3e7e,AR018,2024-12-12,
4d2df02a-65b5-4311-9034-c3232c91815c,AR012,2024-08-02,
fa64e171-e713-4956-b774-ff9146196869,AR005,2024-07-19,
c8eedbef-9897-43e1-943d-c33cdd9c3001,AR017,2025-01-05,
517e6cf3-a412-4cef-9546-aedd89264a7d,AR029,2025-01-08,
3d5acc19-4ba8-4637-93b5-c9076717ea27,AR012,2024-05-17,
7ee8549e-0273-4094-842c-de25da28dd5c,AR015,2025-01-04,
6a321503-9685-4f40-900c-4c8709dec88d,AR006,2026-04-23,
62ff428e-e425-4fa4-95c3-75854d84f7fa,AR020,2025-06-14,
976bf588-1a12-468b-adb8-ffe50d744758,AR030,2025-10-15,
177953ec-2b80-43b9-8c22-91218013662b,AR003,2025-02-15,
a67a971f-96c6-4e03-a887-4f8a2510c96f,AR003,2025-02-16,
3505a92b-d40b-4833-a3bf-d3169e811d7d,AR010,2025-12-10,
0aaeaeef-36b3-4454-8148-c91be09b0291,AR007,2025-12-06,
db04b871-d6b2-42fa-b3d6-14aa9ae4ec67,AR011,2026-06-07,
77b050f3-f5a1-4c7e-8fc3-2772d5a87f59,AR001,2025-12-11,
33e04e40-96c3-4094-8c55-572631decd7f,AR006,2024-09-02,
df240ee9-5af1-4466-b866-4dde6e2df790,AR012,2025-01-31,
8999862e-4fc1-4a66-8a6b-bcde657ed1d9,AR012,2024-05-25,
8e3aea17-d526-4ee5-a53d-b0cde790b7a9,AR015,2024-06-09,
ea97f5f6-7702-4ff1-aa7d-4e20c5de2dd2,AR018,2024-08-08,
6a87a02a-04d9-4c46-8d06-cdab8e976362,AR014,2026-03-20,
7106f3b2-826c-461a-98c6-58a1cf5ea6a4,AR021,2025-11-06,
49a68b92-5307-4105-a185-fc3be029aab7,AR014,2026-07-04,
1227105f-4e6b-4cc1-b813-c55928ea375b,AR010,2026-06-03,
3d8b7305-8899-4778-98d5-56744747b3f2,AR013,2026-02-03,
740a6608-063a-4e38-814b-856bc058f70d,AR002,2025-12-23,
14a7cd27-028c-4295-aecc-3624eda6dcb0,AR004,2026-08-10,
9e4ea908-c8b4-4c58-9fcc-8ee8dfca3304,AR009,2024-08-20,
f18a4ca3-38f7-4c16-85f8-0650f40526b8,AR025,2025-05-22,
46f53d00-c51c-4998-bd82-d44bab158487,AR016,2025-01-30,
a7eaaa5a-38fb-4a1d-838e-56ad88a96d27,AR002,2025-02-01,
48d9c994-53e4-4dff-9bc8-a33b540d175b,AR012,2024-05-04,
fe2bc7d7-79d3-4a67-bb5e-1325c9e3afaa,AR003,2026-04-17,
bbb380cd-4c94-43a5-b53a-6249d99ae7db,AR019,2025-10-29,
341e604a-c2b5-4f27-9e18-8cf2d09fe7e2,AR023,2025-11-28,
2d1dd432-2c47-4044-a6fa-e0ab6bf7cbb0,AR012,2025-05-01,
a068d121-785f-4ba0-97af-85d8b1e5b563,AR012,2025-05-23,
75e2482e-860f-4ab6-995f-8fb387faceb9,AR005,2024-10-05,
45f09930-2cfa-4546-ac65-207c2c30eff7,AR006,2025-04-23,
716836ba-8704-4a4c-a5ab-d32157f28027,AR024,2026-02-01,
869641dc-a7e2-42a5-9160-307b2d2893d5,AR018,2025-04-19,
c8ba79c7-6701-43a8-8b9e-9b9c10a1cb98,AR009,2024-05-07,
87614a68-ef40-4364-9af8-6ef1f4b45501,AR005,2025-04-07,
8bd9bf83-382e-497c-aea4-f4f406b8d192,AR001,2025-03-26,
45f7802a-ca71-42f2-853c-54529659df88,AR002,2026-03-23,
b3c55d15-d95e-40ac-aee8-b733cebdeec2,AR003,2026-08-17,
9139b3ca-7323-435e-a7d0-5a9e0b674fc2,AR005,2026-02-22,
e54dc9a7-2d65-46a7-8b1d-7b5716949d61,AR028,2026-08-02,
ad64784e-1014-4e2e-ab87-7dc90c79aac0,AR008,2025-07-26,
4ce45f06-3198-43a3-a8ce-d6f7f47c5b78,AR004,2024-07-17,
200dba1d-5a4a-4e84-9a5c-f31f3c671817,AR002,2025-07-31,
1632ba35-6a2f-4c17-adf0-b17c2dbcbdda,AR005,2025-02-08,
2ab7d053-102d-43c6-9b25-1e36be4c9979,AR022,2024-08-09,
a292ed51-084b-49c1-b3d3-0c8c9d279bfd,AR005,2024-10-29,
b44a3f7a-c3b9-41bb-b587-47dbac4ef4fc,AR020,2025-02-03,
fe574bc1-1ea1-4507-b9ea-e2ed2bb3917b,AR022,2024-10-10,
6a16839b-3585-4282-900d-aea9555b0f45,AR002,2025-12-22,
a1129ac5-4f7a-4e93-8577-b48a123a7b28,AR013,2025-08-23,
0ab24adc-7c48-453f-845b-877e55f73f1a,AR029,2025-09-10,
f452def6-d692-4feb-89f6-61a9e5dfd2e2,AR006,2024-09-28,
85e30c59-4482-416e-8ee4-64d78a44c503,AR001,2025-09-02,
bd95e830-cff5-45c9-98b3-9cfd3bc744cd,AR027,2024-05-30,
706a5e23-23c7-4a98-b4f9-3095e5130e96,AR025,2026-03-14,
8299b629-3deb-4da4-bd2b-cb9a05af2d38,AR009,2026-03-27,
da44c51b-d6d1-47d7-a8d1-6b3d1e32389e,AR010,2024-12-08,
b5e23556-c238-41e2-8930-43ef11624c18,AR003,2024-10-28,
f837dce0-31b2-4dce-b833-20ce161f18b6,AR022,2025-01-10,
c695cf37-3c38-4255-8a5e-299e4f8aa1c3,AR008,2025-11-29,
9b91e779-edb2-4db9-9313-5c848b189893,AR001,2026-08-16,
fb02273c-a208-4d5e-9811-87160c4c91f8,AR016,2025-11-17,
1f843bff-f1c2-4dfa-af71-5826b2506945,AR028,2025-07-14,
296e1f60-5c06-4404-b31c-aa1fdb9c03db,AR023,2025-08-29,
9bffdfdf-fd1b-4d20-9ccc-8830c153358e,AR004,2024-06-12,
65f2bed5-0fe5-4aea-92cd-ec0466abd280,AR001,2024-08-02,
97e2d5d3-f7ea-4ead-bf92-4eb307ceea39,AR028,2024-10-18,
dccf1093-45ff-433e-b7b7-8c9b72cbbeb7,AR028,2026-08-04,
3be8e83a-999f-4512-98d5-bfb06b6da591,AR009,2026-05-05,
30bf1897-8fce-4ef4-af44-b1421ca63c11,AR014,2025-08-11,
446f5105-1804-46d8-aa93-9067c21d9f39,AR006,2025-03-01,
ff13be41-3b7e-4ca0-876a-8fa6f7f12fd7,AR006,2025-01-09,
76eef5d0-880f-4712-aac4-f41e5d8901d7,AR002,2025-12-09,
fc311814-150e-462c-9843-62fac675e194,AR002,2026-05-19,
05de41c9-a363-4b1a-920f-5627a75e0033,AR003,2025-11-11,
c210892b-ddc9-4125-8ffa-3c7985c7f13c,AR023,2024-10-03,
e561424a-2e9c-4dc7-8a4c-2428862bfb87,AR002,2024-04-17,
1a1f5e0e-8a14-4b0f-98c6-dce6e69dd85b,AR003,2024-05-26,
a1bb36f8-9894-47d5-8501-ce9799b13e1d,AR010,2025-03-25,
5436452c-831c-4be5-972a-19333dbc15df,AR003,2026-06-05,
bf695e39-6bba-4d44-82da-1e4972d671ef,AR003,2024-05-04,
26f7c881-bb03-4bff-8300-d493de1a15f9,AR011,2026-04-12,
1ac11210-93ac-4f3f-a6eb-87ba21fc8001,AR005,2026-01-02,
d81de48a-2fb4-4ccf-a40f-bbd7484f2fe9,AR014,2024-04-28,
02803886-71cc-4872-8b1e-6bf24ddafa7d,AR027,2025-06-11,
68b113bd-5537-4971-9a80-098d293fce63,AR002,2026-03-04,
4b7dc41c-b987-4941-955f-92ec74b97f19,AR027,2025-06-13,
a5c2a2d4-5df2-465b-80ad-a6767912055f,AR026,2026-06-16,
de36bbf7-4ec4-4b63-ab23-1940b46c29d4,AR023,2025-11-22,
2c2710c4-d348-4c4d-884a-4d419d4d090a,AR014,2024-05-17,
2a555be6-c653-4fb6-be37-e60274cbe446,AR013,2025-12-07,
86938ac7-dea5-4ac0-a29c-260266017975,AR014,2024-07-08,
5f6cb4a5-f0bb-4b45-9d34-416fe0273945,AR017,2025-05-08,
7e1ca03c-e079-4bee-89c1-5fe45f971802,AR001,2025-01-30,
e809ca6b-eb01-47e0-9344-9a95c8792260,AR029,2024-12-20,
01000e4d-b85d-4f62-9e98-5096ff9738dc,AR012,2025-05-01,
17bcf563-b22b-494c-a181-0b423bc7d2d2,AR021,2026-07-25,
1c0d3e2e-86f5-473d-9684-3a272ada63f3,AR005,2024-06-15,
1db779af-59ff-43d0-a09d-19b422a5eb63,AR001,2025-07-06,
32c57bf6-a90f-4766-a819-23e556069095,AR008,2025-01-30,
fe2b2678-aa40-4caa-9535-e78efd0b8540,AR008,2025-04-29,
74d69daa-0c9f-43d0-a9cd-3dd8ab304b5c,AR006,2025-01-28,
cb290039-b5ce-4aa9-89ef-64fecf582afd,AR005,2025-10-19,
b0f7e06c-6f66-44ca-80cc-ec5055cc4dc1,AR004,2024-08-19,
36377516-98ae-429c-8105-6b40740c9312,AR009,2026-02-09,
706b3ef7-bbae-4b0e-890d-9df0cf35f1c7,AR005,2025-02-01,
8a83de84-a7e5-493c-9239-3c7f3d5ed3e6,AR029,2025-04-08,
709c35ed-b170-47df-a2f3-a707ab773409,AR003,2025-06-11,
3cc739ed-c1a4-4593-9e3f-6f8514cf40a5,AR005,2026-08-04,
6e21c62b-fb22-4ffb-89bc-34c0ff376947,AR004,2025-09-18,
fb079232-db71-40f9-94b1-0b49c3d9ed1a,AR010,2026-07-13,
794e09f0-d6b6-45d4-878d-2ac4fe216225,AR008,2025-06-12,
5d1bfd37-c5c7-46e1-8a48-3441c9e767f2,AR014,2025-01-02,
dba6f774-dba4-4ef7-9353-2ae26c5b8ca0,AR028,2025-05-26,
98806693-9d6a-4cfb-867f-e56daed5719a,AR004,2024-11-03,
fcf631d3-c4f8-4f71-b0be-7eafc389c76e,AR017,2025-10-14,
efe0570a-52c1-4e41-bddf-8224fcbfc21f,AR001,2025-11-30,
2a3c7681-b7f2-4898-a657-f6b05cdce1f3,AR004,2025-07-30,
96f8d831-06d8-4c45-887b-91e183ece50f,AR006,2026-02-05,
069bd3b4-47fa-4e98-99c1-28c2567c4817,AR001,2024-09-25,
c82cd7e2-b0f1-40e1-ada3-fb33bd129dd6,AR013,2024-09-18,
7c32a0ff-5443-4f0f-b9e4-a0de8543c23d,AR016,2025-08-26,
ddefaed3-634a-4702-b001-d6e8726b51af,AR019,2024-10-03,
c3d7a0e5-6842-4b8b-9aa1-afa8fa6187ce,AR009,2026-08-01,
479e9942-c259-414a-8004-a1989a5097b0,AR013,2026-04-11,
8ad62a1d-e0f2-4969-b086-d486efef54aa,AR006,2025-12-20,
d8944e45-1f0c-47a3-94fa-50c0f3ab9c98,AR001,2025-09-20,
3903ad9f-8791-4a01-86aa-42322538e0fb,AR002,2026-02-03,
da1d1c42-840f-4b43-9835-a50b635d946d,AR015,2025-06-04,
e66f81fc-e9ad-41fb-87d7-61993a2b7859,AR030,2024-10-02,
d90dfe51-744b-4e78-8de7-961c3ac03dd3,AR001,2025-07-23,
4d1a5f4e-a256-4db8-be20-da83e7204c13,AR011,2025-07-29,
3ad151a6-0690-4128-85a9-6725a1725a70,AR019,2026-07-02,
189634c7-e62d-44b1-8c10-2355457908cd,AR023,2025-12-23,
8a961cd4-d29a-4c3d-8a74-0c491c506047,AR010,2024-09-20,
b955f9c1-a8f4-4105-8c7b-87d99e3eec85,AR013,2024-09-17,
071f3ceb-0fd4-4d84-98b4-48ec8f651aa8,AR017,2026-05-25,
04b6489c-d698-42ff-b2a4-e9389c8f1da6,AR024,2026-08-07,
741691fb-79a9-41a2-a4c3-5dbbc958f4a4,AR002,2024-08-31,
1f097354-93db-462e-bd94-f4a869266912,AR027,2026-03-25,
a0ba570a-8b3a-4b06-b804-39fe5df816da,AR001,2025-04-11,
d22e9ccc-7133-4e10-b145-390541998683,AR023,2024-09-03,
9e27f73d-ff5c-4c0b-afc7-c1561999fee6,AR001,2024-10-08,
4c2a8a51-8e8a-48c0-97c6-9da3a9e79d42,AR003,2025-05-01,
fb9677b2-c7d8-4fc8-99ed-c368292fce80,AR001,2025-09-30,
5b2ca712-e730-41e8-927a-fd590d772fa6,AR006,2024-10-19,
a890b822-b9ef-4cbf-9aa2-e7bd92550fcc,AR005,2024-12-27,
0cffe060-cd78-4abe-a6d3-1706c14e0572,AR003,2024-08-24,
0a9fd23b-7272-4dc4-8da1-ea6c614521cf,AR006,2025-06-02,
be3f5a05-4c45-4de9-ace5-4b9fbda62d22,AR006,2024-05-26,
5cfecaef-61a1-40a5-a458-95a6e1da2f0a,AR020,2024-10-23,
33464f78-13c6-4c77-bf47-07fcfec56239,AR026,2026-06-29,
4a9688c4-9e7e-475b-bbe9-836910a62668,AR015,2025-12-11,
85bed4c0-0ef2-43bd-8d61-9fa46be15d14,AR002,2024-09-27,
85c767fe-a3b9-4874-9320-6b73283e8f15,AR004,2026-05-15,
b1291be3-a063-45e3-9964-962824252976,AR027,2024-12-15,
9c035846-1a09-4e14-891f-4162bf017013,AR002,2025-10-31,
8019eade-3209-443f-a3fa-4bc64ed9741b,AR006,2026-02-24,
b53acc15-c3da-4cd4-a16f-3162229ee561,AR028,2025-05-11,
b6ff2d9f-64d8-4d6d-a1fd-158b861d982b,AR028,2024-06-04,
7e085323-eeba-44ea-9fe4-7a0600906606,AR006,2024-07-04,
b41c7d48-6713-4d48-a166-c56654773724,AR016,2025-09-06,
77686d37-d3d5-4a9b-bafe-151ad00bc69e,AR006,2026-08-20,
f1a8b1a9-964f-48aa-a30b-0fd946468002,AR019,2024-07-12,
00a23abe-5666-4100-8b78-94776586c647,AR001,2024-07-04,
c3cf7fab-f971-4199-b3d3-dbeee558d4b4,AR002,2025-03-15,
a6ae310b-b9ab-4485-a250-2c4d03497dec,AR013,2025-02-23,
fea7e591-dce8-4014-aead-e746e842c1ab,AR003,2025-05-22,
463ce8ff-49f5-45c0-963a-ddae5fde7faa,AR015,2026-08-13,
9e100f2c-ab4e-4857-8bfb-46736e1a8b05,AR005,2026-04-07,
cb102a20-313b-43c8-9928-c76a4f7403b9,AR025,2026-04-21,
0f41c1f0-b023-485d-92f8-c09c6fd4a5eb,AR022,2024-06-19,
09eeb2cd-9a16-42d3-a418-a19d5a37cd84,AR008,2026-07-11,
9a65a516-1f99-4e9e-88f1-b365955915f7,AR020,2025-04-26,
f1ec1c1f-f666-439d-a819-d37775d02938,AR004,2025-10-12,
c24a9250-2b0c-488b-9ef5-bcbadd3e7ff9,AR008,2026-08-18,
6c4614bf-b83f-4e00-baaf-44bd2738d9cf,AR003,2024-06-15,
bcfa7265-d840-457f-b0b7-747e17c86eb9,AR024,2026-08-08,
73356162-9871-4e82-aeb5-0e7c7024b1e3,AR023,2024-08-09,
7fec68f2-035a-4a34-95d8-6401b2c0aefe,AR026,2024-10-16,
b2a81e46-e702-4e0a-b2fa-a85e488dc038,AR025,2024-10-02,
f203ffa7-c0ca-41ec-a411-2ecb4d07b2fc,AR029,2026-04-05,
1ec7c9aa-fea3-46d3-99f5-6061a461888a,AR003,2024-07-18,
f3bc2afb-656d-4042-a9b9-6378ba5b1b9d,AR027,2025-03-21,
fcddf31b-a71c-46db-ae14-b4c0c3c30076,AR011,2025-09-08,
4ba279f0-e732-4272-a080-05db6495390e,AR006,2025-01-08,
a051f60b-7ea1-4430-bc96-33e3b0694562,AR011,2025-10-30,
f23bf9c0-575b-41cf-9a1c-3fce41a1b2d2,AR005,2025-12-23,
7ae4a9a8-c76e-4798-ac86-b7b8350e8ef7,AR004,2025-12-16,
bf42a8b1-4f20-4384-91d7-485dabb652f1,AR004,2025-04-15,
19b22fde-52dd-430d-893d-c11f3d08f204,AR002,2025-03-19,
5d070769-ded0-4cf0-b7bb-edbf9c6d6953,AR008,2026-01-26,
6f1837e1-7633-43ed-a19c-7f70faea923c,AR025,2026-01-22,
39c0a211-a178-42ca-9a13-f2f13e7f9fcb,AR014,2024-05-22,
a48fdc7e-c879-47c3-b24f-5617ae654e99,AR009,2025-06-02,
c47ec71b-a982-41ca-951a-9ccf37d2756c,AR006,2024-08-05,
922c73a4-3ba9-45ce-97fd-3b41c6559bc4,AR006,2025-11-09,
78098a9e-3ff0-405c-a7e2-3111a8364d43,AR003,2025-12-16,
9b429d9a-b27d-449f-88de-6520e311db20,AR023,2025-12-21,
e5221a60-3348-4b33-b0d3-e3e00389bbb5,AR003,2025-05-20,
8cf50098-016a-43e2-8790-23ac2c355a7b,AR018,2024-10-15,
ebfbdb2e-094e-4734-99a3-fb7e38073cf1,AR020,2025-06-14,
0f8eb1bc-7707-4c46-ad3f-91be3dcf18f9,AR011,2025-12-10,
03952c4f-2f9e-469f-8996-bcef179696c4,AR024,2024-05-10,
dfe8d515-4410-4714-8a0b-8271e9a91c4e,AR004,2025-04-12,
87223a5a-af5c-4c46-af5c-13b2bb30f76a,AR025,2025-09-15,
40d9614a-b254-4417-88a6-0bc747bf5d2b,AR018,2026-08-15,
e3e6e93d-161b-4ed5-976f-b5c50b20cc65,AR021,2025-04-21,
aed126f8-5237-4ace-88ef-69ad68944bdf,AR015,2025-03-01,
c23992fd-fe2a-4a8d-9435-e1547eda8ae5,AR024,2024-06-07,
3964e76c-6e02-475e-81bd-599df76703a1,AR030,2026-02-04,
084fdd38-da49-48e4-a74d-8b9b982f39ef,AR006,2026-04-04,
cc1a758e-c0bc-4faf-9bf2-8d9ad3686b36,AR022,2024-04-06,
83cd35f9-adcd-4c42-9bc0-e41ef5adf5a6,AR019,2025-05-02,
912c5c19-d6bb-4d51-8a9e-1b36db74fc22,AR006,2026-07-31,
d8010adc-c606-4520-9198-01bc2f32cf13,AR027,2026-05-24,
9746ccf7-6ddf-4364-9230-4c7e3a464198,AR006,2025-07-06,
c0134545-8c9a-4403-af1e-6d484fc06ba3,AR011,2025-03-04,
3be9b0ab-3db6-4cb3-9221-7a0bfead0f1d,AR002,2026-01-23,
1167c2ae-3556-44ae-aeae-35a30aef233c,AR003,2025-10-09,
f26f79c9-1d22-4d46-b608-71be3ba56c7f,AR023,2024-11-21,
9bd6167e-9acc-4678-a1a4-e2e23dea279e,AR006,2024-05-04,
fe65619d-91e0-42e2-bd44-f0e20e08e360,AR006,2025-06-22,
ba74ed09-20f4-4b45-9b90-1b7034fd3049,AR004,2025-08-27,
6af3cb65-ed14-4684-9d86-28da1e19f7ba,AR008,2025-10-13,
0cb15586-c1d5-4d40-9876-8445f3ff8d3b,AR022,2026-04-27,
50293cfd-ad7d-4242-895e-8062fabec6a5,AR026,2026-07-09,
be34951f-2bb7-4347-8282-f80f29f1f00a,AR001,2024-08-28,
190022cc-56e2-4d2b-8a5f-44a4d09c493e,AR011,2026-07-22,
89ec64b9-5845-4bf3-924e-05efafe397ff,AR007,2024-09-08,
bea00d81-0dc5-47b8-8d2d-261c1ed194ee,AR013,2026-01-20,
d182aad5-f91f-4158-be23-7b5f623f2fec,AR006,2024-12-27,
dca98170-09aa-48ee-a030-bb85571704a8,AR006,2024-05-18,
ce193f45-2a25-4eb2-9d5b-0a63684afe07,AR007,2024-11-10,
8876da9b-cff4-4c1f-b5d6-4580b1678b23,AR012,2024-11-27,
e1456b6d-2486-4aab-bf28-733df5b2e32a,AR008,2026-01-05,
eb7d9acc-fdea-4073-9722-9acb8b41cdae,AR007,2025-03-21,
bb58ed8b-5625-4aa2-840b-dc3a387bc76e,AR022,2025-02-11,
deae3718-0341-4b7c-b750-5e95eb255279,AR019,2025-08-18,
03d4dd46-b7d4-41c1-b31f-a2c8f5ba48c3,AR005,2026-07-21,
cbf46920-6ef6-449a-bb5d-24aa5e879ef0,AR022,2024-06-21,
201489d3-e311-49db-b8b2-9ca95fc465e8,AR024,2026-03-05,
656ddc27-ff70-4a1c-9c44-62b2456e3752,AR002,2024-04-29,
c0195687-5dcb-40f6-85b5-e5ee82ecd2fa,AR012,2024-06-03,
ec3ef3bb-7bf0-43d2-9b74-8fbc16dfaa43,AR004,2026-08-07,
e9f2c7b6-ef51-4400-a11b-eedcaac1f5a1,AR019,2024-11-18,
309c489a-fe57-4e72-b863-ae4d4796b818,AR004,2025-02-18,
f24bb6a6-69b3-46fb-8d88-4cb7d1db894e,AR016,2026-02-04,
898c8b49-9f74-41d7-98b8-512f9fcf3d47,AR004,2024-09-15,
99c0bb63-5dac-4a84-a194-333e420a9805,AR009,2026-05-19,
fd38d701-1fe3-4c45-90d9-30de5c70a563,AR028,2026-01-19,
5ecc63f0-7587-4c2f-b360-d8a260261d54,AR005,2024-05-20,
bee7f592-1bb1-48df-9462-56ad1c6a70ac,AR025,2024-11-15,
97905245-d741-4e3d-97e6-b0caec35aa2f,AR030,2026-05-18,
5787e1b3-dd8f-4a30-b076-ad5ea937bda9,AR025,2026-04-20,
563f82f0-6c6c-439c-b23f-438365599571,AR003,2026-01-12,
fa1b7fc8-f187-4a99-a237-eec9ee1cb4f9,AR022,2026-06-23,
df0138f3-e4e4-4ca9-868d-5745676f909d,AR001,2026-03-18,
75afcb9e-4ba9-4f03-94d2-e6c77c2d124a,AR006,2025-04-13,
83b29ca5-2a6d-43eb-9261-0416d7a931de,AR025,2026-08-17,
36dcc9da-a33b-4a45-866e-ff9fbca723ee,AR016,2025-12-16,
0c995d00-d514-4c98-99b3-2d87d9982c8b,AR009,2025-11-23,
e0eebd79-4eb1-4a56-b2f7-6b35a9702a9e,AR005,2024-05-01,
ed5e5dca-8b90-483b-9608-184038a59d56,AR022,2024-04-28,
6c922600-40b3-45b9-b8dc-e91ff9f20bde,AR017,2024-08-18,
c528fb54-3c6b-436a-8cad-ca030f2043ff,AR007,2025-10-30,
059851f1-fe99-48a4-8bd4-58a5c44ebed4,AR026,2025-05-22,
47e2b5c3-c96d-424b-ab6f-413aabbad0f9,AR003,2025-06-11,
7951b151-1c9e-4e52-8fce-22cea35e920a,AR003,2024-08-05,
04cf41f0-9e01-4507-856f-c81169f94f33,AR014,2024-11-13,
c93e06c3-3232-4b11-b12e-f82fe9a31a86,AR029,2024-06-26,
470845db-0a85-4983-bb48-57d58e68088d,AR004,2025-05-01,
8b7b893a-ed00-4d5e-9081-463909be4ca1,AR004,2024-06-15,
d9f61f5e-9da2-4e4b-98f8-3bc9eecf3481,AR002,2024-11-15,
c1b058ac-1578-4a72-a350-eb17f31a4ecc,AR024,2024-11-19,
697a8310-49bd-46a7-98ff-04541c7d11fe,AR003,2025-01-25,
7cbe89d5-effa-41ea-b072-42a624337241,AR008,2025-11-04,
1ed960af-ad5a-421a-9112-40f553cd70d4,AR030,2025-03-12,
39536b84-4817-4253-92cc-d54404d552b2,AR001,2025-10-17,
ae4f9cf4-2b0b-4540-a33a-280fa5f7e55a,AR011,2025-02-04,
f0a046f9-640b-4e97-9631-1a6c7b1b356b,AR009,2026-01-14,
26fc3baf-5972-452e-b2d9-ad095bf3067e,AR022,2024-09-27,
fc2cd074-19b2-4a35-afa7-8ed98f9c6ca0,AR005,2025-04-13,
5a5485c5-24a5-4890-9afa-947683b25041,AR006,2024-12-14,
77ac8495-cf8d-4a0e-9cb1-bfdca79becff,AR003,2026-02-12,
286419ff-600e-4697-86a3-7e450bd1e083,AR019,2024-10-04,
b90feeae-ac24-4494-8404-391446d42a36,AR021,2024-09-24,
0cce88cb-97f3-4498-9cdc-d7c06d1700b9,AR002,2026-04-19,
68c97746-e741-49a4-958b-fef14b41ea70,AR006,2025-10-23,
36e0899c-a5eb-4e30-ba1f-eca4756d8998,AR026,2025-01-11,
ac2e9eb2-b6db-49e1-b126-b752c2211417,AR001,2024-07-25,
bca534b3-0c04-4812-a3f7-d5190c6addba,AR004,2024-11-20,
6305bdab-72b2-497e-acc0-01e79899fff5,AR010,2025-07-09,
8a0f7abb-a53d-4eb4-b2ec-5c5cf079c39a,AR005,2025-12-06,
3156da0f-b2ea-4364-ab6e-994bda9c8310,AR004,2024-06-23,
10eb8a03-420e-4cbb-8033-e77ee784cae6,AR006,2024-07-24,
4114fc4b-1440-49d9-a1b2-423d47bf6339,AR003,2024-07-04,
0ee204e4-866e-4463-9344-130cb98799f7,AR009,2025-12-01,
699b3d83-ef79-4bd0-820b-a476828e6f5d,AR017,2025-08-09,
c8fffe2e-8e90-4e5b-83a5-2cf6c3404bd2,AR011,2026-01-23,
c3e8b147-f07c-4476-b772-ce38d9dc4046,AR002,2024-05-15,
964fc3ab-0216-4c52-b670-995978e55907,AR023,2024-07-30,
3102cc66-461a-44d3-b9e0-a85fd69ca8a4,AR003,2026-03-26,
a4ceba32-9f55-4b2e-bcc5-9c8cb382bdbb,AR020,2026-01-21,
41c2a6ed-002d-4913-a15e-7688677d4da9,AR005,2025-04-30,
f7aadf6c-9893-4263-97dc-e8c9d1b2619b,AR021,2025-08-27,
e6b92b4a-02af-4a3a-9a5d-d0bf29d8fb0d,AR003,2025-07-19,
fdd3eb4c-7683-424c-b632-4d8079e46e10,AR003,2025-10-07,
53058dbf-424c-4072-a54b-0affe4fc7e5d,AR008,2025-01-14,
6876478a-9a46-4d81-a3ee-82472761879e,AR001,2024-07-03,
35f626e6-3c89-4f6c-9699-082e9f40b48c,AR003,2024-06-17,
0be389b7-bf4a-4cb7-9c16-9685a996c477,AR018,2025-07-23,
710a416b-038d-4e85-9b4b-b1f4afba3f0a,AR023,2024-09-02,
56b22b81-04e1-4ddd-b558-716c01838279,AR002,2024-12-27,
f0b80582-3075-4299-8117-a1d29899af37,AR025,2026-03-05,
1426b0b7-1950-454c-aed4-f6105af7482f,AR021,2024-10-02,
cedc39c8-e448-463e-bef8-f0f19cee081b,AR025,2025-10-23,
b4168b60-ce9f-4f27-ac39-54e507de0a97,AR017,2025-02-23,
2d8d4f0d-f9fc-4b31-b304-f0677cdcbba3,AR016,2024-12-05,
bdfb73f1-dc31-476c-b3e5-fb84a609f8a1,AR009,2024-05-24,
f9d97c1a-2f64-426c-a011-6034d6e9bdde,AR015,2024-05-20,
174f1004-ade1-473a-af07-169c3be522da,AR027,2024-09-24,
8a1dd1c7-e0b5-4471-aaf6-30ca030b76b7,AR002,2025-06-09,
ab1c6cdf-bd6a-4503-a7e2-3fe22ecea6e4,AR005,2025-09-09,
d6fa95b2-e581-41bc-b9a1-17b5c42ccbbb,AR001,2025-08-05,
a35704f5-2cd9-42fe-9f99-b97207f6b768,AR028,2024-05-18,
eea0f763-e5c0-4c5d-af38-f405b22a6f00,AR006,2026-02-26,
1e22c62d-fdb6-4dcc-8da9-cf596ad62298,AR016,2025-05-24,
6a76a3c2-81e1-49be-916b-a5fd36aac8fc,AR023,2025-01-09,
471b42df-b0c5-46da-9fc7-1bf2429dd420,AR030,2026-08-04,
288e230b-41f6-4bb8-ad75-1baf2538b48c,AR003,2025-02-17,
d7b19030-0bb8-4ce3-a37a-78eb73eb5506,AR021,2026-01-09,
7cad62ba-9649-4522-bcad-25a66a4a2b70,AR025,2025-12-22,
d013e111-c434-4415-8da2-3879229dfdbd,AR001,2025-03-01,
f0648532-6fba-4b3b-b0ee-bf5800fbecf1,AR019,2026-08-16,
1c18e8fe-3248-4100-8d59-3c2ab6587719,AR005,2026-04-09,
f6a2f6df-8ae3-41b5-bae9-d607bf30717e,AR015,2025-07-24,
848d83f8-7a74-40fe-8c0e-2451c10ea3b7,AR009,2025-04-02,
b296f07b-870e-43be-8c70-faa3a39b5bfa,AR004,2026-05-21,
5e5f51df-4cf5-4124-aa0a-1fc76df8b231,AR002,2025-10-13,
b51b4c86-b5df-488e-88ea-c3d2c06be051,AR002,2025-11-29,
4f6e3212-c338-4997-b532-4a1e2afa1047,AR002,2025-05-16,
215ec593-24ea-4bfe-8ea4-82a56c1264c2,AR014,2025-12-05,
c337a281-abb0-485e-9652-0d643d08f64c,AR005,2026-08-22,
9526138d-e2d4-433f-9c41-155f897b1571,AR003,2025-05-19,
8047c808-f4f7-4342-913c-a6af7299abb7,AR017,2024-08-15,
53ecbb5f-9d08-473f-9f2a-ad7b5b7cbd41,AR016,2025-04-02,
6d17db28-5e6e-4ffd-bac7-9477807971f5,AR010,2025-10-13,
20c8eb03-d4a6-41a1-87f1-cab1ada2929b,AR028,2025-06-30,
097da05b-f9bf-4bfd-87d0-786a64952a29,AR005,2026-04-24,
341d75e2-47bb-4974-b415-ebb1afe0d38e,AR023,2026-01-30,
e615c2ca-1941-4b05-85da-8b8428c02ae0,AR001,2025-08-08,
dd552a66-4500-47a3-ae3a-9e57e2b679c0,AR019,2025-03-26,
1f946bd2-effb-44d5-8c19-ef77178ba391,AR030,2025-06-27,
b797adcb-0baf-469f-bd95-f46702ee0c5e,AR024,2024-05-08,
bdd14099-ea1f-4937-98a3-dae327297a91,AR012,2025-02-15,
48238683-a233-4d2d-b9e6-19249fbddfcb,AR014,2026-08-03,
7c546fbd-5fd3-4c33-a979-7006b9fc75bd,AR005,2025-05-24,
fbaa0f24-939b-4479-8932-20fe93849cde,AR016,2025-04-03,
2c324c87-9bb9-45b3-8899-adaf843abca8,AR020,2026-07-17,
77d9c757-3624-4d3c-a2ac-f672b3ed5b19,AR030,2025-09-23,
13d97130-55f8-47f6-9c42-3dfafa13f4d5,AR008,2024-07-26,
f43a72d0-b87c-498b-abd2-d469b1b8fa3a,AR001,2025-10-17,
d4ee2e93-8def-4e7a-96d9-3802d9ce567e,AR012,2025-07-22,
67748744-b806-4d3c-ae07-5efede85924b,AR002,2026-02-12,
fc2ac0ed-a1de-4eb5-a520-60f221856ff5,AR004,2026-06-18,
587a8d6a-226e-42b2-a0d2-a0d79884a0f6,AR005,2025-11-20,
54c4c558-f1e8-40b7-8382-456689d9d2c1,AR018,2024-10-20,
8521dc8b-7882-4629-9171-768ca350ddec,AR003,2024-04-20,
2f16f456-24b8-46cf-94c2-20e1ab626161,AR003,2025-01-26,
54609a1f-93cc-4292-be86-009eff1dcdde,AR001,2024-08-31,
35356e7b-ab7a-415c-b652-05c4de961137,AR025,2025-02-04,
ec60c992-6f1e-4567-9ba8-8b79ef5f94d6,AR017,2025-01-27,
ca8b781b-d9f2-4ddc-bbdc-830abda966bd,AR001,2025-08-17,
9dd78bd6-a576-4ece-814b-27230b639bc9,AR001,2026-07-01,
a1ee35ec-0ece-41eb-a168-28a8f82eaec2,AR011,2025-08-31,
9187f719-1135-479a-a6b3-ed0ca4561d75,AR004,2024-08-01,
ac20b147-fc42-4188-aa72-6ee0c333bfcf,AR012,2025-05-14,
e56dce26-f306-471d-9f09-47a9c0779651,AR006,2024-10-30,
ade249b7-e0cc-44e5-a49a-2c32a38dcab4,AR027,2026-07-10,
c0a96a97-edf2-43f6-abd1-853566a388d4,AR004,2026-03-01,
c1128624-489d-4920-8c89-174190ea7d0f,AR016,2025-12-06,
f4e43797-2099-417b-b184-005aa5b90ca0,AR001,2025-10-15,
4ac73336-05da-4f55-bf29-de19730074dc,AR029,2024-04-16,
fdf65a3e-b390-439a-aa64-bae521a02685,AR030,2025-07-18,
eb33a26e-5b86-4c4d-ab67-5102ebd4686b,AR019,2025-01-24,
7863f82a-e8ab-4ff2-b8e9-96a1d3a153cf,AR006,2025-02-09,
6c6fba8f-616e-49e2-8116-69b41db0d263,AR003,2025-08-24,
cc2ed838-3117-467f-b2e3-e09b77859ae1,AR022,2024-05-05,
54101726-b449-4d96-925a-7f40270752bc,AR019,2026-02-11,
b2a224f0-b620-400b-80a2-f306922ff414,AR003,2026-07-24,
346ddc27-db70-4195-9ddf-705cc946d2e5,AR006,2024-11-13,
4532eded-4915-4d88-8af1-e76369c97154,AR006,2025-02-01,
3206532f-20bc-402e-8ffd-f46667c2efc9,AR023,2026-01-09,
ee7c9790-7f80-420c-bae5-c6378cc9f478,AR016,2024-07-29,
64034de4-d91b-49b2-b373-7ff34cd4746d,AR014,2026-04-04,
b8a47d31-9c1b-4a90-87a9-31eeefd2bd73,AR015,2026-01-17,
f906a3a2-a09e-4e6d-906b-dd7a3d6d9d89,AR004,2026-04-11,
4c49a156-02a4-428a-8b26-fc77064c0c87,AR005,2026-03-14,
08e76cfe-a8b1-4216-b53f-81afd3f82dd7,AR001,2024-11-27,
baf20b2e-4034-4455-bc66-da6ee577991d,AR021,2024-12-19,
78f9582e-fd7d-4772-9508-2cd659fc5e15,AR006,2025-02-10,
8ee54bfc-62b9-471a-bdb8-7ee6be9ff429,AR006,2024-08-05,
70801cf8-c3aa-4e4a-a20f-be17dab5026d,AR004,2026-06-24,
57b6e048-9f9b-4601-b563-3c5b1bff425e,AR003,2025-03-02,
b2e24a27-1e9f-4e5a-990c-93118d2446c7,AR012,2026-05-15,
9092c075-628e-4fcc-8742-930ce441fee9,AR003,2024-05-14,
143ecf0e-0804-4a20-b19e-0bb2a82d2f42,AR001,2025-02-18,
3a85d083-3c45-49a0-80d0-b4795b6b40cb,AR020,2024-10-31,
ce4619e3-354f-43a8-9021-eff5cf8777b6,AR005,2025-04-14,
e5447607-8eeb-4bd2-b2a3-2eb48b933c2d,AR005,2025-09-24,
014c944f-ef85-4ad0-b922-e643cbd81ade,AR006,2025-01-04,
c45080b3-1a06-4f0f-b500-c0f71c642d1f,AR022,2024-08-26,
09ec2d1e-6d81-437e-9847-b2b4e76e5fc2,AR005,2026-03-22,
f4ef62d3-8d53-468c-b28a-7ee1f843073d,AR020,2024-07-26,
2274990b-51c9-48f0-931c-e8bb5a942658,AR028,2024-11-29,
30f44138-7653-4cca-8ee4-e81fc36682f4,AR015,2026-06-10,
1fa791c6-75bb-483c-8f10-a75742489104,AR006,2024-05-31,
5ef1cd3c-d123-4299-9752-f3d26d87682b,AR019,2026-03-20,
6c5ea32d-7181-4fb2-90af-b4565d1a02c0,AR006,2025-03-19,
c62e9e9f-ef96-41b0-b873-9000ef640429,AR006,2026-05-03,
1388438a-5801-4882-972f-ba454b2225c1,AR009,2026-03-06,
571ec02b-48d6-40c1-ac41-36c0b5cb200e,AR005,2025-02-10,
2ef96697-a451-4b2f-8efc-92bc12f7cf25,AR002,2025-01-09,
8464d651-c458-4e52-a66a-a24a84e1b64b,AR006,2025-01-03,
2e5413b7-303b-4859-89df-d2ab98686a59,AR002,2025-10-29,
10d1950b-c537-4d4c-a90c-c9a77dc2e283,AR006,2024-09-09,
5028ca69-c00d-4041-9eea-4e442bdca9c8,AR011,2026-07-12,
e18da7e6-ba41-4f28-82c0-4e5a58051a27,AR027,2024-08-10,
0bf3b9e6-2beb-4f0f-a911-1cd45cb69901,AR001,2025-12-03,
88a44b7f-49a4-47b4-b571-2b8f7c0cfc67,AR013,2025-03-02,
8f0ce463-671d-40fe-8d0f-b9411d3e5e97,AR006,2024-06-27,
82fda82e-4bd4-494e-8734-d6db0def5b1e,AR001,2026-01-13,
6f110732-8a14-4c31-9411-b408c4d02780,AR004,2025-08-31,
20ff5b57-0de3-475b-b6e2-be5f5ef43234,AR002,2024-09-02,
7754f4a9-7f3c-428c-a98c-03f906ecd6fb,AR003,2024-08-01,
a923ad90-db2c-45e1-be71-a4d82a8de47a,AR004,2026-01-31,
1cf3007b-42e0-43c0-919c-374cf03b5ea5,AR006,2025-06-07,
e343e32a-3227-4fd1-9cae-27d6d303cad0,AR009,2025-11-07,
125ea607-5bf1-4ce0-a842-eafde0f511e4,AR001,2025-05-31,
b340d1e6-e207-41d0-b9b1-4f767d430e04,AR003,2025-09-28,
6681c3bd-f9c1-4331-aef6-eb5c1fce3bd5,AR002,2026-08-19,
0b48d68b-f835-4c60-a94a-fe234065f308,AR010,2024-06-10,
cbe4c5e2-e8fa-4d49-a3a4-aa121511b198,AR005,2025-02-15,
22e889dd-0e95-47ab-b7ad-26f973396f2c,AR010,2025-07-18,
782b8371-6fc3-4a3d-bea1-b3a157158305,AR003,2026-05-22,
30efed49-c2cd-4c89-95a8-0018328c3fdc,AR001,2026-06-22,
d63f2d4b-4aac-4f0e-b545-c26c2e2c3423,AR028,2025-07-03,
682c4482-829b-4e3e-bbba-0daebee5ac5d,AR002,2025-02-05,
3717054f-d702-45d6-8e25-9d8b89d89289,AR002,2026-01-09,
e234c994-6641-44d3-81b3-1902526ae6a3,AR002,2024-11-14,
e30e3b56-ad5b-4edc-aacc-9395f47ef694,AR030,2025-09-16,
cdfd4cd8-935f-4143-a079-88e00955e4af,AR013,2026-08-14,
ae493cca-59a0-4a8f-8e33-8142c7b05b9f,AR013,2025-05-13,
0f8b8e1c-252e-4335-8e01-324b6c0a2ee2,AR030,2026-03-19,
2d0ca67c-4aed-4df5-9c24-04f8335c2c9e,AR002,2026-08-11,
4794f9b6-881c-48e1-b77d-bc2def0e4134,AR029,2026-05-02,
828fdd2a-0780-47a6-a5f9-1a3ffaea53e9,AR003,2025-12-19,
abb7545d-4ceb-46a6-8e9c-580deb2e7454,AR014,2025-06-02,
50a03447-98bb-4d19-af98-c078ea6fc738,AR006,2024-04-15,
f286ae8d-240d-40cc-ac83-ab933e49a123,AR005,2026-02-15,
c1c0a7b3-8ac9-43ea-8e56-875461bf539e,AR027,2026-07-05,
12abc277-0588-49bf-ac0b-eee594562d90,AR002,2026-03-10,
47c7a457-4670-4495-8ccd-3e9f526eff10,AR030,2025-11-19,
ff7198c4-9b31-4a89-828c-687b5da7ba21,AR005,2026-02-26,
73f30a8a-53d7-4958-9c3f-502b6b467f7c,AR015,2025-11-17,
67b96e89-1626-4e30-b96e-e7bcf18661ff,AR029,2024-05-02,
f931514c-0b87-4cc7-993a-7229e9468f48,AR001,2025-09-27,
8b84b10b-9b07-48be-af80-10882739b04a,AR027,2025-02-17,
47093864-01e9-459d-bc45-7d8dccdf6da9,AR011,2025-01-05,
4ceb9555-45a6-4c39-82f6-712f6c6afb5e,AR017,2026-05-02,
6819ae6b-72ab-47e8-b07c-4df70eb55f3f,AR002,2026-01-20,
947d856a-9185-4f62-8d6e-639eacf2e74d,AR010,2025-08-27,
2ea2ed3a-7c12-474f-9383-e1709545beda,AR016,2025-07-19,
952bdaa6-b35b-409b-bd4f-cbee4deadf7e,AR006,2026-08-12,
7530355d-d91b-461b-8018-61d9e07b1cd0,AR002,2025-02-08,
46420c0f-c9e5-4132-9b61-18a3dba1b2f4,AR004,2025-12-05,
bc4f58d2-ca97-4549-b561-56a9aa96f0cf,AR024,2025-11-16,
5b0634a5-b4c2-479c-b39d-6b5d0c32c147,AR001,2025-03-17,
428e6eae-c480-4fc7-9848-9b777e11f1d8,AR017,2024-05-20,
22e886be-e58a-4f12-9331-273ea0ff23fa,AR030,2024-08-01,
62a7a706-99b6-44a0-8ab4-51292af53827,AR001,2024-04-23,
6947bb14-cf46-4733-b8a9-53dd3c6a6d2c,AR003,2025-08-29,
61e15ced-ae8f-4973-9ae9-69a0bc77ad27,AR016,2026-05-11,
7881a69d-7301-45c7-a6ef-21de19f97182,AR001,2026-02-17,
e7bcde6f-e30e-45ae-b25c-5c0c8f8de891,AR012,2025-10-28,
5029e669-dc37-4abf-b2b9-ee1c728c5230,AR016,2025-12-05,
43502332-d47b-4110-a976-0694e3d7b846,AR012,2026-02-24,
8e5be402-b82e-4849-b35c-b981f0c42f87,AR005,2026-04-14,
9b971186-bab0-437a-80cf-735a63319e90,AR017,2026-03-14,
ca87c7df-3f18-483c-9908-30227d7582ce,AR012,2025-01-28,
2c9191d4-f1a1-4cb4-ae1e-70afda8353a2,AR003,2025-06-22,
3fbd8839-b0cb-4bee-a448-d393834b169f,AR011,2026-07-22,
cce37daa-ca89-42ab-9b50-9c7f1425a789,AR025,2025-04-20,
6c8abf4a-ee59-4bed-93ba-97c126ead76f,AR016,2024-08-21,
d86a338a-2567-4fb1-a834-dedf3135cc09,AR007,2025-08-18,
8f939a4c-0258-4f16-b78c-14ab1ea586a6,AR005,2025-11-19,
3083e203-c77d-416e-b736-61f1ae914c24,AR002,2025-12-29,
6590af4f-d588-43c4-8076-3171bcf94a80,AR004,2025-09-27,
7e9b720f-ae13-4dba-8f72-6ffd45a5ce95,AR001,2025-12-24,
69b01fd3-a46e-4aeb-81fb-7655c36a021d,AR030,2024-06-10,
b260a178-742e-4b83-a5e1-88944f9176db,AR003,2024-04-12,
b9589bc5-5a7e-44de-8cae-3235bfa06a13,AR022,2025-10-29,
8bbcab28-9288-457b-b3ac-bc9fc5757469,AR003,2024-06-11,
e9ac16ae-d0a4-4194-b1d6-d70c5c250546,AR004,2024-08-11,
05cc12a3-d318-4aa2-b519-1bd55dc9ebe0,AR006,2026-06-18,
8b965d2b-0935-4c7a-9d15-9bd4246b5b24,AR005,2025-06-22,
62970134-f80e-4663-849b-0b6d7d88c170,AR021,2025-01-29,
6d3e7c62-e1d1-4556-b574-fce943097eb1,AR029,2025-08-21,
721db9ab-b94d-4f3c-96a8-cb0bb2b26fbd,AR025,2025-07-22,
d49b86d3-c83e-4f6b-b8fb-f4186afdabc7,AR002,2025-06-20,
3ac879f9-1e99-43e4-a30b-524ad91cc6a5,AR020,2025-01-01,
a6a7258e-76db-43e0-8c53-71d66b31b210,AR002,2025-12-11,
243a623c-b836-47bf-914d-26a0680f8bf9,AR027,2025-03-22,
b8127c1a-9a55-46bd-9d11-afc92997c33c,AR009,2026-01-24,
d146a4f8-de90-4388-8b69-c57691caeea2,AR005,2024-07-11,
db560226-8435-4931-94ad-54552fa5f3f7,AR003,2026-06-11,
99bbe0aa-127e-460f-b5d2-fb8e24afb355,AR001,2026-06-26,
98a13bd1-9146-43c9-accc-2d19c020dd15,AR004,2026-07-22,
826130cc-25b6-4d45-95d7-b0ac21ce466e,AR027,2025-10-23,
482325e7-81f5-4ecf-9a5b-f44d1cee6b08,AR021,2025-03-14,
7e07e47a-ba1b-4714-a734-0271c6959211,AR029,2024-04-18,
fcf092bc-1dc6-4e97-b1b3-d0748c44596a,AR002,2025-07-24,
36367e47-6dc5-4988-8e13-ad3e752b8ae9,AR012,2026-03-18,
5175c995-f23d-418a-946e-c2ec0ce9ee98,AR004,2025-10-07,
dd826681-4ed0-4354-a764-7582fe965852,AR010,2026-05-05,
4cc21d1f-f79d-458c-85a3-51617eef99cc,AR005,2025-07-09,
8d6e36e2-8012-4779-824b-8d9a2161da6c,AR004,2024-11-27,
82bc1241-daee-40de-a95a-161b9f1847c6,AR011,2026-07-24,
18f77ab4-29ff-4a75-b177-86eb5ec6a6b7,AR003,2024-10-16,
76d02285-a8be-4531-839e-ba0b88e5ed9a,AR007,2026-02-06,
ec899221-fd4a-4efe-9b25-1ba90d168b6b,AR015,2025-01-16,
996b54aa-44e7-4b3f-82f8-cbf7d907997f,AR002,2024-09-13,
fb7654ed-76a7-4b57-9d39-a40189f9d91a,AR027,2024-10-17,
1468ac54-4735-4d89-a3b5-7b6af1c4b5b8,AR008,2025-01-18,
e222d6fa-bd33-4916-b239-9af3f761fdb4,AR022,2024-12-28,
51d260bf-72ca-4db0-b582-36ef0fb2bef2,AR015,2026-03-13,
01ec1aa0-732d-41e4-89db-850bafa3ef99,AR017,2026-04-27,
982d805f-37e1-4269-a945-1cdbb712a65f,AR018,2025-09-26,
b2f2438b-3672-48f6-86b4-92af6fb3594c,AR025,2025-03-12,
170503c2-7e25-4b68-872a-fbd801651311,AR013,2025-03-04,
831f5c04-126c-4afe-9cfa-822056959e3f,AR004,2024-10-17,
011a9318-84ed-4ff2-a35c-94b5dcad5c45,AR002,2025-11-28,
0530c31f-179a-4202-86c7-85fb19ec2d37,AR013,2024-08-01,
dbc65dc4-9d14-4abd-8874-33d6282ab356,AR001,2025-07-29,
edc64437-136b-4c4d-8849-8a649353cf38,AR004,2026-01-21,
fc2c429e-f995-483a-afa1-57d4d5d446b8,AR001,2024-11-22,
152d06b6-9e61-4922-9429-7bd80b237e38,AR010,2026-05-05,
19c18824-3afa-41e7-a61e-df77e5254ddb,AR003,2025-09-05,
c1a3b4a4-a0d5-4205-801b-11161dd4fe60,AR013,2024-10-13,
1407ae13-6ee6-4475-8415-650f52af2585,AR021,2024-10-22,
4b797a1b-96e4-4182-85b6-f709969e45f3,AR022,2026-01-12,
f406c12b-cc3f-4f14-a13e-a8cd2b6c7d86,AR004,2026-04-01,
834c5cf8-3965-4e93-a6aa-79e166a55351,AR010,2026-07-27,
81ea11f1-9337-468b-9c51-bd1eb6f7f4c1,AR011,2026-06-07,
429cb083-9ba3-489b-a1ea-bbd47db84f6f,AR007,2024-09-05,
6b859347-2a48-4c58-b588-89534586eadc,AR015,2024-10-11,
3b07f29a-8b16-40cb-9083-6542aefa605c,AR003,2025-06-09,
e0cf0f9b-404e-4ef2-9e55-5ad7e1b2efdd,AR030,2025-04-15,
129714af-4869-4ebb-98c9-def5efd20764,AR002,2025-11-12,
f130d0aa-e442-4a13-bc28-39c8e0074421,AR023,2026-03-09,
a034a98f-255e-4683-8b9c-e03a36c76c54,AR012,2026-08-14,
307075cf-828a-4d3e-a82b-535208b865b2,AR004,2025-01-16,
c115450c-961d-47fe-8ced-3c30b245e3c5,AR019,2026-07-24,
c2a8e5c0-7d24-4472-974c-f108585487c7,AR002,2026-05-24,
f2fee8d9-2664-437a-af4f-e6b3252c7e0c,AR020,2024-10-03,
c68dc4f1-707f-4f80-a185-f9cdfc97591c,AR012,2025-04-03,
e3b74b25-8171-44d3-bf82-c28108ef7603,AR002,2025-06-23,
5c742377-b726-405a-a3af-fd5d131e74c9,AR002,2026-02-14,
39850b35-1894-423b-9606-d3f422839adc,AR019,2026-04-15,
e1f0fe99-cb99-4d6f-86a0-58215b7f3e30,AR004,2025-07-14,
d3fd6585-a8f3-4895-ab41-d580030cff0a,AR026,2025-10-16,
d65f954b-35cf-481e-b41d-133bc4da4331,AR020,2025-05-16,
d8b12d0e-8879-4138-b0c7-df1f472ad58c,AR017,2026-04-02,
7ec72d72-fe49-40b3-9ddc-68d63602cd70,AR004,2026-02-03,
14e50fc7-42e2-46db-af6c-07f80c91b673,AR017,2026-05-17,
76cd0bc8-4b1b-466f-aa46-5ce3d3f69df0,AR028,2025-08-19,
c2213448-cf26-449e-8add-8d4a83f007f6,AR002,2025-12-26,
9bfb6550-5632-4820-904b-0baae99c29a3,AR005,2026-02-10,
5c0c2812-b632-4df4-a92a-1cd27c06294d,AR004,2025-05-02,
36e5cd31-4346-42da-afc2-47e5008143e4,AR006,2025-06-17,
4fd4941b-6e7c-4687-8418-eb621835f057,AR019,2026-02-22,
8bfd6f61-6f9e-4cc8-85b5-9e0da9c649a3,AR007,2024-12-23,
fce48a1c-349f-4d30-87d9-72bc7425e815,AR011,2025-10-29,
9c53ca1f-648b-4a00-81b0-56e44c11319e,AR005,2025-10-31,
218699d3-9d9d-48ac-9162-6af967087ecf,AR002,2025-07-04,
16d4369b-5f09-4b2e-b148-08527ccbd3da,AR004,2026-04-25,
22a3f99e-9634-446a-a58f-0a240aa20030,AR024,2025-08-23,
9bf791cf-587f-4950-8404-a907155668a4,AR013,2025-04-04,
f5e2d6f8-7695-4a5c-b530-ce9d766b70c8,AR005,2026-05-04,
da03003e-64df-4e71-934b-1f9864bd7a7a,AR021,2025-04-19,
d07b7046-0bae-46b5-a32a-b324abe87292,AR001,2026-07-21,
b172c236-1d3f-4069-9b84-5fad5624d5c1,AR004,2025-03-16,
fcb2e009-1679-4d7d-b6db-02c37ef3cf94,AR003,2026-07-24,
76b80bde-bfe0-403f-bf37-07f29ff34bc5,AR030,2026-03-24,
fcb2bfce-8d97-4855-934a-9ce68fe54e4c,AR017,2025-10-23,
41a02100-5308-48e9-8e0e-f80f32e4bbf3,AR013,2025-03-07,
1def1406-cea3-45ec-9cd8-bc21a4ecd304,AR001,2024-12-06,
c288e3cf-4985-4991-9ed2-048c462b1952,AR003,2025-07-12,
e71ea631-5061-48c5-a4f7-df9379a54f0f,AR014,2026-05-01,
682e32cc-047b-4804-8e61-340e2a818dca,AR005,2025-09-20,
9af88812-c94f-4133-a185-c743c26c6a94,AR027,2024-10-08,
daf93e48-8f79-4c35-a88a-ea67673f6a7f,AR020,2026-06-06,
aba1dda1-5575-4239-b181-074630c1aeec,AR006,2024-12-09,
531537d2-ec76-4750-8264-abc4576eba2e,AR019,2025-09-22,
40861345-203b-4b45-bbea-0f7b4dbc38c5,AR029,2026-08-20,
5ee75318-3354-4f87-8a19-86877cb5b920,AR006,2024-12-27,
8cb30edd-5e14-40d8-8a1a-88ec79166198,AR014,2026-07-31,
6fca7e9d-88c7-48f2-b2c7-f10b8627fee1,AR027,2025-10-06,
f312aba4-82a5-4c23-9fbe-286c448eb0ed,AR004,2026-03-07,
07a56e2f-838a-4558-9711-a723c74e969a,AR025,2025-04-02,
ebf9463e-8f10-475e-bc58-87a5033b7725,AR002,2026-07-06,
405b0b4e-6eaf-4587-8701-1c944f088972,AR015,2026-06-05,
f5466646-e1a6-4864-acb6-333ed8a49076,AR021,2025-05-18,
9f27a3e5-aab1-4b24-adaa-eda092335b0e,AR013,2024-04-11,
9393f3b1-4e6b-4477-9f8e-1c08e6fdcdc7,AR008,2026-07-20,
50c9763e-f248-435a-8014-1417da8e17d5,AR013,2025-07-19,
2a94350d-9ad0-4add-b89f-f0d1caedf651,AR002,2024-09-24,
3abae46f-ec04-429a-ae3b-a662d58325e5,AR003,2025-12-14,
3ec7fdf0-a972-41e8-a0de-af07f3809572,AR004,2025-06-21,
10d46fb8-8af6-40ac-893d-232fec88b05f,AR012,2024-08-24,
5b741c3b-5891-4194-bcd0-da289c6cfd2d,AR006,2024-11-28,
3779c1f1-b442-4b56-8be5-489327caccb1,AR004,2025-12-11,
fc72ea89-7105-4aec-84fc-db87ebcb8c9b,AR025,2024-11-08,
d18db289-cdcb-4f58-86b4-723bacf70580,AR005,2025-01-13,
fa0d8ede-3a0e-4514-86e3-f6cc2e4197d4,AR006,2025-06-09,
e41daa02-012b-48bb-ad61-5df0da0e9777,AR006,2025-08-05,
ff5756e8-6cbd-4bf2-b641-ed3b05bd56cc,AR003,2024-06-09,
cb518d68-89f6-49ae-a1fe-2a9a331d1df3,AR018,2024-07-24,
368918c8-9150-4456-8a6b-89a6f5c390cc,AR006,2024-04-14,
1d15a79d-92e3-4ee8-8003-f3b07ec7fe3e,AR001,2025-01-13,
4651fbff-6d39-4150-aaf4-6fc41776c691,AR029,2025-10-15,
2c04f8a6-b89f-4f85-aceb-3bfcd9848406,AR022,2026-05-20,
a1c37163-ba82-49d3-953d-73c3ba2d1a74,AR018,2026-05-06,
778d7697-a787-42c0-90bb-4a6cf192e9d3,AR025,2024-05-18,
2098dd87-92ce-45ea-abe5-5c7fddfad331,AR026,2025-10-11,
8793986a-e24f-4661-b9ce-3fdb3a84636e,AR005,2026-05-19,
eac74d98-1f12-47b7-b54f-b41c60b7d9ad,AR013,2026-02-10,
21e3792f-94f8-4b68-99ac-5b8408151929,AR013,2026-08-05,
a01bd7d6-bffc-413a-be8c-7cef610f6fe7,AR004,2025-05-19,
9b976124-a59f-420d-b0d1-905c3f64c5e6,AR003,2025-03-27,
5ef43918-38ae-4e42-99a6-04716ae3c9d7,AR002,2025-09-28,
5d0748cf-7bcd-4bc7-8e4c-d6e18a03cf06,AR015,2024-11-14,
04a44a3a-55ac-4d5a-afd6-086fc7e83e03,AR021,2025-07-02,
7d2ddc8d-00b5-4c44-b88c-4b6b32d3321f,AR020,2024-05-10,
662b5849-ca7a-4dca-af24-63d5cd4cb2aa,AR005,2024-10-29,
5eaf81ff-970b-4b2a-9de1-fa58ef75a38a,AR003,2026-06-19,
d9bee877-4b95-4aff-82de-16f7ba2ae5dc,AR006,2025-12-28,
3de874ce-f8a2-4380-b138-ce3cf2b2f0eb,AR010,2024-11-05,
e7596868-32cb-4760-8ca1-a6ce9095e72c,AR027,2025-05-13,
85ea4b19-b770-49b2-929a-021a0249c31f,AR025,2024-11-06,
b59034fd-e778-430c-88aa-855e2da7b57f,AR027,2025-11-05,
d5816846-35d5-4208-96e3-9c1a625d16c7,AR024,2026-07-21,
2479f79e-effb-4955-86b9-1b58a06ae106,AR029,2024-10-10,
65463eee-e641-4732-88a9-56b1cd08a16e,AR006,2024-10-10,
33f021bb-8cbc-4a7b-af3d-5720f9ce7c7c,AR001,2025-02-13,
7a91d263-8b5a-43b0-b3da-b4ecde3c8d19,AR002,2025-09-06,
e33a3917-e6a0-4bb7-b1d2-2cd642f92767,AR006,2026-08-16,
7023269f-3fbd-41dc-8f5c-1fa0da5cfaaa,AR004,2024-11-28,
f2093e40-4b3a-444d-8132-c18466c320f3,AR003,2025-01-26,
ac02a8c6-a21f-42b9-9ac7-3e40fcc610ca,AR028,2025-01-20,
32f3e624-5b72-458d-81c8-3e50ecc66da3,AR003,2026-03-28,
f8da456d-2869-4bd0-b901-6b5e61c70bbe,AR029,2024-11-25,
e28ef585-2039-47d5-aaf6-279d973c498a,AR020,2024-12-01,
93c708b7-f991-468d-a77b-170c4315ee77,AR014,2024-08-07,
98d4eed1-d45e-4670-b89a-5bc08cb32a83,AR016,2025-04-17,
868a53a8-2b23-4877-ba40-f430be998e51,AR005,2024-11-25,
6a5e9a43-9de7-498d-a0d2-a980fbb98200,AR015,2025-09-08,
cc919c88-78c1-4a1c-b831-668903782613,AR003,2024-12-25,
700af738-2855-4862-9ff4-66a32f116c56,AR028,2024-12-28,
cde8160f-d292-4d5f-b8be-f9022141642c,AR004,2024-10-14,
b633d32c-1478-41c6-af9b-ce76e72fa26b,AR004,2024-08-08,
45cfc5d4-5149-43b9-be1e-828bac3fc59f,AR018,2026-08-21,
9a71bbd0-0780-43ff-9650-120c805a835a,AR015,2024-10-15,
bbc769f8-93cb-4256-b641-cef3b7c8f2ce,AR006,2024-10-03,
2d9404b2-fe57-4fb6-a1ee-396c5a64fb1e,AR014,2025-05-06,
a8d9606e-e549-4550-8791-68fa3ccc4eb1,AR003,2025-05-28,
4f41e548-fbd0-4038-b1ce-4978424d111b,AR016,2024-12-03,
dfc96ab1-4aa7-4f41-b7c0-d4fe9592d9d3,AR004,2025-07-23,
731e1d28-6720-421e-abb1-3816a624de98,AR004,2025-08-28,
0882acca-8030-4680-a624-d6b95b4710e9,AR003,2024-09-24,
c5ce371c-bb84-44c3-8e6c-f5abd1c5e030,AR005,2024-10-06,
a7b363c8-3fa8-48fd-87ff-6cc299960e68,AR005,2026-02-24,
10bf527a-20ac-4f01-b3c7-954016ac9fec,AR006,2024-09-01,
3c21a1c5-486e-41ea-821f-a13fa17ec047,AR003,2025-11-12,
6ea71a59-9bb0-406d-8b58-b109ba9e9fed,AR003,2026-04-26,
b1066dc0-8087-4327-ae40-67d0bbd02aa5,AR010,2024-07-20,
128b60fb-9473-4a80-92ef-8a66aa9ab67d,AR002,2026-01-28,
c24aa5e7-ee00-4040-84f8-9423045a8cde,AR017,2026-02-28,
ee220a8e-1952-47a7-81ca-e10bc089c2aa,AR028,2026-01-01,
72940847-6414-4258-95b3-4f8a6e128721,AR006,2025-06-22,
bd8f970b-2423-45d5-8e3c-6fc67b7d58fd,AR026,2026-04-01,
dc521bb7-201e-4ba1-873b-794337d6895f,AR002,2026-04-07,
d1712a42-e3f5-4c44-9cf4-71717c082efa,AR001,2025-09-16,
7a63fc9e-8b9f-4f92-b4c3-7b8eb2b74160,AR018,2026-02-15,
1427a3ae-93bd-41d9-840c-1d93185ce23e,AR020,2026-03-09,
e65ea893-d963-4267-be9c-fbda36dce66a,AR023,2024-06-21,
eb0b1822-6065-4661-9227-26bd36313d7d,AR001,2025-03-23,
f3db671a-41a5-4d36-ab25-821723eaace0,AR020,2026-08-11,
3937af5b-59a5-4052-9ada-aaf61c94be64,AR005,2026-05-27,
02140484-0d5c-4dec-af4c-d97c4ad4927b,AR004,2024-09-14,
2f99ee40-fc05-44f2-9e3e-35c60bb8af6c,AR003,2026-01-01,
128ba85f-4f20-4275-acef-898b85528dbc,AR030,2026-04-13,
09e99b69-2167-4d52-9075-b569fd389d14,AR001,2025-01-21,
39769e68-dd46-4bc8-93bd-798b3518fb1d,AR023,2024-08-24,
6925be24-7cae-4e91-b73a-a46900f5ccf8,AR014,2025-09-11,
75bfbe25-6d8c-4c63-b3bc-de1f2e0e3ef7,AR019,2024-11-15,
e3c3ed67-efaa-4d79-bc64-0300ffc9a7b4,AR018,2025-08-22,
439c08b5-c3cd-4987-bf35-9748aa52982a,AR024,2026-05-21,
fb161f79-fd7e-4d5a-ab5e-314a932205bf,AR003,2024-09-28,
131e5093-a40d-483a-85c7-8f21a807a479,AR001,2024-06-15,
a9a607d1-0a32-4ef2-876b-7316b3ac290e,AR012,2024-04-19,
32446ac4-42b4-4483-8593-928576748eb8,AR005,2026-05-28,
bc204eb4-7658-4163-80a5-9cdffa764850,AR002,2025-04-19,
f21c8d60-a3e9-4fca-ab82-7a01b20e4dcf,AR003,2025-02-27,
8066fd69-9b83-4881-ab49-3e8defa956c2,AR005,2026-06-16,
2aed38ed-1fd2-454a-bbd6-b5bc0ab2cbc7,AR001,2024-05-18,
34ba1260-93cb-4b5c-8673-faa72b6a4678,AR001,2026-05-26,
8834170c-cb77-4a72-8069-ee0f2aab1202,AR027,2026-01-02,
3c4d26aa-9dc9-47ed-a2d8-73c7138cd6e9,AR005,2024-05-03,
e1b06c4a-f916-497f-8f6f-87b588142281,AR030,2025-04-27,
3d83584e-f071-4924-ab66-749d2b2abcfc,AR029,2025-01-10,
02ecf22a-4ade-47d5-9240-526d098d2b23,AR002,2025-06-20,
dc49109d-59ed-4b11-a071-47093bf3855e,AR018,2024-11-07,
dd933725-5078-4f9a-8f29-63f600a4d9b8,AR013,2026-06-14,
601d0111-68e8-434f-adee-2bd622c3b1cf,AR017,2025-01-13,
1640fcbb-bb14-447b-9845-f4a922504427,AR002,2026-06-27,
d68b4185-27fa-486a-bbd1-ffebe18d8b06,AR003,2026-03-20,
af45228a-fd90-4200-80d4-bc733cc5928a,AR001,2025-06-09,
05439994-ed50-456a-94d2-807b3f7d15b3,AR013,2025-07-29,
225ac333-1cb7-46b1-99ec-766e9287f840,AR030,2026-04-13,
8e42e56b-9e57-43eb-b81f-fa4630f72706,AR016,2024-09-28,
06dac788-8a24-47af-914e-3b45cfff060d,AR017,2025-12-04,
669a06ea-2edb-4272-b988-b42bb71ca26b,AR030,2024-07-31,
b398c669-8fac-4de0-aae0-ddd5224fe9a4,AR016,2026-08-10,
45dbfb09-8302-4e1e-b51a-a779e946b9c6,AR001,2026-01-29,
09284fd6-cc94-4e7b-83d7-0bce070a6ade,AR025,2025-12-08,
33ecf228-ba51-4bfe-a6af-bdcfafabaea3,AR005,2025-03-23,
c6721a82-8450-4af9-81de-021558692657,AR001,2025-09-09,
77581c4d-a7e1-4ff8-93e0-7e5f882ee928,AR008,2026-04-09,
db3c6934-62a1-4e5f-ad48-64445f86d209,AR028,2025-04-14,
0b566e0b-4e9c-4218-a5f0-7cdf71e34ab5,AR004,2024-05-12,
dd0dd8ab-dabe-4199-9a6f-c3f9c028ffd0,AR008,2026-04-29,
a7a63e74-9212-43de-9883-bad7e9d8ca52,AR003,2026-01-16,
fb43662d-0c55-4ae1-af32-4b2362bbe888,AR001,2025-07-03,
a1244fb8-c157-4aab-9b7b-8042d20e75eb,AR002,2024-11-29,
30ff20fa-7cb7-4f17-aeca-52ec4de30eb6,AR018,2026-04-27,
f098bd9f-2401-4039-8681-b7aa3b88a904,AR024,2026-02-03,
5ea5a9bf-b6f2-4032-99b4-d4efeaf9b9bb,AR002,2026-01-31,
23c63598-8d8b-4eee-bf51-8872de821b8e,AR004,2025-03-06,
bad9cbb4-b85c-4971-b70e-45894b657c2e,AR003,2026-06-13,
6f09721a-8126-4bf1-bc28-87246df47edf,AR001,2025-01-27,
514201f7-202f-485c-8b2e-cac843cb8bca,AR010,2025-08-18,
e3b835e8-756a-473e-b5ac-4049c9852657,AR017,2025-11-11,
305706cf-2376-4d03-8544-b813bdc020e3,AR015,2024-08-03,
1aa64473-12b5-4b38-a3b7-9b6ed6b19e9a,AR005,2024-09-10,
c5ba5ea0-172b-4ea8-8727-0d01ec4444a4,AR010,2024-09-24,
b83779e8-82a1-4647-8085-3cf441be680a,AR002,2024-07-14,
9d14e858-29c7-4aff-bbd2-9905857452c6,AR002,2026-02-01,
9d4e7aee-e0a6-44c5-9726-16cf436377b5,AR027,2024-08-10,
3a91cac8-43c8-4aba-880a-592f843e8b61,AR020,2026-03-23,
0f5eede9-11e6-410b-81f2-b7dd86e4f9c5,AR027,2025-11-09,
1e0c2a5a-2762-4414-bb6e-e25abdecb393,AR027,2025-04-27,
ccf7cfa6-70ae-43d2-85e3-c61d1db2d8f3,AR015,2024-11-14,
4d8baa6f-0b53-46c9-bfea-7ac9da902ee5,AR027,2025-04-08,
cfb40a1f-2044-49fa-86e7-6c170b7c86cc,AR006,2025-04-24,
4a43f279-ebc9-4dd7-a2df-24863542ba40,AR001,2025-09-30,
3de4b65c-f6f6-40b8-a248-6484c88a9787,AR001,2025-03-26,
06b0c9c5-31b1-444b-aa3b-1be27bf91251,AR002,2025-07-06,
fe95546b-e716-4a1a-baf5-43c26f312b16,AR002,2025-07-04,
5f84d6bb-e258-40e3-8b2e-619b971595de,AR005,2025-04-01,
cddcf115-4225-48ef-bf1d-c0848d10c543,AR017,2025-03-19,
cd6dd806-ce03-4218-974b-b775edd867db,AR021,2025-11-09,
db3d6dbf-9cd8-4c47-9fbe-77afe455e9dc,AR012,2026-04-27,
abc5cc75-f184-4173-acfe-3fdb901718d5,AR002,2025-12-06,
f73c88bc-987f-415a-869d-ee904bf8d378,AR019,2025-09-02,
c53a6c19-7399-4d7d-b61b-555864d95298,AR005,2026-04-05,
21ce39c2-224d-4bde-8834-6cd63eb50693,AR001,2026-03-22,
02464dcc-094f-4e1e-b35e-febf7fa17c48,AR004,2024-05-18,
0206c596-8764-4313-8919-f0d6cebe0e34,AR005,2025-12-23,
a5519d03-e0e0-4145-a7d0-532d7b29306c,AR004,2024-11-19,
4c661130-e748-4095-8a79-0fa609328d0e,AR022,2026-05-04,
6e7254f9-b6eb-4115-a754-70cd9e5e049d,AR020,2024-04-30,
81c4b862-8c17-4582-a411-8938e438134e,AR017,2026-02-20,
bc71783f-98f8-47c5-8ebd-792e89159a2d,AR002,2025-09-15,
0df8fb0b-fd55-4bae-a5c1-ad2232e9ed26,AR022,2024-10-12,
40af49c5-f29b-46fe-9d22-6e21742dfafc,AR016,2026-03-01,
cff53d6b-870c-4445-97f8-61d55c0d1b86,AR003,2025-05-02,
d25d98b1-9358-4525-b890-2e2d3c6b4856,AR015,2024-10-09,
b426a1c1-aa63-42bc-9bf4-b5592a7e2ad3,AR007,2026-08-03,
d8c886f1-76bc-4cf6-9d84-d64269687795,AR006,2026-08-01,
7bca2ce2-f4bd-4ce1-b66f-04c56a89951b,AR002,2024-10-06,
7491a54d-78dd-4628-9932-e5ff7997c0dd,AR009,2026-01-07,
09890025-b04d-49ab-b310-ddc2f25b25c1,AR002,2024-06-23,
1159df13-0b32-4276-a173-5b0ca54f9835,AR003,2024-06-08,
13d9d849-6f30-48e3-897c-aa908472b194,AR002,2024-07-19,
13b1276d-d36b-4f99-b800-26e37322e560,AR028,2024-04-08,
d952a20f-bc11-457e-bcc1-83d983cc6126,AR004,2024-09-06,
a55cfea6-a71e-437c-9179-e7bf1e12119a,AR005,2025-09-24,
f9a33e53-a8a3-48a7-9340-f2bb711673da,AR005,2024-04-12,
496aea5b-4c2a-4ce2-9f1d-71804b1ac49d,AR026,2025-10-27,
0005ad2c-5144-4f43-862a-4c84bb9b6344,AR011,2025-03-31,
0d1b141c-e466-4bd1-9db1-18c1852553eb,AR027,2026-08-19,
fe0aa151-c699-4b62-9c8e-0deeb3dc986a,AR004,2024-05-08,
048d7967-fb01-4b21-9251-c1b9567a6341,AR002,2025-03-27,
2b7d795d-82ae-4d63-8243-8a7d304e9a48,AR011,2024-05-20,
81d6db4f-cb9f-42f8-ba4a-bed5e0fe3fd7,AR005,2025-10-21,
69e00644-4c80-47af-abe3-b424139cb555,AR022,2025-11-24,
4969e6b1-579a-435b-a350-c64f76446876,AR025,2025-05-26,
dd6140df-39d2-4a10-95a2-c09ad86ca7c0,AR007,2024-08-02,
4b6a7407-bf9f-4a9a-859f-8d258a006acf,AR029,2025-05-03,
5914204e-0ec2-4399-89bb-e02d49035e92,AR010,2024-10-03,
2dd44f3b-2265-4e56-b050-6e00d05a82a3,AR004,2026-02-18,
d71b4e98-2c30-4456-a182-21a513a91228,AR008,2024-10-18,
1541daee-8016-450c-a39c-4c8d84a9bd90,AR001,2024-11-24,
0a6f2c18-27a8-4c3b-b27e-46f2a07557eb,AR022,2024-07-05,
2d7faef3-c4eb-44a5-a477-45e9c07a8f08,AR002,2026-07-04,
c74c37f1-35ff-4c32-b67a-afb8abd811af,AR004,2025-09-23,
d04d998f-134b-4674-94fb-90f5f985c0f5,AR011,2026-06-07,
1d8b01f2-21a6-4a25-8782-686175c95b22,AR001,2025-09-09,
4f6d95ef-f95a-401f-856a-1dd4709c6ac1,AR002,2024-11-01,
5189bebd-7f9e-4a5d-8515-63e94bb80d9c,AR017,2025-02-13,
2eee6a56-1622-4303-8e5c-89e6aa4f2214,AR001,2024-11-06,
f75936f2-01a9-4121-910b-0d1fab4d3a29,AR007,2024-11-20,
62c71e8a-7ec9-471f-9a29-f615df9ca4e5,AR005,2024-04-12,
0d6ed201-0e3e-4d3b-a472-fd71b905609f,AR003,2024-07-19,
7efb4df1-58b8-47cd-9dec-45bef06a85fb,AR003,2025-03-31,
618bbb15-6200-40dd-bd63-ba073d1930f8,AR020,2024-07-23,
b991f26f-b35e-430d-9302-de8f7cb659cf,AR028,2026-07-13,
9cddb3b9-936c-4ca0-acc0-4848279e3bdf,AR002,2024-12-04,
7110f683-2bc7-4b21-a815-def825b80247,AR029,2025-05-26,
c9f147e5-4d9f-4522-9029-86e41edcd381,AR012,2024-05-13,
1f4174f8-4f84-4d1e-8e62-039dfa61538b,AR014,2025-06-11,
488ba62c-b8d0-41db-8904-2c2cb489fb0a,AR017,2026-03-21,
2873b6a1-876f-4bd2-af44-803b9b2cef8b,AR017,2024-12-02,
a28bf818-69f2-4888-be5f-1a8cd567b361,AR022,2024-05-19,
6a7e7d31-c9fb-4a32-8cae-c756d12059ef,AR007,2026-08-09,
4d110a10-4680-4f38-86f5-aaf4b5740cdf,AR010,2026-06-29,
991b87de-186b-465b-ad85-63cb56f8d038,AR005,2025-01-25,
d794865b-2044-48af-b3fe-81ecd9379205,AR002,2025-04-27,
bdb9a3af-50c0-484a-a92b-936fd0b7322e,AR015,2025-05-03,
95df91f5-748b-415a-8b13-2ad2b7363bb0,AR001,2026-06-06,
b517a1f4-dd12-4e40-af84-fdac4ad222ca,AR004,2025-04-13,
24b9ac16-0beb-4675-b15f-7a03a934b159,AR002,2025-04-16,
082bb423-1a8c-4f81-bf6f-7e381f9b5eba,AR003,2024-08-15,
ccd7e065-bedc-49fe-9c13-660a21405be2,AR014,2025-09-18,
45d90b57-e282-43b9-a4fa-39260df885bf,AR014,2025-10-25,
a52523ab-37ef-40f1-8cb6-fc1343148cc3,AR006,2026-06-13,
dc1e94aa-de9f-4450-97b1-04b3a2981ef4,AR002,2025-04-17,
f9a41c6b-6db5-4f42-b857-0e1a5dfb653e,AR006,2025-02-06,
45c6bac9-aaa3-4bdd-93fd-82ccef2b4456,AR005,2025-12-22,
2c4dd1c3-491d-4c89-8fa2-df36df8740bb,AR018,2024-11-25,
63b7ad29-a2cb-43e8-b948-5096998eb089,AR012,2024-05-29,
f7170af3-4dc0-4e3d-895c-96d70e05879b,AR008,2026-03-25,
d725ebab-ad37-4d89-9387-3e9385beef34,AR007,2025-04-12,
bb4075bb-e738-41f4-bcc9-932880df21fb,AR029,2024-12-27,
afb42dbb-97af-45a3-969b-4d4707f55eeb,AR020,2026-08-07,
4679adbb-161d-4c47-834a-5c588040e0aa,AR008,2026-03-21,
e7de2d32-1775-4768-997b-99053082c50a,AR007,2025-09-13,
e5da55f0-68ef-444a-b90c-c29eb8a8e81a,AR001,2026-04-26,
d78d47c4-6f03-4b7c-9778-0aee0a175a47,AR028,2025-10-18,
be19fb95-cb14-4c4b-803d-beae783a4ea8,AR005,2026-04-17,
a85946eb-d6fe-4797-aa0d-1c8bf7618578,AR004,2024-07-04,
b8997fae-3502-4676-afd5-968ea7bc2fca,AR030,2025-03-20,
d8340ac4-7239-4821-a98a-edc52dd5e4e8,AR018,2025-11-10,
f1eef819-b716-419e-a0d7-f4105b81c99d,AR001,2024-10-15,
63ebfa0d-d6d4-48f3-bd2e-7410fab7a026,AR001,2026-08-07,
0f41afcd-5a7a-4efb-ad2a-a8b34d0ceff2,AR001,2025-03-22,
f904608b-0c8f-4e1d-a276-0df656d973bc,AR012,2025-01-06,
da3b1723-8677-412e-92c9-71513defdd6c,AR001,2024-09-18,
ab85d081-9dd3-4a6f-b97b-23bd2f70222a,AR028,2026-02-11,
349d1c9e-f21f-445f-a32a-b331e33ab0df,AR028,2025-03-27,
af1f4595-5dc2-450b-a337-2adcdf33a0e4,AR010,2024-10-25,
368700e8-0cc6-4544-b0b7-4f8c86e6aed4,AR013,2024-09-29,
07302a92-2624-45f9-9e19-dbfd55de25d1,AR004,2026-03-24,
23e2d6ad-1455-4304-a990-2e585bdd8c66,AR001,2024-04-26,
19e853c4-17f7-428f-9916-f540aa474caa,AR019,2025-12-28,
ae07fa61-7ca9-4d99-b4e3-cd6da52e447b,AR002,2025-09-17,
cea71e42-1d98-4329-a4b5-9b6b5f9bf362,AR002,2026-03-09,
93bda933-4613-4f24-9ab7-f06e5540696b,AR005,2026-04-15,
4b80d430-299a-400f-a760-3977e2a2b52f,AR001,2026-01-13,
f443be78-912a-4322-b618-046c1f561b2b,AR006,2026-04-28,
0069f481-e0ca-414b-8167-2c63b847e97b,AR017,2024-11-24,
25eeb45c-6202-45f7-a181-7ac713a51d02,AR022,2025-03-22,
1d16c40d-a174-4adf-9799-c003c22631d1,AR013,2025-09-18,
fff59934-3edd-4743-b772-ad515fd68e62,AR024,2025-05-05,
cd4067dc-3c9e-4831-bf8d-abf90ba4eb1a,AR006,2025-03-16,
d86c8884-576e-4884-97f6-efee8f15c381,AR024,2026-03-16,
0afffee6-5fb3-4d63-b43a-5faf6671184f,AR008,2025-12-08,
2309f3ae-29f0-45b8-a81c-08969c6413fb,AR003,2024-07-17,
90b9322b-3c4a-4414-ab9b-4f37d47cbb5f,AR028,2026-08-13,
3e0de3c6-4e34-43c9-bb60-be9361035869,AR004,2024-05-13,
b7545d8d-217d-45d3-982a-9926876841f8,AR001,2024-05-07,
7b951c30-8e01-4915-a3fa-0ddc1bdfffec,AR004,2026-01-15,
64097fdb-8b79-44ac-a20c-6741d0570d12,AR005,2025-11-17,
9e642a6d-4966-4f66-a4a5-c8e1c057b3ca,AR005,2026-02-25,
b4ababaf-53fd-448f-893a-0a1f435c8607,AR009,2025-04-23,
f8b3b212-ee24-4453-8393-ea9847da322a,AR025,2026-02-18,
93f362ad-305b-41b6-b8fc-6e2a7276922c,AR004,2024-10-05,
144b45c3-ede5-4f0a-9b76-e8bea965f569,AR009,2025-09-20,
11bee98e-e1ad-4e64-95bc-aa5091be69b6,AR005,2024-05-04,
efded1c6-14a4-402e-8209-c89b775f4467,AR022,2024-08-11,
4eeb1462-3e4c-47d9-b2db-4624c1fc574c,AR003,2025-09-08,
d3dd68b4-ca7b-404e-8270-6410d0dbde0f,AR002,2025-03-23,
c2452610-b5b7-4cea-b5ac-23c2bf624a22,AR008,2026-08-02,
3482975a-4c09-4efd-a4ad-13e0928c2b76,AR016,2026-06-26,
18ddf27d-80ca-4e2a-b829-759a3e3d985e,AR021,2025-06-09,
a26089be-2a3d-4045-bdc6-4197e330056a,AR012,2025-07-08,
d2c64c1f-9a3d-400c-a31b-02a7792a4540,AR020,2025-09-11,
a3bf8407-9812-4c09-a753-539a12d09bbe,AR006,2026-06-06,
6e58ee67-1e08-412b-a755-86246c13e7f8,AR001,2024-08-23,
0205fb9d-5c67-4a27-b15c-8508bbde459d,AR002,2025-09-04,
fb121ac8-ea0e-40e4-83e3-09e21b4680cd,AR001,2025-07-11,
0b916f3e-8289-46f9-a0af-fe63216e8270,AR005,2025-09-06,
333911ac-2e5f-446e-a008-28774f766aa0,AR008,2025-06-17,
84596c4f-c55e-4bbb-afa3-cf538599ac97,AR005,2025-02-05,
77c7afcb-81d4-4989-8478-ee188914d239,AR011,2024-10-28,
d9f64b9e-2d1a-46ba-a1a6-91566ef2fc03,AR007,2025-05-02,
8225599b-3377-4df8-a4ef-58a5b359cfde,AR016,2026-04-01,
3cdfbd21-e598-4baf-b1ae-7325d1f72a5f,AR016,2024-07-23,
0fcd9c1e-532f-4aec-aaa4-bc3e60c4d4f8,AR005,2025-12-19,
82ed55ad-ee55-4adb-9b55-3ac53563c56b,AR005,2026-08-09,
5166e09e-c212-437d-90e6-3ad256ca8724,AR012,2026-07-21,
e1f4d6a0-a59b-47b4-b57f-ea7f23ab8a66,AR012,2024-10-19,
5f861949-a9b1-4984-91b1-9658d8cdb904,AR005,2025-09-21,
1033f5af-8350-4c0e-8fab-c4cb3b796b66,AR005,2026-08-04,
e35f9e86-3e29-408b-a0e8-ed5c60e2d1e8,AR017,2024-09-17,
3df046a2-7596-4503-ae1f-f35ccc412a44,AR015,2025-12-02,
97a38b1e-67e3-4c74-9f9f-3bf63b7944b8,AR002,2024-04-25,
50bfac81-e941-47e2-8074-8660ed6d0326,AR006,2024-07-19,
702bcf44-15b0-4650-8d25-7e70c547d973,AR026,2026-07-13,
67df58ff-8e55-4100-84f5-ddaf34e07132,AR001,2024-12-31,
4163c0ee-a78c-4217-8d65-6745bb8492b7,AR024,2025-03-17,
27f5b284-0c3b-47d6-aed2-1f1e146a879b,AR003,2026-03-27,
377ec0c2-c722-4d0f-bf10-01e9bb6710b8,AR008,2025-10-29,
382da9a9-4d35-4f8b-a790-ef22fdfcc757,AR006,2025-06-23,
a6708aac-fbdf-4ebc-b931-daba314886e4,AR001,2026-04-18,
ee2834f0-d4d4-466a-9e72-b31b0907e09e,AR027,2024-12-03,
84442fc1-25da-4a80-a3ef-da85d572a669,AR006,2025-12-25,
d4b6ab7e-7746-476d-ba3e-7eec72728a62,AR028,2024-05-30,
2be04ff4-4c10-4e52-8644-4e87965b6e62,AR004,2024-09-25,
bd627aa9-568c-407a-904b-adaee7529176,AR024,2025-02-18,
b984b9b1-8eef-4dfc-baef-224715ceb718,AR027,2026-05-11,
777e5f32-89d2-4d54-8984-c2df2437674e,AR011,2026-08-02,
45a4ff49-971f-42a5-abd2-daebbf03175c,AR003,2026-04-19,
810dc761-2cd9-4676-b357-3f6682529abf,AR016,2025-06-15,
b614274f-26e8-4432-9e0e-2ba86b100de7,AR010,2024-10-13,
04563267-d872-4996-97c4-17296cb4d9f0,AR028,2026-04-12,
5508116c-891f-41cc-825c-04bac2ecb287,AR006,2024-12-16,
e28b3388-4e74-4de4-ad40-3d0d7b020e8f,AR004,2026-07-13,
76ba833f-ec0f-45a8-af77-3d61e573838e,AR002,2026-01-04,
9f463c32-0d05-4ed0-ac33-2efd643a3758,AR017,2025-03-21,
dfe6fb35-771a-41e4-9840-5aa91d6a8415,AR029,2024-09-02,
2db87a51-9c9a-4579-8d96-91647108b5ee,AR001,2024-10-17,
ebfc925c-a0eb-4d5e-ada5-d995486c247a,AR019,2025-05-17,
262a4248-ca41-4aa2-b278-8537a82e4658,AR027,2026-07-23,
80973918-9d77-4591-9253-669782216651,AR001,2025-12-11,
25dd565e-dcbf-4f7d-8c5b-af5e3f8adad4,AR002,2024-10-11,
c6174686-36c0-47ad-b7c2-04828b2c1bb8,AR017,2026-06-14,
0d2a7ede-e75d-4cac-abc6-75b639b331a9,AR015,2024-12-17,
203833f0-2630-440e-baa4-977ece27e779,AR001,2024-12-19,
20c903d0-20ae-431b-a178-f649acadf075,AR023,2024-11-07,
b8779061-1473-45ca-9287-e7be74e9de80,AR009,2026-02-16,
cf7b261d-049c-4fcc-ab7c-f48734de30ca,AR026,2026-01-23,
3da47956-41b5-4535-82f2-93e67e5a91cd,AR025,2026-03-04,
73a6ce2c-f3e9-4c8d-a99f-ae2840c6a2cb,AR022,2025-09-15,
a1c8c728-8c14-4ebf-8116-fcd469183444,AR009,2025-05-25,
6badfe2f-f4ae-4d60-aaab-0f72b817276e,AR004,2026-05-11,
7270fea3-96f3-43b0-9f4d-ceebb907b69c,AR008,2025-04-17,
c26b660a-9135-4a49-a3b2-a3024155f095,AR002,2026-01-28,
e4efe911-bf14-4b06-bfaa-7dae73f0f68f,AR015,2025-04-21,
7b9b82d8-f5ad-409c-b0ba-6a2e1ea2aed5,AR002,2025-12-03,
fab279e0-a074-43c5-88aa-5f07802c7f90,AR009,2024-05-15,
f0149d2d-ee6d-482f-8376-ea5d82529a33,AR001,2025-11-19,
38631be2-2828-4718-90d0-dca0f8e5d328,AR004,2024-07-26,
e0ed6504-d234-40b7-8c5d-1927a3634bf4,AR003,2026-03-24,
a4134066-b6a3-49d7-bf4b-c70a38eef42e,AR013,2026-06-11,
be5c0707-7397-442a-a8c3-7f96d132d256,AR021,2026-03-12,
7d5062d1-a33b-42e6-ba7c-a4857f931262,AR001,2025-08-24,
bbe8d7d8-731e-4588-87b2-0f0ca23f1154,AR024,2024-06-30,
ef688294-8d1c-4fd4-88b3-8b0307cc8d0b,AR024,2026-03-23,
23693bbe-6d3d-4e4e-b75e-a1d367e3b22b,AR005,2024-10-11,
e6deb384-a560-4851-9c4e-103156b64e5d,AR015,2024-12-25,
25fc905b-55a4-4a88-8d24-75135a56b65f,AR006,2025-10-28,
a0d0de16-c0ea-43b1-a86e-8bcc4a6cbeab,AR002,2025-11-04,
470261b7-c7c5-4c75-a385-fe0ce69ae588,AR009,2024-05-21,
81f95610-906d-4a74-98c0-f51b2d84797d,AR002,2024-12-10,
89f8edce-40ac-4f89-b1eb-144e59e1619c,AR025,2026-01-28,
016a44ad-3e78-4ab2-a68f-16c36fe15b9d,AR027,2024-06-21,
f6861877-7712-4684-b1e4-381764703a29,AR022,2025-09-04,
8b19f55b-3c4b-4d9e-a038-4707faac3bcd,AR011,2026-06-15,
94e09e73-b192-4252-9409-4d428eceecb9,AR011,2024-09-15,
6f98d0fb-5a77-4290-9782-62fd7b772f60,AR030,2024-07-29,
3ac0685f-a836-4a0b-a8f3-2c294d4f7fa2,AR004,2025-08-03,
c10c216f-565d-4bc0-817a-5d8d01a2e17e,AR001,2024-12-19,
af63b6ff-7cf5-4421-a329-15c1e6962937,AR011,2026-01-31,
13802b29-ea1c-46fd-b38b-f7370112fe54,AR005,2024-08-14,
85dc2a59-3b3b-429d-a035-4f747ad7de30,AR005,2025-10-07,
6a9f5482-bcf6-49fa-ba16-12d42c4af778,AR001,2026-01-03,
e54f1021-0716-415b-b2ca-35fa829ade55,AR012,2025-06-14,
b1686b4e-111d-4661-9501-539120f424c1,AR004,2026-01-03,
ef4f6cfc-42f6-44ab-a7f5-581e06535239,AR003,2025-03-02,
2938f78b-ac58-46ed-aab9-90e372ec8574,AR001,2024-11-11,
da91c8cb-e070-40cf-bfa9-d1e8abed2c3f,AR005,2025-09-05,
0d5cb282-2997-4df0-8458-c4e3d1523ec6,AR025,2024-10-11,
c7bcca9f-f171-4af4-b276-0a742dd211d9,AR005,2025-08-13,
8fa0b732-a24a-41e9-8c69-e057918e8232,AR016,2024-05-01,
83875a3f-345f-4e31-aa45-3144bbe87ac9,AR020,2026-01-06,
fad2979f-531f-48b2-b611-5de221304f4d,AR005,2024-12-18,
99b7e069-1061-48fd-9f06-62e263c5442f,AR022,2025-05-15,
5d44e906-1340-4f23-afb2-7fbbb3b5f3d6,AR017,2024-05-25,
6c85926e-cff0-491a-a45f-fc4e01500cde,AR011,2026-02-14,
f7c48f4b-2879-4e73-a41b-9080d8bb881b,AR001,2026-03-05,
62825228-071e-4836-ac1e-2f099f696244,AR001,2024-07-30,
5636ab6d-d433-4ea2-9f58-291a6818dc01,AR030,2024-07-01,
2cc78156-a2cc-4232-a65a-dba277bad965,AR021,2024-11-11,
b083d162-f07f-4dad-b590-38061ce38533,AR028,2025-07-06,
8da70b07-d0aa-4bd8-8122-a26d60d5c475,AR026,2025-09-01,
533a01c3-44a5-49f5-af43-28ccbc7c5cad,AR001,2025-01-21,
9531f762-13ac-49c9-a1bd-da4f1cae08ce,AR021,2024-11-11,
794c9632-1b2d-431f-a5e8-231aaac68ab8,AR006,2025-12-26,
99062053-aefb-4eff-8507-5db90ee8dd8a,AR021,2026-08-17,
d37f5b8a-9fd7-43c7-94ba-bcb1b431f70b,AR001,2026-06-21,
1b825571-6e68-4a06-8bde-8a6dd8fd4aaa,AR004,2025-10-28,
5595f4f1-d4e6-414b-a129-957ee1aa44a8,AR019,2025-01-07,
0b557fdf-c829-4ef4-8d00-bc9bb4ce278f,AR021,2025-08-05,
94e8acb5-1f62-4e8a-9600-c951c352d6f4,AR013,2025-03-04,
15c76d15-5cf7-4b13-9913-c68b0c1fd7e3,AR004,2025-07-11,
d8a6969f-03b8-4c8e-a706-8b0eec029a5b,AR004,2026-01-17,
6305348b-cebb-4efd-b0bc-b27f1d212fd5,AR029,2024-11-10,
776f8bb7-38d5-4034-af26-cd8775e88b5b,AR006,2024-12-02,
dc4381ea-8fd2-47c8-a361-a34fccb14e21,AR006,2024-05-08,
24aa76bd-b19b-435e-b540-f3ed7d38b154,AR010,2024-09-04,
e5544d8e-82c6-4066-b788-2ce1e3987782,AR006,2025-09-27,
f63a62b3-8753-4d7f-9b47-1f58174186f7,AR010,2024-12-18,
ecfd8181-367b-42f1-8436-936fb61cdf62,AR006,2025-10-22,
0bb9c5b6-d64e-4ca2-a011-4785340ccae1,AR023,2024-07-25,
c8ad2302-d665-4b13-ba4e-c4f04df2b688,AR026,2025-03-10,
8e7bb75f-987f-46e4-bc99-9f14cc721549,AR027,2024-08-27,
6e5fe6da-dad8-4965-b280-048855500bad,AR011,2025-12-22,
9c8435a8-f9c7-49c2-a471-a32dc01007be,AR006,2026-08-11,
5c28163d-c07c-47ae-8335-6e9f58821c65,AR017,2026-04-23,
1770fe30-35d7-4962-8a2f-493212b56cb2,AR023,2025-05-18,
87aa9e63-4845-42cc-8f50-5027b04456ed,AR011,2024-05-09,
4ce90a1d-3919-4828-8fed-3aae8f0e297d,AR017,2025-02-24,
eba14abb-99f8-4fe4-8d33-bdf79d352775,AR019,2024-09-18,
dd607aea-1994-4db7-b239-5cc339a03018,AR016,2025-07-11,
2becad44-5a1d-4df3-b453-9274268a505f,AR019,2024-05-12,
15ef66ed-94bc-4d7a-873c-bd3d87cd7914,AR003,2024-05-27,
b2a627d3-e4b9-414c-8614-7fd19cd63932,AR008,2026-02-15,
4c5cf607-317d-4a2d-ae8e-cc13dff1a6a6,AR012,2024-08-03,
b0826fa4-5e9e-4bb5-94a0-a1d1a99162f0,AR001,2026-08-08,
0ca99fc3-2211-42a4-a67b-ce2999014b41,AR024,2025-03-26,
735ebd69-e501-4b60-80e0-60537f11bddb,AR013,2025-08-08,
2eb6fab8-c8fd-404d-b0d8-8429ec030bab,AR002,2025-12-04,
74832d0c-7e53-4d5e-bbf4-735990e3ff2e,AR022,2024-06-02,
8f158f61-fe2b-4a02-b59f-9c6204c97944,AR018,2025-01-24,
d6bc753a-8f43-42bb-97b9-bebeee6d9f05,AR020,2026-04-25,
ca5649db-ba95-494a-9ba0-a3c188e996b2,AR006,2026-04-24,
076f5ca3-e2e0-4643-8999-1f20ee19ef20,AR024,2026-05-14,
839fadfb-f473-4e8f-8d71-92c4e9b6811d,AR006,2025-12-02,
79173214-7ccb-4b2c-88f6-7d758651eaca,AR011,2026-06-25,
12823fc9-4dda-46d3-b66a-3a7585e83d73,AR001,2026-01-06,
79834d18-48ff-4b8d-bba6-20e129a1e50a,AR015,2024-10-27,
b57938d5-af22-4c05-8b26-61dd5a8ee9bd,AR018,2024-07-24,
4b19d15a-6f4e-4739-a090-b96cdffd04f9,AR011,2024-10-09,
e33ced73-bbeb-4374-8d47-9a954c97b72d,AR008,2025-06-18,
69501ea9-bb7b-416e-8022-37ca9d4f02a5,AR022,2024-12-27,
8b292241-cdc4-4987-bab6-750612b61810,AR016,2024-05-24,
9bf41cae-226d-4b49-a53b-a950123b887e,AR004,2026-07-08,
e9ec1574-e5f4-4d35-8309-09523a7192dd,AR029,2024-06-28,
b9721ff4-d780-46b3-bb6b-c547dbc1257c,AR017,2024-12-02,
6afe2222-c107-4b1d-89c6-b1ed3969d61a,AR030,2025-09-21,
e4ea2587-4633-471c-a2ec-b9b154556dce,AR029,2025-07-29,
b23bc2f2-f407-4669-9195-dee682d39d85,AR027,2025-08-07,
84b474aa-3d35-4bf4-a528-4523a8e040d6,AR019,2026-04-08,
7cc0eff2-0074-4dad-af75-9a792f3e5d29,AR013,2026-02-04,
d6563caf-95a2-41b1-b4bc-256730fe9c4c,AR003,2025-12-10,
bf9f0045-5009-48df-a417-a9e844fd6547,AR010,2026-08-18,
cb188759-507b-4ed5-a233-6ed695bfbb45,AR020,2025-06-14,
94a2161e-2bcc-4ddc-9b88-fecdb8a5b1ff,AR009,2025-07-05,
e880e705-aaee-4a6a-95a3-d480fc02e5e2,AR025,2025-11-10,
a4ed0202-308d-4535-9963-745636989ecf,AR002,2026-03-23,
b2093924-a7af-427d-a5e6-cd39b338ad32,AR005,2024-05-02,
088cfaae-a5a0-4601-97dc-2b16935625b0,AR008,2025-01-10,
d32fdee1-472f-48a2-a758-8918c2c89dbb,AR006,2025-07-06,
575acad5-309e-4035-8542-7c9dc841a56e,AR002,2024-12-03,
394648b1-9764-4865-9dba-c862c71bd84a,AR002,2025-10-04,
47ddc298-4628-4fb5-a63e-3a2215efa918,AR023,2026-02-17,
b268a56d-4590-4f6d-ab43-ce3f3dcb4631,AR007,2025-01-15,
7dcd50cd-540a-4a79-aae7-3bf120136517,AR001,2024-10-22,
559daf36-9fbc-4d5d-bd42-12fdfef44c6b,AR001,2025-02-04,
d0fb5f52-e78b-4f3c-bf14-c03d11d72590,AR007,2025-04-18,
7ba92f1a-ece1-4aa4-8639-b71a53f5101f,AR003,2026-08-21,
974d3c61-778c-46fa-a223-657378de8a4f,AR017,2025-02-15,
a5046067-54ac-441d-9d1f-1ef2ccc6cd85,AR021,2025-03-03,
296b0214-addc-4779-96c8-cbf68daf5087,AR003,2025-08-30,
340db4e6-82e4-4cd0-992b-21d502981838,AR012,2026-01-23,
57048f2f-36a0-4042-863e-309e6d959fe6,AR002,2024-04-24,
f3a956ea-306a-4e61-ac40-4d34684484a6,AR004,2025-10-01,
b0bd2224-2619-48c8-a0ee-0d0d28481544,AR025,2025-12-30,
87fc3dfb-3779-40cd-bae3-34f9137216d3,AR010,2024-12-17,
c78ceeaf-03f9-492e-b324-6b9b060fd229,AR025,2025-06-30,
576dd873-b25b-49d0-b3f3-ad2fefb379fa,AR003,2025-04-26,
d3bc230e-20c2-423c-a801-7e3b9b8a0575,AR005,2025-02-05,
b9882f41-c60e-4b17-8f3d-6672c42ecbe9,AR007,2025-10-07,
b0509a9d-91c8-486b-be61-726d6dd92994,AR007,2026-04-13,
a281fd78-4ae8-4fe9-bb83-d0a280bdae2f,AR030,2026-03-31,
93a5949f-0df6-4f66-a4f4-c9e556091ee1,AR002,2024-05-28,
1a65344e-9436-4272-9bfb-a8d33e1e99e6,AR024,2025-06-10,
1f4723fe-0c6a-41c4-9a66-e6cbab61d460,AR024,2025-08-26,
9ac308c5-38a6-4f8f-bc95-033feeeaecfb,AR010,2025-11-19,
07acb9e6-2e84-4387-872c-64fba2f8c369,AR005,2024-12-04,
0b51e8c9-9a56-4ed7-8044-47d0f45b2bc3,AR009,2024-06-20,
a8549265-c5bd-4b99-b340-cb01641bfece,AR004,2024-10-24,
8f9208ba-86b0-4be3-8228-dd5cb0bc2686,AR021,2025-05-16,
71ad31f3-8be6-441d-8f4c-26f574165f46,AR008,2025-07-06,
79b0cbbe-2433-4c88-8864-ae1216efb671,AR027,2024-07-31,
c644657e-d39d-4578-b0b7-5a16caad1b7c,AR014,2024-08-08,
b8bb15a1-0ca1-4273-a5b0-2880098b483f,AR009,2025-09-18,
5977f952-667c-4d34-82be-7172e50cc3fe,AR017,2024-05-07,
24fa4d55-6f0c-4d6b-8e9e-c02521ebc23c,AR008,2024-09-03,
26d980f6-fb94-421f-b304-7d3ea537a08d,AR026,2024-08-17,
3a2da835-0b5f-4734-95f3-56c16d8356b6,AR003,2026-07-05,
daa2e345-50f3-47eb-962b-d56d6d102514,AR029,2026-05-02,
8fd4b180-0c52-4135-b92a-54acc3122dec,AR022,2025-12-07,
104ca946-985f-437c-ad11-271d38bcb2ca,AR024,2024-10-30,
8a7ed84c-92c8-412e-8972-25f6aa71e25d,AR007,2026-06-16,
b6d7f658-4aec-4d80-98a2-5ee59ce8e834,AR023,2026-06-12,
705edb6c-7673-4fa2-902e-e3aae4fc9ab9,AR004,2026-07-27,
69b63cd1-2cf9-43df-96b8-15bd3ed573d0,AR020,2026-03-10,
8db0c600-1e2e-4bbc-af99-591c4485d038,AR002,2024-06-15,
e11678c0-4997-43cf-92a7-74e98ae68903,AR004,2024-12-04,
0dff2a44-53df-4ee1-a7a4-b1d4c74dbc11,AR006,2024-12-08,
f11ac36d-789b-4e39-9f5e-49b389f21973,AR005,2025-12-12,
51c307ea-36c4-42f5-b340-3cf01900af62,AR005,2025-02-26,
76282211-136c-448f-abb6-654f2d6d7dad,AR022,2024-10-15,
2bdc0e57-24c2-44bf-b47c-0f04e922e55c,AR004,2025-05-17,
d02e6b30-c4cc-417d-ad68-659ecf2371b0,AR019,2024-08-09,
f8e6c6db-e2fa-4430-9661-22228eb88f18,AR001,2025-04-15,
8b20efba-a550-4a2b-ad9d-85db8fa0efc5,AR020,2025-11-14,
791ca608-4bd1-42c1-9d4d-4706d08df36d,AR021,2025-02-14,
3b0f1486-1996-45d3-bc33-6e25dd516eed,AR006,2024-05-25,
b834f503-9d48-44da-b413-997cdd41950d,AR018,2024-09-03,
7f7191bd-f3c4-4bfb-b6a0-872cdb8c721e,AR027,2025-06-16,
13bed6a9-61f2-44f6-953d-ccdb4fe088d5,AR022,2025-03-22,
8cecf442-2cb3-414a-90ec-3f8f57cc8b6b,AR006,2024-04-26,
baf248d6-e014-47a7-bccc-c780c6d6d355,AR007,2024-11-10,
361fa1c0-a200-4bba-a957-b16b33609a0d,AR021,2025-06-12,
f87de5b5-4e1a-4360-8fb5-cd0762bdf4cc,AR004,2025-12-22,
0f2472f8-fa1f-44ca-958f-657f0602f095,AR022,2024-06-26,
5a7fbfb7-6f40-4c2a-86d8-572646d273f1,AR005,2024-04-26,
3847cc98-c8ca-46d3-a10b-ce6230241d4b,AR022,2026-06-23,
5a33f3a7-0985-4c46-a767-04fad11e702d,AR002,2026-07-27,
ab3dcde3-3efc-4faa-803d-f92da2764ae9,AR001,2026-05-15,
514bfa00-3cdd-4fab-8ba6-a90391b4c5eb,AR030,2025-09-21,
022faebe-103f-42de-9ade-21455e449e2a,AR025,2026-04-06,
eb8ce31f-27d0-4d74-b8e4-407291d92ead,AR025,2024-07-17,
6d38da29-b304-40c8-b5b0-21058b6df63d,AR028,2024-06-19,
35ed975b-60bc-40a2-b26f-d81b4540058f,AR006,2026-03-19,
65e955b0-dad1-475b-b649-f1cbf1eb825d,AR004,2024-09-01,
29d6e0d3-8cd7-4beb-8184-e9f85269944e,AR002,2026-04-23,
9f1b8b7e-7734-4282-96ee-642570b4699e,AR008,2024-10-08,
0ad8d30b-97e9-45a2-b386-4cb3a1b07a62,AR003,2025-10-10,
acc5cff3-c04d-4f1b-85e3-921ad585af7b,AR028,2026-07-19,
c9712708-f885-4011-b853-be6a5cb30cda,AR001,2025-08-16,
c046641a-059d-4a5e-a293-2f30d648989a,AR002,2024-09-07,
4fb1183a-5f67-4a7f-afe5-71f184212928,AR004,2024-06-02,
a5007856-fd46-4523-8fbb-e731ba7f96c4,AR003,2026-05-10,
1377999d-d97b-4386-a778-172579ecdb8c,AR003,2024-08-26,
e764e7cc-b234-4dc4-ac3f-6c9f7fcd4a7b,AR015,2025-12-11,
4f0f9858-4eaa-4127-a1cb-4e9151a2e304,AR005,2025-07-16,
6f8d9622-9700-46ae-91ee-ae3714d218c2,AR013,2026-05-21,
c6be1efd-174f-4163-b158-ac254a684a7b,AR026,2024-04-29,
72a879e3-586c-46e4-84c1-187740faca93,AR013,2024-10-05,
0850fce6-3d61-42a0-96f5-748a404e5904,AR017,2025-02-11,
253a715a-1928-4420-b166-3e1e0f5fdc73,AR005,2024-11-29,
f8c918df-cfb7-4c94-830c-1a90691755d6,AR003,2024-07-24,
2e009d9a-896f-45a2-8962-17588ad92b60,AR005,2026-04-21,
f2067280-91d6-43f0-8f22-cb52f2af0802,AR029,2026-01-21,
f78e23bd-a697-4c18-b61a-5f53c5f826d0,AR013,2026-07-22,
05fc1a1e-27d1-4f05-9ff0-b52ae26b9793,AR004,2025-06-24,
f39c08cf-4e54-4a52-b132-ec1230a2f9b0,AR006,2025-06-20,
fa245935-0321-4863-ae16-53825353893b,AR023,2026-07-29,
7b5e6ba3-4977-4c63-a2f7-74f8f6d9e6a1,AR016,2025-01-25,
fdf810dd-c3b1-40ae-ab42-86ae5a2ba494,AR011,2026-08-16,
5edd5475-be57-4f9b-9767-434174918cdc,AR025,2024-10-03,
9dc765c1-9ee1-42e3-8026-c844fd5298ab,AR016,2024-12-18,
cde7d14c-afa5-4927-b422-064abc7252ca,AR014,2024-09-13,
15bef4a1-3383-4947-a7c0-f19b48af4369,AR003,2026-05-13,
f682ebf1-eda7-465b-a6a0-c3c1370172bc,AR002,2024-07-27,
d121b310-9e14-4498-af14-78190e20bf2e,AR029,2025-05-04,
848adf0b-417b-4f75-9ffc-be4bbf33dd16,AR012,2024-08-02,
fd07d7f1-9846-468b-8490-7117dd228d8d,AR006,2024-12-26,
24203331-3160-4267-af68-0486d0fd10d3,AR012,2025-01-29,
d60ed6d4-691f-45e9-93b3-88f171a083f4,AR001,2026-07-26,
53ec9994-e5ae-4a97-8687-a597a58cf362,AR022,2024-12-29,
6bdd0209-7835-447c-8431-cb8724f6f5ff,AR003,2025-07-29,
bdbed95b-9e98-42fd-8ca0-92d147c086e4,AR022,2024-08-15,
4259acd3-3926-4e92-9de9-7d6a79cf2b40,AR010,2025-01-05,
0d0d05aa-48a3-4d64-ab86-0eae24bd2d82,AR004,2026-06-20,
eead398a-603a-4e7f-9f64-ab2664cbf129,AR001,2024-07-10,
2cf2c033-1ad9-4f9a-aba7-7bfae14d6810,AR022,2026-06-30,
841f461f-7a75-4de6-82ea-ac9cd18d5b5d,AR003,2025-12-06,
9c2e42dc-0ab1-4969-a2d5-9db4299a796c,AR001,2026-02-16,
dac13d92-55d8-44f9-964d-fb2ba9e3de63,AR020,2024-04-28,
717cf3e4-f549-4697-896e-5b397544aaa0,AR005,2026-04-12,
da87cb96-3edb-46b7-be07-1dc7df8717c8,AR006,2024-08-19,
e5d54538-1ffb-496e-8f68-2b8f6f9732ee,AR004,2026-02-11,
99bfe378-4ae9-447a-9bda-93b40a165c49,AR024,2025-02-03,
521a4a5d-c471-463f-bf52-abc1809ae4c2,AR004,2026-06-06,
ddc1905a-404f-424b-86fc-a5a08a95ef5a,AR003,2025-09-17,
8a20dfff-a4bf-4cf3-b69a-038a8c0d37cd,AR004,2025-02-27,
673a4ce1-c684-459c-9184-28cefb8d44a0,AR003,2024-12-13,
bbc7aa2d-ef01-4a95-ba63-583543b19c18,AR005,2024-07-25,
21ebe318-f3a8-4dd2-8c56-139ce0976070,AR002,2024-09-12,
5f2bf980-551b-49c7-ab7e-b97095835171,AR003,2025-05-29,
76d40054-db52-4aab-8553-d0952b147b28,AR006,2025-12-03,
9cec920a-9c0e-4b2a-af2d-16b771c112dd,AR025,2026-01-08,
ee622f59-0b65-482b-8761-bf1cf268113e,AR001,2024-04-12,
28ac0230-6c91-4824-a679-5e4df0e6b4a1,AR003,2025-03-12,
762acabe-fe05-4408-a46e-4718ebf03e77,AR026,2024-06-24,
b1edb54c-b6ce-45dd-9d69-0d7b086abb72,AR026,2025-08-11,
762e285a-b128-4e0f-a166-510d53e13dd8,AR016,2025-06-27,
caddb2a1-d9c5-46a1-955c-efddaf808dff,AR004,2024-09-04,
905e8518-bbf9-4768-9805-f5b7fe32fb77,AR006,2024-12-03,
d7b5e785-71bb-4410-8e7c-997420714eea,AR003,2026-03-02,
b2fb9194-4fec-4ceb-9c6f-2842bb68801a,AR002,2025-05-25,
fab24be8-e7ba-4595-ba52-2e2dfed563ef,AR005,2026-02-19,
8e68cd23-9cee-4485-9957-c9a63eb842b7,AR011,2024-10-30,
72183573-e7be-45ae-bc6e-c399cad50749,AR005,2026-07-28,
4953fd74-9167-4c56-86af-3acf3391d483,AR013,2024-09-03,
a8d44220-c7b8-452a-af5f-1a4961117acb,AR004,2024-06-06,
a9839429-c36b-4396-9ad9-9fbf0c26f0c5,AR005,2026-08-03,
2ccb3bf5-d979-46f3-bb48-69fe9dc7d423,AR021,2025-02-21,
cd977c15-28cc-4b9a-afce-d177f98b9876,AR025,2026-06-16,
c2e1a474-5d33-4800-8029-fd3025cd1cc5,AR005,2025-10-14,
f12a8cfd-4c56-491e-ae0c-ecf594146f2b,AR011,2025-11-04,
2adfdd0d-3afd-40b5-8e39-2093ea8548ec,AR004,2025-05-28,
937d8cd0-30a5-4a3b-92a6-1eebdebb7f0b,AR001,2024-06-16,
d7094b90-b9bb-4649-bcfe-1c6980f6b2d0,AR019,2025-07-18,
014902bc-e384-467f-832c-b855f98de94d,AR003,2025-09-11,
e75755ea-0011-4839-9a47-f210c552d29a,AR006,2026-06-04,
84aaa1bf-dc34-428b-a624-6a3de577c01e,AR007,2024-07-12,
9eef359f-af74-493c-a885-f0204e8bd618,AR003,2025-11-23,
f0113c31-a9fb-4529-b831-3a7e4111e0fb,AR002,2025-07-17,
4e88d1f6-40d8-473f-aeb5-b6d3320761a8,AR005,2026-06-04,
364f0e43-2b07-46c1-8b98-d2366d8245c1,AR028,2025-12-15,
82e1794d-ab74-4cd5-8722-8e32d16ebc65,AR013,2025-04-29,
07b55508-7669-4df7-90ec-d49618994f15,AR005,2024-07-01,
ea9d7173-7927-400b-9d2e-3c4a3207d235,AR001,2025-11-10,
05f8c4db-ce65-44fc-b08e-403281eea197,AR013,2025-04-23,
0e20b4ee-c925-4eb5-b2bd-5985e65c7c33,AR002,2024-07-23,
cb0a39c9-a94b-420d-9030-f4592685b10b,AR010,2025-10-14,
4df15f65-efcd-4b59-875b-acc923bd91de,AR019,2025-12-10,
3ac28a81-f7e3-4569-86f5-0fc97f1223b5,AR006,2026-07-16,
b8edd2ae-1b5f-4848-9dd0-4e0bd60d2e4a,AR004,2024-06-25,
eaa8175c-899f-4d62-8807-5fed96653ab3,AR001,2026-05-19,
dc75fbd0-2db9-4820-89ce-34468203a10d,AR001,2026-02-17,
5e917b86-8379-45c2-a603-7cf794b35f67,AR006,2026-04-24,
d63e4543-5354-4987-a3e1-2243da508d00,AR025,2024-12-16,
79de3d1d-0cbd-4453-80d4-e45a6ebed41f,AR004,2025-10-10,
