household_id,ethnicity,gender_head,disability,age_band,religion,nationality,immigration_status
76ce357a-9558-4a78-b57f-2e398e3b0155,not_disclosed,female,no,46-55,christian,rwandan,n/a
7bf5274e-8a4f-4907-9c81-70a508095235,not_disclosed,male,no,56-65,christian,rwandan,n/a
2b670446-9c78-4544-8f91-cf3557193dd8,not_disclosed,male,no,26-35,christian,rwandan,n/a
38222c28-cdd3-4ff2-b185-1f04ff48777f,not_disclosed,male,no,36-45,christian,rwandan,n/a
e867c83a-ca3d-4491-b22a-0ab9ae0914a8,not_disclosed,male,no,26-35,christian,rwandan,n/a
164d4e8c-f1f5-47f7-91f2-9823d40a678d,not_disclosed,male,yes,56-65,christian,other,n/a
fd9246e1-b15e-4e65-9c1e-cc8efe846dcf,not_disclosed,female,no,36-45,christian,rwandan,n/a
1cf63623-5324-4794-a17f-1c9c7086d599,not_disclosed,female,no,18-25,christian,rwandan,n/a
912fb662-459f-44e0-8aab-19b95e93d18f,not_disclosed,male,no,66+,muslim,rwandan,n/a
6041cc30-1011-4614-909c-acc9b4f7de8e,not_disclosed,male,yes,18-25,christian,rwandan,n/a
0e9c2042-5c2b-431d-b591-4b0d710e9b33,not_disclosed,male,no,56-65,other,rwandan,n/a
a3598f2a-fdff-493d-ae93-a09aa4ce913c,not_disclosed,male,no,46-55,christian,rwandan,n/a
8c296e4e-14dd-4c0a-811b-cca6f7b32160,not_disclosed,male,no,36-45,christian,other,n/a
068fd6c5-e3e9-428b-ac7c-7c785210d888,not_disclosed,female,no,46-55,christian,rwandan,n/a
10533dee-dfcd-4053-b044-7b6cad2b1a74,not_disclosed,female,no,26-35,christian,rwandan,n/a
5769d48d-e350-4e95-84e2-8df1b0d19ee0,not_disclosed,female,no,18-25,other,rwandan,n/a
b0d3e4a6-c50a-427f-baa1-98f205315fb0,not_disclosed,male,no,56-65,christian,rwandan,n/a
703b00fb-6387-4c9a-8973-33b4968d6114,not_disclosed,male,no,36-45,christian,rwandan,n/a
b68bfe3c-918c-4296-a9bb-0626ffb0f1aa,not_disclosed,male,no,36-45,christian,rwandan,n/a
c75f9de4-87a9-40b2-9868-97da4d74835a,not_disclosed,female,no,26-35,christian,other,n/a
2b535af9-f29d-4962-83a4-6a9488ea5b03,not_disclosed,male,no,18-25,christian,rwandan,n/a
376ef3b5-e2c8-4c63-8dab-9e894aaa2c16,not_disclosed,female,no,46-55,christian,rwandan,n/a
ce39a725-947c-4e45-a1ab-e2c01216a452,not_disclosed,female,no,56-65,none,rwandan,n/a
e888bb8d-74ce-457e-b1f3-f7f09a73d91d,not_disclosed,male,no,56-65,christian,rwandan,n/a
14a3834c-1e7e-45ca-a9c1-073263d10b59,not_disclosed,male,no,26-35,christian,rwandan,n/a
0f8796bc-7840-47a3-9a48-9921a83ab370,not_disclosed,female,no,56-65,christian,rwandan,n/a
2b7899a9-6ada-4857-b0ff-c8323d7e2c46,not_disclosed,male,no,56-65,christian,rwandan,n/a
68b38e20-8fa8-4b8d-9d1b-29ac36f65075,not_disclosed,male,no,66+,christian,rwandan,n/a
9e3c62cc-14c4-4242-ba65-0c1f94149f58,not_disclosed,male,no,46-55,christian,rwandan,n/a
ec3d9114-cb96-49cf-9f37-5aeccc8d63e6,not_disclosed,male,no,18-25,muslim,rwandan,n/a
2f874657-e971-436f-af75-b4065d699279,not_disclosed,male,no,56-65,christian,rwandan,n/a
13ad54d2-ec6b-4a85-9c25-d474ecc77a1b,not_disclosed,male,yes,36-45,christian,rwandan,n/a
28253966-0ad4-4663-89e1-86e1ed8d835d,not_disclosed,female,no,46-55,none,rwandan,n/a
bd246200-1ded-4de9-a64f-342da1696fe9,not_disclosed,male,no,66+,christian,rwandan,n/a
f63eeb9e-dfd2-46da-a0cb-34ed3ea417aa,not_disclosed,male,no,26-35,christian,rwandan,n/a
f0886b7d-664c-44f2-8d71-2652d355e182,not_disclosed,female,no,56-65,other,other,n/a
8d5c1efe-3c6e-4ccd-9729-85cb9a462f6d,not_disclosed,male,no,56-65,christian,rwandan,n/a
17222aa5-16e8-4380-9d22-acaf76ad42ad,not_disclosed,male,no,36-45,christian,rwandan,n/a
1ad26858-78e5-41c6-ac95-00e78d3d5bff,not_disclosed,male,yes,36-45,christian,rwandan,n/a
d5502dec-6957-42e5-9a36-d2b53ee68733,not_disclosed,male,no,26-35,other,rwandan,n/a
69f79839-be16-426c-91c7-40987b044372,not_disclosed,male,no,26-35,christian,rwandan,n/a
758d9e3b-fb06-4b1b-b301-a4411dd57f23,not_disclosed,male,yes,26-35,christian,rwandan,n/a
60709d5d-1c29-4279-ab42-6d6da51c2848,not_disclosed,female,no,36-45,christian,rwandan,n/a
c4475b7c-bc4c-4874-aec3-cd1521cc65ac,not_disclosed,male,no,26-35,christian,rwandan,n/a
f0da4b6d-b4b6-4f95-8026-1d824d470e2a,not_disclosed,female,no,46-55,christian,rwandan,n/a
e5b17225-5627-4c20-bbc9-c747a01bedb4,not_disclosed,female,no,26-35,christian,rwandan,n/a
88c7b8e6-1ebd-40e4-81f8-b8d2816fec82,not_disclosed,male,yes,56-65,christian,rwandan,n/a
db6cb015-fbc4-4cba-9313-1911ace4d9de,not_disclosed,male,no,66+,christian,rwandan,n/a
18adbc0d-0156-4eb1-a30f-8c728092d718,not_disclosed,male,no,46-55,christian,rwandan,n/a
f1298071-2993-4ab6-af75-7f2dcd06a736,not_disclosed,male,no,56-65,christian,rwandan,n/a
d439182e-41ef-4df4-b9b9-7d60aa6b7a27,not_disclosed,male,no,46-55,christian,rwandan,n/a
312f857b-cab9-42a1-b2cb-0ed81424d978,not_disclosed,male,no,46-55,christian,rwandan,n/a
61ada6e3-c4ba-4b08-bae5-dd4ff4381f61,not_disclosed,female,no,36-45,christian,rwandan,n/a
6647e63b-e1b6-4c49-88e0-017637d5ba23,not_disclosed,male,no,56-65,other,rwandan,n/a
4a030b40-27ff-4d80-96ab-1e8a4dde4db7,not_disclosed,male,no,36-45,christian,rwandan,n/a
85f4ff98-3266-4cc6-a1a0-8bd2d4fe327b,not_disclosed,male,no,66+,christian,rwandan,n/a
c1683950-4764-4ce5-981b-61d2bca95ed7,not_disclosed,female,no,46-55,christian,rwandan,n/a
298fcb3b-65c2-45aa-a753-801b4805dd1d,not_disclosed,male,no,66+,christian,rwandan,n/a
3205e914-e890-46ed-88ca-43dffc39d1de,not_disclosed,male,no,36-45,christian,rwandan,n/a
2825479e-b2eb-4c11-bd5c-daf1cf17ae60,not_disclosed,male,yes,66+,christian,rwandan,n/a
da2cd82d-866f-43ce-b905-9eda15eae38a,not_disclosed,male,no,18-25,other,rwandan,n/a
f24dad4a-6c1d-4e8e-b6b6-907e6a88b5d1,not_disclosed,male,no,46-55,christian,rwandan,n/a
4e048ab4-4583-4f88-967b-7803a7faf10c,not_disclosed,male,no,26-35,christian,rwandan,n/a
f52ccae2-a7f9-4ff9-b63a-b99e57d98c41,not_disclosed,male,no,26-35,christian,rwandan,n/a
1505889e-5eb2-423a-ad87-637ef6e4307d,not_disclosed,male,no,36-45,muslim,rwandan,n/a
59c33c49-2ec9-43d9-9170-7747a4b09f31,not_disclosed,male,no,46-55,muslim,rwandan,n/a
73ea31a1-5d2d-4471-a583-706f4ab9e930,not_disclosed,male,no,46-55,christian,rwandan,n/a
a8e592b8-0169-41ea-9e4d-28f6b4ddd004,not_disclosed,male,no,46-55,christian,rwandan,n/a
9f9726e4-1d48-430e-84b4-d015b949afaa,not_disclosed,female,no,26-35,christian,rwandan,n/a
60acc0fb-d0cc-44db-9d11-28f0381b23c2,not_disclosed,male,no,46-55,christian,rwandan,n/a
7b151a24-7abc-44f6-837f-48bffefa5680,not_disclosed,male,no,26-35,christian,rwandan,n/a
37ad6548-794f-4e0f-8ddd-39058af84754,not_disclosed,male,no,18-25,christian,rwandan,n/a
16a1bb3f-0db5-4728-b703-91f4095b19ca,not_disclosed,male,no,56-65,other,rwandan,n/a
96881b1a-1cbe-43de-b643-e1b0e01ad7ce,not_disclosed,female,no,46-55,other,rwandan,n/a
14b4f734-acbf-4fa2-a06b-5ce725f36a70,not_disclosed,male,no,46-55,christian,rwandan,n/a
6b571adf-c682-449f-a1d8-5e993cdbfedd,not_disclosed,male,no,36-45,other,rwandan,n/a
315179f7-a116-4b3d-b5ec-de362d2f0cd0,not_disclosed,male,no,26-35,christian,rwandan,n/a
6abdd368-62c1-4d99-bf3b-827a56d8a538,not_disclosed,male,no,36-45,christian,other,n/a
a574b017-e22b-43ab-a719-29fedd3fc0a7,not_disclosed,female,no,46-55,christian,rwandan,n/a
4b36655c-594c-4df5-8d6a-cef2af19572c,not_disclosed,male,yes,36-45,muslim,rwandan,n/a
794dd813-a69a-483f-95ca-61d6a5c25fb0,not_disclosed,male,no,56-65,none,rwandan,n/a
c12fd8b1-a5a4-4fb4-a877-a6d4de235964,not_disclosed,female,no,66+,christian,rwandan,n/a
650105fd-e6f2-4af8-9ed3-8915a2475e8d,not_disclosed,male,no,66+,none,rwandan,n/a
6c0c3c4d-7e88-49f7-b2fe-49e4d5da4f72,not_disclosed,male,no,66+,christian,rwandan,n/a
3c6505cc-5939-41ed-abc9-974c7ea132d9,not_disclosed,male,no,56-65,christian,rwandan,n/a
0f2d608f-2bcf-417d-a226-a6c6a8e97d4d,not_disclosed,male,no,36-45,christian,rwandan,n/a
16115c40-2dfc-4b91-aec1-d4385189bbb9,not_disclosed,male,no,26-35,christian,rwandan,n/a
bd113400-3add-4b81-bcb9-6e7b346cc34e,not_disclosed,male,no,36-45,christian,rwandan,n/a
6a4c2c7d-66e6-4ced-b567-e7ed28d29030,not_disclosed,female,no,46-55,christian,rwandan,n/a
577284af-86a5-4897-ad7e-288a96483342,not_disclosed,male,no,26-35,christian,rwandan,n/a
7334414b-e8e2-4eff-9196-f875d39cd9b0,not_disclosed,female,no,26-35,muslim,rwandan,n/a
ad8d6c05-61af-4609-beeb-8793353f0baf,not_disclosed,male,no,36-45,christian,rwandan,n/a
dae44142-22e9-4f20-8914-5b26c4407577,not_disclosed,female,no,56-65,none,rwandan,n/a
d6fdbbd9-343a-4427-a1da-49f49f0997e1,not_disclosed,female,no,66+,christian,rwandan,n/a
abaf46aa-ee4e-4a4d-911b-7f2afbd62a60,not_disclosed,male,no,36-45,christian,rwandan,n/a
a1eafe6e-b711-46e4-acf3-2e18300aa08b,not_disclosed,male,no,26-35,christian,rwandan,n/a
58781f21-ec18-45c8-8167-d6355c93a13f,not_disclosed,male,no,26-35,christian,rwandan,n/a
5203e1ad-55b5-422c-a6fe-0fbeffdc7927,not_disclosed,male,no,36-45,christian,rwandan,n/a
d0504b6d-d81b-4a79-bb15-429f405391c3,not_disclosed,female,no,56-65,christian,rwandan,n/a
44701162-e87d-41cc-a5aa-9cbe379fcfee,not_disclosed,male,no,18-25,christian,rwandan,n/a
e176a691-2c2e-4761-8b39-0b79c4353b55,not_disclosed,male,no,46-55,christian,rwandan,n/a
999d5658-ead8-48ca-aa6d-2857f5a69018,not_disclosed,male,no,26-35,christian,rwandan,n/a
2e2fda90-d5bf-451b-a0c1-024b0aa59791,not_disclosed,male,no,26-35,christian,other,n/a
0bb77748-c0a3-4da2-9bb2-20041a7d6b58,not_disclosed,female,no,46-55,christian,rwandan,n/a
81f0e73a-e7a6-41e6-90ab-1a881a7b7a7d,not_disclosed,female,no,26-35,christian,rwandan,n/a
af1137c1-d797-47f4-8375-cedb1dd49076,not_disclosed,male,no,46-55,christian,rwandan,n/a
cee47a07-84b4-44fc-8dbc-a56dba70d81d,not_disclosed,male,no,18-25,christian,rwandan,n/a
60004683-0020-4b33-bbae-d2d6f308a240,not_disclosed,male,no,66+,other,rwandan,n/a
1994f9df-9c69-480f-bbee-36116962a7a2,not_disclosed,male,no,46-55,christian,rwandan,n/a
5cf72d38-2636-4f01-b6a4-bb90c93dcb7f,not_disclosed,female,no,36-45,christian,rwandan,n/a
83eb867c-3f3c-40eb-b50d-93b23a67495c,not_disclosed,female,no,46-55,christian,rwandan,n/a
67ad6acc-4942-4c56-bfde-aa935970ed72,not_disclosed,male,no,18-25,none,rwandan,n/a
79e52421-55b7-470e-86b0-9913c0901215,not_disclosed,male,no,56-65,christian,rwandan,n/a
4c97b262-e2f0-4322-a894-9e6c3363a5bb,not_disclosed,male,no,26-35,christian,rwandan,n/a
9d7ce646-5000-499c-a29f-f5a6ff8881ff,not_disclosed,male,no,18-25,christian,rwandan,n/a
d0272a4a-15f6-41fd-b604-02458a79d75c,not_disclosed,female,no,26-35,christian,rwandan,n/a
b0c98b8d-2a41-4ecb-99e4-b14ef520bb95,not_disclosed,female,no,26-35,christian,rwandan,n/a
5eecba56-4042-4e25-91b0-771e4616df73,not_disclosed,female,no,26-35,christian,rwandan,n/a
f528aa91-f8b7-4f99-862e-38e5a467b4ff,not_disclosed,male,no,56-65,christian,rwandan,n/a
46f7ec70-2b96-460b-8625-877b3a2789bb,not_disclosed,male,no,56-65,christian,rwandan,n/a
531b0940-2803-4f2c-a411-34df076a48a4,not_disclosed,female,no,36-45,christian,rwandan,n/a
87aa3fbd-89e4-4194-9eb8-1a84d2565cc1,not_disclosed,male,no,36-45,muslim,rwandan,n/a
1fedb66a-c442-455d-af29-da47b273aeec,not_disclosed,female,no,46-55,christian,rwandan,n/a
38f3adda-6580-48ea-8835-a0f89a3f8126,not_disclosed,male,no,18-25,christian,rwandan,n/a
e525d0c4-08f6-41d7-b098-1342bd475e7f,not_disclosed,male,no,56-65,christian,rwandan,n/a
4b374280-d0e5-4807-a14f-61d042469251,not_disclosed,male,no,46-55,none,rwandan,n/a
d72e8c49-72ef-40ac-bf0f-a517bee4a8a2,not_disclosed,male,no,36-45,none,rwandan,n/a
f96ec8c8-2470-4f65-976d-39dc5f053118,not_disclosed,female,no,36-45,none,rwandan,n/a
9ea8b5c7-50bb-442b-9411-01c03f73ebf5,not_disclosed,female,no,18-25,christian,rwandan,n/a
51ff3733-53a3-4c28-a233-a2e3d7a08e3c,not_disclosed,male,yes,26-35,muslim,rwandan,n/a
59e78398-3b5e-47e9-ac81-e73702ad97da,not_disclosed,male,no,36-45,christian,rwandan,n/a
fbfbdea0-2fb4-4513-949a-bed1bbbd3f56,not_disclosed,male,no,66+,christian,rwandan,n/a
eb268e49-82fd-4dc0-9215-b170b165263c,not_disclosed,female,no,18-25,christian,rwandan,n/a
cd632ca8-3b3f-4f34-9352-d7dd4b68a1f2,not_disclosed,male,no,36-45,christian,rwandan,n/a
ff1b3710-1fa9-49ce-869b-d040454a2e0f,not_disclosed,female,yes,18-25,christian,rwandan,n/a
645a7da2-132a-46a0-8818-2fe5196b21a1,not_disclosed,female,no,66+,christian,rwandan,n/a
07c623ef-af0e-4c04-a3f0-9bf584875dac,not_disclosed,male,no,36-45,christian,rwandan,n/a
17c2ec39-79e2-4f9b-9fe8-57b95307a6c7,not_disclosed,female,no,46-55,christian,rwandan,n/a
e07e225a-8b01-4ae1-8761-1f3d980d883a,not_disclosed,female,yes,36-45,christian,rwandan,n/a
5bdc9c03-0ad9-4ead-8990-2645ab2208a9,not_disclosed,male,no,26-35,christian,rwandan,n/a
057b80c1-0b91-4093-a02e-bcbbd9321858,not_disclosed,male,no,26-35,christian,rwandan,n/a
b2b59d9f-a12d-40be-a68b-7a74e14d3bb8,not_disclosed,male,no,56-65,christian,rwandan,n/a
29091163-3499-4c85-b5f2-3c68f4fa80ea,not_disclosed,female,no,56-65,christian,rwandan,n/a
0d560131-242c-4c37-8a15-26e8109c3bdd,not_disclosed,male,no,46-55,other,rwandan,n/a
64f5f48a-41bd-4c03-b1b7-f6813b7db417,not_disclosed,male,no,26-35,christian,rwandan,n/a
585d5a56-4eaf-47b1-a3bb-4fe04c84891a,not_disclosed,male,no,26-35,christian,rwandan,n/a
ff6f6d42-2b4d-4a4c-a1dd-fdfaa22edb0b,not_disclosed,female,no,46-55,christian,rwandan,n/a
1a351d33-ff24-43e5-95f3-6ccaaa841880,not_disclosed,male,no,46-55,christian,rwandan,n/a
86f1e2fa-3ca1-470a-b863-c415ebe45398,not_disclosed,female,no,46-55,christian,rwandan,n/a
2634854d-747f-4bc1-9460-700da4546e96,not_disclosed,male,no,46-55,christian,rwandan,n/a
1034866a-d2bd-4fb1-ba05-c60ce445ff89,not_disclosed,male,no,26-35,christian,rwandan,n/a
04f124d5-72af-4bc5-bdec-bc0205778393,not_disclosed,male,no,66+,christian,rwandan,n/a
9a838420-19ea-42ff-be3b-1f2d1d3b46c9,not_disclosed,male,no,46-55,other,rwandan,n/a
03282506-9af5-4a85-ad4b-d306b6db654a,not_disclosed,male,no,66+,christian,rwandan,n/a
e0785bbe-a029-4842-9f42-beebd5fcac26,not_disclosed,male,no,46-55,christian,rwandan,n/a
7504b5e5-aee4-4254-b67b-4d0275eccd3d,not_disclosed,male,no,66+,other,rwandan,n/a
a377648b-0e6f-499d-b2b7-5d46d572b8e2,not_disclosed,male,no,26-35,christian,rwandan,n/a
4ee0e2c0-170a-423a-91a8-d8e6ae2a2b83,not_disclosed,male,no,26-35,christian,rwandan,n/a
d62717e7-1171-48dd-8ffd-a01323ee44ed,not_disclosed,female,no,36-45,christian,rwandan,n/a
ef118ee2-777e-41b0-a81f-3a43cfa77523,not_disclosed,male,yes,46-55,christian,rwandan,n/a
147a92e8-7695-4e29-86b8-5209a623d963,not_disclosed,male,no,56-65,christian,rwandan,n/a
c6652ca9-310c-41cc-bc29-947831b89024,not_disclosed,male,no,66+,christian,rwandan,n/a
41d9372e-6114-42aa-bc8c-cf5d444fe324,not_disclosed,male,no,46-55,christian,rwandan,n/a
a3a563d6-b850-43da-b7d1-02c1eea87c06,not_disclosed,male,no,66+,christian,rwandan,n/a
4055e7b8-6e79-4fd9-81e4-46f6ca46d1de,not_disclosed,male,no,66+,christian,rwandan,n/a
dd993cb7-5f40-4e3d-a0e1-80d1fc3e25c1,not_disclosed,female,no,36-45,christian,rwandan,n/a
248a99f1-4a73-470d-b924-8991aef111b1,not_disclosed,male,no,56-65,christian,rwandan,n/a
5a057ec3-d7c1-4cfd-b74e-89ccc7cd1dc0,not_disclosed,female,no,36-45,christian,rwandan,n/a
c563b8a6-327d-48cd-9662-5adc5591379d,not_disclosed,female,no,66+,christian,rwandan,n/a
346766f7-5eb8-446d-80e1-867a5d1b765f,not_disclosed,female,no,18-25,christian,rwandan,n/a
00f3da62-562a-4be4-a76f-dce303cb57f9,not_disclosed,male,no,26-35,christian,rwandan,n/a
d7d73ec3-5065-4579-8b49-78e30125de85,not_disclosed,male,no,36-45,christian,rwandan,n/a
f9932457-9b40-41aa-aefd-e0f1d6fa72ee,not_disclosed,male,no,56-65,other,rwandan,n/a
50843495-f98f-41b4-8bb0-0ebe7e90542c,not_disclosed,female,no,46-55,christian,rwandan,n/a
428b9f60-0184-4b75-899d-55fd8f8aafe5,not_disclosed,male,no,36-45,christian,rwandan,n/a
c221b2e5-d19b-46d2-9310-ceaf74d25f8e,not_disclosed,male,no,18-25,christian,rwandan,n/a
89c5474d-91a9-4c7f-9c5e-6097d405211f,not_disclosed,female,no,46-55,christian,rwandan,n/a
631fa351-7e03-459c-a586-eeab228f76f3,not_disclosed,female,no,36-45,christian,rwandan,n/a
356b36ac-d814-40c8-87f1-41020fc7f220,not_disclosed,female,no,46-55,christian,rwandan,n/a
242d0b59-18e0-446d-aba3-32cb8793a8dd,not_disclosed,male,no,26-35,other,rwandan,n/a
8282d88f-9f6d-4432-a38e-202c6b8ec5f5,not_disclosed,male,no,56-65,christian,rwandan,n/a
40561446-0c09-4fd0-890a-ce70a80ea2fb,not_disclosed,male,no,26-35,christian,rwandan,n/a
beaea8cf-bfc5-48fa-a74f-ce405341da3b,not_disclosed,male,no,46-55,christian,rwandan,n/a
bbdec9e6-3ed7-4450-a67a-127472293d73,not_disclosed,male,no,66+,christian,other,n/a
a54aca99-a270-4408-af81-08ce9d052616,not_disclosed,male,no,36-45,muslim,rwandan,n/a
a19637f8-81cb-445a-9d0c-bf22cd09ae76,not_disclosed,male,no,66+,christian,rwandan,n/a
6d932012-75ff-4ae2-9430-50f0e159164a,not_disclosed,male,no,56-65,muslim,rwandan,n/a
378296de-7fb2-4feb-87f4-0a4a42033ac5,not_disclosed,male,no,46-55,christian,rwandan,n/a
8661049b-3fd3-4092-9efa-9284ca843305,not_disclosed,female,no,36-45,christian,rwandan,n/a
b1efc847-bfd1-49f0-894f-8c625343a0d4,not_disclosed,male,no,26-35,christian,rwandan,n/a
6cf2615c-802a-43f5-bef6-f619520cf0e4,not_disclosed,female,no,46-55,christian,rwandan,n/a
a10663d2-c0bf-4f0a-9602-518511606fd9,not_disclosed,male,no,46-55,none,rwandan,n/a
9999b5f2-dd38-4eba-8ab6-c0811bef014d,not_disclosed,male,yes,18-25,christian,rwandan,n/a
248723ec-ad10-43fb-8948-54adc127023c,not_disclosed,female,no,36-45,christian,rwandan,n/a
f0ed5e68-576d-4f76-97cf-54ec43541d90,not_disclosed,female,no,36-45,other,rwandan,n/a
ab934441-5c01-4d9d-92dc-07ea754041b8,not_disclosed,male,no,66+,christian,rwandan,n/a
5e8ad0af-f6fc-48f5-b071-dd678b535143,not_disclosed,male,no,56-65,christian,other,n/a
9d5f5179-8ce7-48a1-94e3-90cfc4ef1aec,not_disclosed,male,no,26-35,christian,rwandan,n/a
7306bbaa-8acc-4332-98cc-ca7e757d3800,not_disclosed,male,no,26-35,christian,rwandan,n/a
5cb7e76f-540c-4cde-9736-a46f689dfac3,not_disclosed,male,no,66+,christian,rwandan,n/a
dc73971d-4343-448c-aa07-99ecc1168bbf,not_disclosed,female,no,36-45,christian,rwandan,n/a
58665c2c-dc1a-4793-b2b5-7e46d8edd1eb,not_disclosed,male,no,46-55,christian,rwandan,n/a
e9f2643b-a583-4b86-a9e9-a1caea4e1eb3,not_disclosed,female,no,46-55,christian,rwandan,n/a
6f713016-fd98-4299-8904-2d710a686578,not_disclosed,male,no,56-65,christian,rwandan,n/a
7213d463-e882-4b6a-bee2-5e988ecfb39d,not_disclosed,male,no,26-35,none,rwandan,n/a
d522e700-8b3d-420d-845e-a75fcbb8b6a3,not_disclosed,male,yes,56-65,none,rwandan,n/a
0768b928-e3cb-4f64-a4c1-31a2b5c383f9,not_disclosed,female,no,18-25,christian,rwandan,n/a
b5cc2d34-20cc-434f-aaeb-5e00138659fc,not_disclosed,male,no,36-45,christian,rwandan,n/a
5177d4d6-2615-4585-8f26-a1b7e78ff4b1,not_disclosed,female,no,66+,christian,rwandan,n/a
e010c3db-ebdb-49ac-94ed-2a545760b1c3,not_disclosed,male,no,36-45,christian,rwandan,n/a
3e0f0f2e-9249-458c-ad52-6d51249b1216,not_disclosed,female,no,46-55,christian,rwandan,n/a
f6a099b4-9bae-44e4-8066-ec12c23f9b0d,not_disclosed,male,no,36-45,christian,rwandan,n/a
b9cf728b-8046-47c2-b538-d2bda1e24afc,not_disclosed,male,no,18-25,christian,rwandan,n/a
4efba60d-34cd-458a-9da1-93764f4a30bc,not_disclosed,male,no,56-65,christian,rwandan,n/a
8619e54a-4cde-43ed-8595-471ebdf06afb,not_disclosed,male,yes,26-35,christian,rwandan,n/a
4373d0ca-cd56-4c21-bf02-d11a236ac5f4,not_disclosed,male,no,26-35,christian,other,n/a
e003c2d0-3627-40be-9a26-5d0608aca231,not_disclosed,male,no,66+,christian,rwandan,n/a
51ab6e49-c9af-45d6-80c2-bf4b45ca6a9f,not_disclosed,male,no,18-25,christian,rwandan,n/a
422a4b12-fa6f-40df-b114-44e85c10ae08,not_disclosed,male,no,36-45,christian,rwandan,n/a
23145cce-96da-46f1-a7bc-1b94ceffb50f,not_disclosed,female,no,46-55,muslim,rwandan,n/a
7311af53-d1cc-45e1-9177-2953816f2383,not_disclosed,female,no,26-35,none,rwandan,n/a
d7ac622e-6715-4cb1-a485-625e6e08c2eb,not_disclosed,female,no,46-55,muslim,rwandan,n/a
87e034c3-6856-4680-9214-696adce84362,not_disclosed,male,no,36-45,christian,rwandan,n/a
6da553ae-90d2-49e3-91c1-b0718184f634,not_disclosed,male,no,66+,christian,rwandan,n/a
40696663-d2d8-4831-80f1-e58e07e4391e,not_disclosed,male,no,26-35,christian,rwandan,n/a
c8d133f3-3bd4-48d0-84c9-b7420661e2e1,not_disclosed,male,no,56-65,none,rwandan,n/a
2da86383-86d9-443f-baaf-3eefb6e4e5a4,not_disclosed,female,no,26-35,muslim,rwandan,n/a
ad293081-09ba-4562-91c2-658afa5c12cc,not_disclosed,male,no,26-35,none,rwandan,n/a
2e0a3b50-4bd0-4d39-a870-d07884050228,not_disclosed,male,yes,36-45,christian,rwandan,n/a
f2543af1-b315-4af4-bd58-edd6abb8153e,not_disclosed,male,no,66+,christian,rwandan,n/a
9879305b-1dd4-4e70-904a-2c7ede35c002,not_disclosed,male,no,18-25,christian,rwandan,n/a
4268bebc-4584-49de-9bcb-a268af7f97af,not_disclosed,male,no,18-25,muslim,rwandan,n/a
38030985-c5e7-4cd0-a06f-b8757429fd2a,not_disclosed,male,no,66+,christian,rwandan,n/a
cc947e81-2ee4-44a7-a923-46c7db4c911f,not_disclosed,male,no,66+,christian,rwandan,n/a
460d37b3-d2f4-4df4-a4f8-e5534af87a8b,not_disclosed,male,no,56-65,muslim,rwandan,n/a
feb7ce7c-a1f8-48c8-99a4-b54f62815f65,not_disclosed,male,no,26-35,christian,rwandan,n/a
70ec5b47-c96c-4c4a-8f0a-8edd7631cdc9,not_disclosed,male,no,36-45,christian,rwandan,n/a
c2a68c74-805d-4ae1-b0d7-4b93aa5b24f5,not_disclosed,male,no,36-45,christian,rwandan,n/a
5508a4fb-7163-4cfd-8d95-02540645e3a9,not_disclosed,male,no,26-35,christian,rwandan,n/a
433f3f23-91ff-4d42-a52e-7df41d9610bb,not_disclosed,male,no,36-45,christian,rwandan,n/a
58a91063-849b-48f7-81dc-5a0a7400156d,not_disclosed,male,no,36-45,christian,rwandan,n/a
4ad379eb-b5ef-441f-8deb-6d147c75a1dc,not_disclosed,male,no,36-45,christian,rwandan,n/a
7323dfac-82cf-4f5e-9b7e-6df912793fc8,not_disclosed,male,no,56-65,christian,rwandan,n/a
e406f165-989f-4bcb-b50e-4b9033a372ec,not_disclosed,female,no,18-25,christian,rwandan,n/a
ea7d5a98-0a53-46a7-9815-394d8cadf539,not_disclosed,male,no,36-45,christian,rwandan,n/a
afa0f614-805d-4c90-9b63-ff9abf1a6b08,not_disclosed,male,no,56-65,christian,rwandan,n/a
7930d56a-7ea3-42ba-b3a8-7c42a9e4ba72,not_disclosed,male,no,26-35,christian,rwandan,n/a
8ad474ca-f4cc-4250-a888-223391ba4846,not_disclosed,male,no,26-35,christian,rwandan,n/a
bda4d2a0-e234-4eab-810a-08b0b61a8e5c,not_disclosed,male,no,56-65,christian,rwandan,n/a
ae564a00-1d5a-4998-9d0a-d6ca1e87b145,not_disclosed,female,no,66+,other,rwandan,n/a
2d01d9f9-cc89-48fe-a6ca-264bfff46e8e,not_disclosed,male,no,26-35,christian,rwandan,n/a
858196fe-17a5-4d09-85c1-8a0d3cb019b5,not_disclosed,male,no,26-35,christian,rwandan,n/a
03d30f77-4c20-4478-b06f-2f9d546a1ef6,not_disclosed,male,no,56-65,christian,rwandan,n/a
701196c9-8061-431e-b6d1-2823a6cb23a6,not_disclosed,female,no,26-35,christian,rwandan,n/a
b8755b72-d6cb-43ad-b486-e0b45d27608f,not_disclosed,male,no,26-35,christian,rwandan,n/a
7b465d1f-bb0e-4e48-b7f5-571e593eac92,not_disclosed,female,no,18-25,christian,rwandan,n/a
9e12b9b8-003a-4402-8401-bee9d9855c2a,not_disclosed,female,yes,46-55,christian,rwandan,n/a
91f2ed35-039d-41a6-a83f-92d14816f44e,not_disclosed,male,no,26-35,christian,rwandan,n/a
51ac84e0-ae08-4f96-b087-60788c180cc2,not_disclosed,female,no,46-55,christian,rwandan,n/a
e104dc7f-c800-4983-b611-741ad46c7d39,not_disclosed,female,no,66+,christian,rwandan,n/a
bb85f0a3-c707-46ca-b67f-ddfad33a4287,not_disclosed,male,no,36-45,christian,rwandan,n/a
7c221330-41bc-4590-bf75-709b004595ec,not_disclosed,female,no,46-55,christian,rwandan,n/a
e6a10c80-ef4e-4a93-b01c-4b97a22be1a8,not_disclosed,male,no,18-25,christian,rwandan,n/a
4eca3771-b78e-492c-a36b-85d7dd6f2479,not_disclosed,male,no,36-45,christian,rwandan,n/a
74be1666-b06e-4f27-9201-1689adceec5d,not_disclosed,male,no,18-25,christian,rwandan,n/a
1ccb488b-feab-452e-9608-702c80dd728c,not_disclosed,male,no,36-45,christian,rwandan,n/a
b53a771b-4ff7-466a-9f4c-38b025650936,not_disclosed,female,no,36-45,muslim,other,n/a
601b2c52-b183-48fe-86b5-7b6477895692,not_disclosed,female,no,18-25,muslim,rwandan,n/a
03f773e9-27ea-4ce7-b931-47695b345207,not_disclosed,male,no,26-35,christian,rwandan,n/a
b0ffe1db-65e6-417c-acb8-cb1b10183d81,not_disclosed,female,no,46-55,muslim,rwandan,n/a
9706734d-a5ca-4e64-8625-774f9098949d,not_disclosed,male,no,26-35,christian,rwandan,n/a
49fc70fd-f07c-4e44-9397-810de579d6e5,not_disclosed,male,no,26-35,christian,rwandan,n/a
f9c7dd75-5ce1-4b4b-bbe0-a433e73aa096,not_disclosed,male,no,36-45,christian,rwandan,n/a
51aa8c4d-85f4-4045-9368-9dba222bbb12,not_disclosed,male,yes,36-45,christian,rwandan,n/a
659c3f35-7a77-4ca1-b9b3-0466585f6e81,not_disclosed,male,no,46-55,none,rwandan,n/a
6a8e8f64-6ae6-4ebc-a4e5-11f7fc0898e0,not_disclosed,male,no,26-35,none,rwandan,n/a
c8b31e49-f215-441d-9488-8f0e266588e5,not_disclosed,male,no,26-35,muslim,rwandan,n/a
f4f2d54d-f731-4ea1-93e1-351e7fd36e78,not_disclosed,male,no,18-25,christian,rwandan,n/a
61abea93-d2ef-4fe7-8749-6caefa8e6d62,not_disclosed,male,no,56-65,christian,rwandan,n/a
de25ee37-9a88-46c7-a312-3b003dadb10f,not_disclosed,female,no,26-35,christian,rwandan,n/a
64c15212-e78d-4912-8d12-9315f47a75ca,not_disclosed,male,no,26-35,christian,rwandan,n/a
1deaf786-2b4a-4b2e-a02d-06970a242702,not_disclosed,female,no,36-45,christian,rwandan,n/a
1447beb6-a055-4c76-8d7d-db7f00264d02,not_disclosed,female,no,36-45,christian,rwandan,n/a
03e1e4b4-d30d-419c-9924-c952567de2eb,not_disclosed,male,no,56-65,other,rwandan,n/a
15a1ab75-c1ef-4d1e-905c-f83b6c98d676,not_disclosed,male,no,66+,christian,rwandan,n/a
7904181e-50b9-4234-962a-78b4e983df0f,not_disclosed,male,no,18-25,other,rwandan,n/a
58feb7b3-2e6e-40e8-b2e6-62ef77683495,not_disclosed,male,no,26-35,christian,rwandan,n/a
16bb74fc-b3e0-49f3-8e0a-806fda65c6d6,not_disclosed,male,no,66+,christian,rwandan,n/a
ef78a8fd-e57e-4b4e-a719-1dc121128f06,not_disclosed,female,no,26-35,christian,rwandan,n/a
a85de8a4-287c-4014-8da8-d5423e0c5c64,not_disclosed,male,no,56-65,muslim,rwandan,n/a
72374529-7ccb-41c6-b2c3-2aff81daa460,not_disclosed,male,no,46-55,christian,rwandan,n/a
c9c116f9-40b4-43fc-80e2-b17270e9f3ac,not_disclosed,male,no,56-65,christian,rwandan,n/a
0d8c505d-b5e6-4e7f-9e5f-51da8ff31f76,not_disclosed,male,no,36-45,christian,rwandan,n/a
aed98b81-0084-43a8-9395-ab80a27eda22,not_disclosed,male,no,56-65,christian,rwandan,n/a
75ad7c0f-55a7-4503-a1a0-7b21d16f565a,not_disclosed,male,no,56-65,christian,rwandan,n/a
c50df886-0d5b-4441-91fb-8685767e266d,not_disclosed,male,no,56-65,christian,rwandan,n/a
e987b388-2dcd-4bf7-8a6e-c3ec9aca8e87,not_disclosed,male,no,26-35,christian,rwandan,n/a
a1cf88c9-8518-4852-aa5f-b7c042c25ac8,not_disclosed,male,no,36-45,christian,rwandan,n/a
673f9538-c911-4920-8874-ff1eac8585b4,not_disclosed,male,no,46-55,christian,rwandan,n/a
b210b7ac-a75c-479f-97c9-4df09e864d12,not_disclosed,female,no,26-35,christian,rwandan,n/a
4470f147-74a9-48ff-8d07-5d2715dbc6a6,not_disclosed,female,no,36-45,christian,rwandan,n/a
fab0f3b8-b2d6-4c63-aef8-0ba4d896d0da,not_disclosed,female,no,26-35,muslim,other,n/a
15e85d23-5909-4ec3-af94-ec2c781a0195,not_disclosed,male,no,46-55,christian,rwandan,n/a
21036250-7435-46cc-9851-2a0ead45cf64,not_disclosed,female,no,36-45,christian,rwandan,n/a
18992a1b-9ff6-4cd7-8f8c-44de31a2104e,not_disclosed,female,no,46-55,christian,rwandan,n/a
a562be28-2ae9-490a-bce6-efa67e9faac1,not_disclosed,male,yes,36-45,christian,rwandan,n/a
199fe11e-a8ed-4b72-a712-92babe513a25,not_disclosed,male,no,26-35,christian,rwandan,n/a
cdbdb55d-f776-49b9-b3f5-4b2c6a1a9392,not_disclosed,male,no,36-45,christian,other,n/a
3ce7b1de-0823-4591-901a-e731ba33122a,not_disclosed,male,no,36-45,christian,rwandan,n/a
b7eb75b7-7105-4ade-bfc5-8a40a645bb81,not_disclosed,male,no,26-35,christian,rwandan,n/a
fee0dc19-45fa-4be1-b6c8-962addd6e80b,not_disclosed,female,no,26-35,christian,rwandan,n/a
0243042a-c678-4af0-a4b0-aa9e7453a6eb,not_disclosed,female,no,66+,christian,rwandan,n/a
87b81d94-4713-4da2-910b-d5fe6aa1e9b5,not_disclosed,male,no,36-45,christian,rwandan,n/a
baeef1ae-ed8d-4fa6-a746-e157465c12a0,not_disclosed,female,no,56-65,christian,other,n/a
a2e8f61a-342f-4a27-83ad-04a1a4d0cadb,not_disclosed,male,yes,56-65,christian,rwandan,n/a
5e4c066d-4065-464b-ab92-c066f0a2b652,not_disclosed,male,yes,56-65,none,rwandan,n/a
1eaeefd7-43fa-4a70-814a-ec9603833926,not_disclosed,male,no,56-65,none,rwandan,n/a
30b9276c-427e-40fe-b71d-3dc310bd1798,not_disclosed,male,no,46-55,christian,rwandan,n/a
fcd9dff0-b7ac-48af-8265-55f12af499e3,not_disclosed,female,no,66+,christian,rwandan,n/a
3e5167b1-7f24-4a16-afbc-47745d7ee22b,not_disclosed,male,no,66+,christian,rwandan,n/a
4ab9cf86-0133-4dfa-aa6e-69fbe03bb0da,not_disclosed,male,no,66+,christian,rwandan,n/a
e8a0e7c9-ff36-48e1-ac1e-0306bf7ced50,not_disclosed,male,no,46-55,other,rwandan,n/a
ca1c6de2-02e1-4d47-8313-6b5cf1f71ded,not_disclosed,female,no,46-55,other,rwandan,n/a
3726c007-b15f-4020-a77a-e89ad57c94c4,not_disclosed,male,no,26-35,christian,rwandan,n/a
73481882-1fa3-4370-9f63-5d41da2e8877,not_disclosed,female,no,46-55,christian,rwandan,n/a
2441c06b-0a7d-4aeb-9a7b-1aa08386e8c8,not_disclosed,male,no,18-25,christian,rwandan,n/a
b55f4d64-fa6f-4449-886d-e9ee1cf6e8db,not_disclosed,male,no,46-55,christian,other,n/a
b07093b0-fe20-4fe5-b6f7-14a87d33bf30,not_disclosed,male,no,36-45,christian,rwandan,n/a
98768f8b-6ef1-48da-a47a-543f9e48f2f7,not_disclosed,male,no,46-55,muslim,rwandan,n/a
60512fd7-f66b-4f75-959e-aa9f693117e8,not_disclosed,male,no,56-65,christian,rwandan,n/a
77738227-72cf-47cf-8517-30f8cb8bd953,not_disclosed,male,yes,56-65,christian,rwandan,n/a
e986f951-70d5-41a4-8980-9096f9dc1bc2,not_disclosed,male,yes,56-65,christian,rwandan,n/a
d58fc076-277a-467b-bcd8-320b1010180a,not_disclosed,male,no,56-65,christian,rwandan,n/a
dd244eb0-db14-482b-8716-9eb2cd547b72,not_disclosed,male,no,46-55,christian,rwandan,n/a
8e2f0593-7a23-4c86-93d7-0ce71d5fd6e9,not_disclosed,female,no,26-35,none,rwandan,n/a
c9a57ca2-3e2f-411c-b8ca-bd3beb8d7dc3,not_disclosed,male,no,36-45,christian,rwandan,n/a
775ee4ac-8b4a-4336-b874-1af8b3638fdb,not_disclosed,female,no,18-25,christian,rwandan,n/a
ee2fae7b-6abe-47ff-af58-7bc0317e9c5e,not_disclosed,male,no,46-55,christian,rwandan,n/a
486a4be8-c6c1-4596-adbe-fc56ef0d21e3,not_disclosed,male,no,46-55,christian,rwandan,n/a
384df325-230b-4b46-90d1-f4b89ce94d56,not_disclosed,male,no,66+,christian,rwandan,n/a
bb0274d6-9ff9-42e4-87e0-b9f24d55d69e,not_disclosed,male,no,46-55,christian,rwandan,n/a
8d6d122b-adfa-467a-84b5-d920a5e259e2,not_disclosed,female,no,26-35,christian,rwandan,n/a
eb97169e-d7fe-4f44-add0-33bdecb205d1,not_disclosed,male,no,26-35,christian,rwandan,n/a
70e9e519-c0ad-4b5c-8a61-0c97864fe8dd,not_disclosed,female,no,26-35,christian,rwandan,n/a
59331b23-4ba9-4020-862d-93b6cd908df6,not_disclosed,male,no,46-55,christian,rwandan,n/a
c3574744-d7df-4d3c-8c81-5a64e9e49fdf,not_disclosed,male,no,56-65,christian,rwandan,n/a
2fe21edd-d558-4250-b3d3-6bcf02407b13,not_disclosed,female,no,56-65,christian,rwandan,n/a
65b64ad0-000f-4fea-be71-c5099c1acb74,not_disclosed,male,no,46-55,christian,rwandan,n/a
34b5b250-0658-4195-b96a-1eea14be3e63,not_disclosed,male,no,26-35,christian,rwandan,n/a
8f5dca68-101a-4975-af7b-00f658f58b33,not_disclosed,female,no,26-35,none,rwandan,n/a
60030512-2fce-4840-a175-2a930d925fa7,not_disclosed,male,no,56-65,christian,rwandan,n/a
eed12cc3-421b-4444-a08a-ddfbfd0cc73f,not_disclosed,male,no,26-35,christian,rwandan,n/a
e9c4d958-7a52-4fc0-abeb-48e7f248a134,not_disclosed,male,no,26-35,christian,rwandan,n/a
82535b63-84e8-4062-85a5-0199c535a8fb,not_disclosed,female,no,46-55,christian,rwandan,n/a
e159ad72-4836-41ed-9c16-4d0c79e11db7,not_disclosed,male,no,56-65,christian,rwandan,n/a
2ed13e59-0372-4555-aef4-564172d1ee77,not_disclosed,male,no,56-65,christian,rwandan,n/a
e0fbe372-91a4-4954-9e77-18a51d2f71ca,not_disclosed,female,yes,26-35,christian,rwandan,n/a
9eb6e109-eaa1-4300-bafc-2503edc8ae20,not_disclosed,female,no,66+,muslim,rwandan,n/a
a9c9ca76-b85c-4ce4-8515-c416fbfe26ab,not_disclosed,male,no,66+,christian,rwandan,n/a
015f5f0f-6126-4252-8d24-cf00ddbcb4bb,not_disclosed,male,no,18-25,christian,rwandan,n/a
c1391ec9-5b56-4df5-b432-5e0e042bcfed,not_disclosed,female,no,36-45,christian,rwandan,n/a
5b0dfa75-ecd5-43e4-a12e-6cf16cdae92f,not_disclosed,male,yes,26-35,other,rwandan,n/a
fb5173c8-56af-4a22-89fd-bb07a0797b31,not_disclosed,male,no,66+,christian,rwandan,n/a
69cb9ec8-4c8b-471e-8640-b800cfcbbd53,not_disclosed,male,no,66+,muslim,rwandan,n/a
f07379e6-d488-4caa-a2bc-b43df509baa8,not_disclosed,female,no,36-45,christian,rwandan,n/a
69dcd0a7-18a3-4c92-814e-6667f61eb12a,not_disclosed,male,no,66+,christian,rwandan,n/a
940c0f4e-8e55-4135-8d2f-2625f08d835f,not_disclosed,female,no,36-45,christian,rwandan,n/a
cc48fced-f80d-4dc3-9c76-2eed48e3ed25,not_disclosed,male,no,46-55,christian,rwandan,n/a
33544614-8be0-405e-a5b4-4c376b9755af,not_disclosed,female,no,36-45,christian,rwandan,n/a
bfadd319-f7fa-47df-a85a-1d4b0011dd11,not_disclosed,female,no,46-55,christian,rwandan,n/a
478b1d49-d0a5-49f0-b0eb-4ec1fb2f787b,not_disclosed,male,no,56-65,christian,rwandan,n/a
deb6476f-d132-4ccb-b187-a5f10fe73e7a,not_disclosed,female,no,46-55,christian,rwandan,n/a
91130590-3aa3-411a-8fc2-b334147e70e8,not_disclosed,female,no,46-55,christian,rwandan,n/a
6fff0744-2506-4863-8155-f6e10ab4d7fa,not_disclosed,male,no,26-35,christian,rwandan,n/a
cda33cd9-b718-4247-9404-db96fd4ec459,not_disclosed,female,yes,36-45,christian,rwandan,n/a
bd3d83e1-3bd4-49f9-ba19-eebc729ca221,not_disclosed,male,no,26-35,christian,rwandan,n/a
33e1a5c8-d2ee-411f-9db3-93a538c964b1,not_disclosed,male,no,36-45,christian,rwandan,n/a
0d988dff-3a9d-4764-ab4e-de173bfd8969,not_disclosed,male,no,66+,christian,rwandan,n/a
57a9f2db-b081-4bef-be24-3bb998ce339e,not_disclosed,male,no,36-45,none,rwandan,n/a
0f622079-8fbf-4d99-a811-a115321903c4,not_disclosed,male,no,66+,christian,rwandan,n/a
fb28f8c3-ab79-456e-b7e5-e68d1b3c8daf,not_disclosed,male,no,36-45,christian,rwandan,n/a
6f51eddb-bf8b-48b3-b189-2acfe6554f97,not_disclosed,female,no,18-25,christian,rwandan,n/a
4368daf8-ba6e-4622-944a-17f773992961,not_disclosed,female,no,66+,christian,rwandan,n/a
bef68523-a81d-46ef-8e2e-5558aa738e15,not_disclosed,male,no,46-55,christian,rwandan,n/a
b2894cf8-5e60-46bd-ba95-9f1112981b50,not_disclosed,male,no,66+,christian,rwandan,n/a
efa4b5b0-7586-4143-8dc1-d48b0bd91e0a,not_disclosed,male,no,36-45,christian,rwandan,n/a
432ad38a-a919-4ae8-a9d4-47cc6cf7bc0f,not_disclosed,female,no,26-35,christian,rwandan,n/a
49da3771-f5c3-4e26-953f-a32bdf95894e,not_disclosed,male,no,36-45,christian,rwandan,n/a
59df16e1-b8a9-440f-8f49-8b72ae6190e7,not_disclosed,female,no,46-55,other,rwandan,n/a
2a0ad0b7-0958-4025-847b-6638b8400009,not_disclosed,male,no,26-35,christian,rwandan,n/a
cb75b9bb-d579-4588-a2b2-696f3c1ee7cc,not_disclosed,male,no,36-45,christian,rwandan,n/a
8c8edda3-5e7e-442c-b5d8-c0603df984c5,not_disclosed,male,no,56-65,christian,rwandan,n/a
b798bfd1-425a-4297-b9fe-c47642ed9265,not_disclosed,male,no,66+,christian,rwandan,n/a
aad72f65-db83-4b16-90c1-f8a6523dee7b,not_disclosed,male,no,56-65,christian,rwandan,n/a
34ca16b7-03a8-4330-bdb4-b73bf4a8ee7c,not_disclosed,male,no,36-45,christian,rwandan,n/a
5ee9daca-5544-4030-8ecd-5536706e200d,not_disclosed,male,no,18-25,none,rwandan,n/a
0dde1150-ad4a-4e6d-85c6-1c4f7a9a3ae0,not_disclosed,male,no,26-35,christian,rwandan,n/a
336a6dad-b228-4a18-a45e-f731ce4e0972,not_disclosed,male,no,66+,christian,rwandan,n/a
d849c4b7-364c-4b69-a72a-96d875461439,not_disclosed,male,no,56-65,christian,rwandan,n/a
7e4b1721-117b-4c73-98b2-fec51602acfa,not_disclosed,male,no,36-45,christian,rwandan,n/a
df0768eb-9430-4c56-a8f3-6e523da10d37,not_disclosed,female,no,66+,christian,rwandan,n/a
b80daf96-4776-4ebd-b1f1-c56da1a10c30,not_disclosed,male,no,56-65,christian,rwandan,n/a
6cbef203-b847-4559-a783-649e63424157,not_disclosed,male,no,56-65,christian,rwandan,n/a
acd5a0eb-df57-47dd-a6fc-64d1b63500b1,not_disclosed,male,no,26-35,christian,rwandan,n/a
273d3b63-71ae-4d2c-9cd7-34ad7dd4fa3f,not_disclosed,male,no,66+,christian,rwandan,n/a
377760bd-b98f-4f78-8bd8-2a6cb025fc11,not_disclosed,female,no,46-55,christian,rwandan,n/a
04d6e8ac-266c-406f-ad53-2f36502d730f,not_disclosed,female,no,66+,christian,rwandan,n/a
20e5d25e-1f8c-4c49-b5be-4c3ee687ebff,not_disclosed,female,no,36-45,christian,rwandan,n/a
30dbde47-dc9a-4c6a-8a60-558f31796c5d,not_disclosed,male,no,36-45,christian,rwandan,n/a
8ce52d6e-167b-43dd-98fc-a8fe620f5869,not_disclosed,male,no,26-35,christian,rwandan,n/a
2ca49ddd-8efc-4a34-b8e7-574843a4ea51,not_disclosed,male,no,56-65,christian,rwandan,n/a
de09319a-0d9b-431a-8579-d34f85e5c357,not_disclosed,female,no,66+,christian,rwandan,n/a
d39d0ae2-e1af-4eaa-8f50-066837833067,not_disclosed,male,no,66+,christian,rwandan,n/a
0b4c02fa-9402-4063-b359-1bd26ff6577c,not_disclosed,male,no,56-65,christian,rwandan,n/a
ee8f16a9-e3ef-4287-a8aa-d909d14632fd,not_disclosed,female,no,26-35,christian,rwandan,n/a
2e3a5c7f-4ed1-499c-a96d-af6ca782c17c,not_disclosed,male,no,26-35,other,rwandan,n/a
7696e47a-cc29-44a5-a22b-09a45d0c3565,not_disclosed,female,no,18-25,christian,rwandan,n/a
b197e01d-93d6-4068-978a-fc9271821920,not_disclosed,male,no,46-55,christian,rwandan,n/a
a58ea9e8-3b6e-454e-b201-356cd43a7ebd,not_disclosed,male,no,66+,christian,rwandan,n/a
59f5d263-bc83-4ac5-9f30-164c00f271db,not_disclosed,male,no,46-55,christian,rwandan,n/a
9c223380-3361-455e-98d7-bd759ac9c512,not_disclosed,male,no,26-35,other,rwandan,n/a
7fa041bf-e775-4193-8519-2b79b5e19fce,not_disclosed,male,no,26-35,other,rwandan,n/a
1edf5007-5872-4d04-b7ad-1a71d07623c0,not_disclosed,male,no,56-65,christian,other,n/a
8c57ae3f-367c-436b-ad78-4393621fa391,not_disclosed,male,no,46-55,christian,rwandan,n/a
6f180459-b849-4949-ac6c-90fa82212663,not_disclosed,male,no,26-35,none,rwandan,n/a
005b38c2-41da-4ca5-ad71-941fb8dfcf61,not_disclosed,female,no,26-35,other,rwandan,n/a
6127020b-2392-4865-85f6-f2f12751463b,not_disclosed,male,no,26-35,christian,rwandan,n/a
2de1526d-9fde-4312-b8b0-201a006d3355,not_disclosed,male,no,46-55,christian,rwandan,n/a
b3038b7e-43ac-4e9f-8a60-4aa70cb57156,not_disclosed,male,no,46-55,christian,rwandan,n/a
9b767683-c1c9-4f90-8326-5f7152edc831,not_disclosed,male,no,26-35,christian,rwandan,n/a
2acfec97-361f-4dae-9aae-817b991cbf3c,not_disclosed,male,no,56-65,christian,rwandan,n/a
3fa0165f-38c9-4587-94a3-9732b1aca934,not_disclosed,female,no,66+,christian,rwandan,n/a
501b91ca-e9c9-4b2f-9e06-2480c5a1c449,not_disclosed,male,no,26-35,none,rwandan,n/a
d9b65ee8-226d-43ea-aac3-e74ea819f22b,not_disclosed,female,no,36-45,christian,rwandan,n/a
31a80a4e-8e46-4c0e-9ff9-e903d10d2429,not_disclosed,male,no,26-35,christian,rwandan,n/a
87d413ad-6565-4ca8-8de0-44627d6a393c,not_disclosed,male,no,46-55,christian,rwandan,n/a
245fdd1c-ea83-4a4b-b318-7ad64f82b1f5,not_disclosed,male,no,26-35,christian,rwandan,n/a
dba0dad5-87ef-4388-b077-085ac911cc18,not_disclosed,female,no,56-65,christian,rwandan,n/a
abb15223-e636-4463-aaa3-4bbdc4d4dd8c,not_disclosed,female,no,46-55,christian,rwandan,n/a
38ccd089-aee2-412d-8a7e-43d18e12bb59,not_disclosed,female,no,36-45,christian,rwandan,n/a
35a07e15-c19d-4735-898f-42437dd5a5f7,not_disclosed,male,no,26-35,christian,rwandan,n/a
a39dd6fa-386f-4244-b27e-b4b3b6eb3783,not_disclosed,female,no,46-55,christian,rwandan,n/a
78384afb-050d-455b-b280-8ccd31c8e07e,not_disclosed,male,no,66+,christian,rwandan,n/a
54a798ff-a0f9-48b8-928b-ddc16b9ae55c,not_disclosed,male,yes,66+,christian,rwandan,n/a
d688c785-8c90-40e5-93ed-b2bb7ef53d87,not_disclosed,male,no,56-65,christian,rwandan,n/a
fc656bf5-42e8-4b29-b306-42c1f1bacb16,not_disclosed,male,no,26-35,christian,rwandan,n/a
9a6c8bec-4533-4842-b1e2-92ceb92e79ac,not_disclosed,male,no,36-45,christian,rwandan,n/a
16bc44eb-392f-4484-a976-92585a139b2a,not_disclosed,male,no,36-45,christian,rwandan,n/a
c52adf5f-ef68-4147-80c7-e82649722722,not_disclosed,male,no,56-65,christian,rwandan,n/a
6121f476-af04-4e39-9ae1-de2ec567c1bc,not_disclosed,male,no,56-65,christian,rwandan,n/a
2413e4fa-842b-43a3-a4fe-4931fa05f2d9,not_disclosed,male,no,46-55,christian,rwandan,n/a
f0425b15-9c3e-45b5-a419-c26f759b1452,not_disclosed,female,no,36-45,christian,rwandan,n/a
c1a7f0d3-5d5f-4f2c-b135-3c3f9bebc12a,not_disclosed,male,yes,26-35,christian,rwandan,n/a
951d518e-4362-430d-beca-2f551cc6fcae,not_disclosed,female,no,26-35,muslim,rwandan,n/a
909d3ca7-555e-4090-b139-5f5af2680b77,not_disclosed,male,no,66+,christian,rwandan,n/a
5133dcb4-0aba-417e-a6fe-3d87d6466b57,not_disclosed,female,no,66+,christian,rwandan,n/a
3629d8f9-3e47-4108-b9ff-e746529733df,not_disclosed,male,yes,46-55,christian,rwandan,n/a
ffd23218-d293-4376-8852-33d8353440fd,not_disclosed,female,no,36-45,christian,rwandan,n/a
3ec1f967-e1e0-4d2e-be76-8d72618665cb,not_disclosed,female,no,18-25,christian,rwandan,n/a
35c7669a-91cd-4799-9a66-c9ea74e10ced,not_disclosed,male,no,36-45,christian,rwandan,n/a
ae8e2541-5758-4207-8ee2-e2fbc427af6c,not_disclosed,female,no,56-65,christian,rwandan,n/a
f92d1fa5-090f-4f6b-9d1b-97ebe5e59bb8,not_disclosed,male,no,36-45,christian,rwandan,n/a
018b06b4-c6fa-4c0f-b8d6-2fb982f927be,not_disclosed,male,no,18-25,christian,rwandan,n/a
6201eaf5-1a49-4e85-b658-6f4e014f3711,not_disclosed,male,no,46-55,christian,rwandan,n/a
96992068-e363-4663-b90f-161a118eb93b,not_disclosed,male,no,66+,muslim,rwandan,n/a
749b1ff4-e0dd-4ea3-8227-86245a3a90d9,not_disclosed,male,no,46-55,none,other,n/a
3c5d7fab-ec45-4726-9f2d-13cb4920f7b3,not_disclosed,female,no,46-55,christian,rwandan,n/a
da81f179-2423-4cbc-825a-dfdf1f6aa667,not_disclosed,female,no,36-45,christian,rwandan,n/a
0abfee83-642d-45b7-9063-673a8df20e8f,not_disclosed,male,no,36-45,christian,rwandan,n/a
ac90677c-6584-44b8-a19e-e19f93c36d9a,not_disclosed,male,yes,56-65,christian,rwandan,n/a
20aa0084-a82f-4187-96f5-236d7a3e4069,not_disclosed,male,no,36-45,none,rwandan,n/a
0accf3c0-accf-4144-8076-3fdcd4091d6a,not_disclosed,female,no,36-45,christian,rwandan,n/a
6ffe0eb5-4906-4ea4-80a5-4ffab12e95bd,not_disclosed,male,no,46-55,christian,rwandan,n/a
ffc89b02-ed6f-4d7f-aa04-8d76334be7e0,not_disclosed,female,no,56-65,christian,rwandan,n/a
d54fbaf0-85a5-4ecb-a1d2-40a243ccb2fb,not_disclosed,female,no,36-45,christian,rwandan,n/a
b5db817f-1cba-49d2-a9a9-24b93b5a4e3b,not_disclosed,female,no,36-45,christian,rwandan,n/a
3512d89a-94fd-4691-ac11-bd290017baf7,not_disclosed,female,no,36-45,christian,rwandan,n/a
927d09d5-01ac-4704-9719-55f3dfcc455b,not_disclosed,female,no,56-65,christian,rwandan,n/a
2c2dbbe9-c7fc-461b-a2bc-c536d49a0ed7,not_disclosed,male,no,46-55,christian,rwandan,n/a
1eb905e4-78ee-4c10-a4d1-9de11d49d26b,not_disclosed,female,no,26-35,other,rwandan,n/a
8ddcee8d-59e3-4593-b28c-920c0963fd9d,not_disclosed,male,no,18-25,christian,rwandan,n/a
3d01c477-8f56-45b5-93a7-8e6fe8e1fa33,not_disclosed,female,no,36-45,none,rwandan,n/a
f40a09fa-be9f-4200-ba00-ad9ec6b4bc7e,not_disclosed,male,no,26-35,christian,rwandan,n/a
5a9262e8-ca92-4bb1-ae41-096a168e9efe,not_disclosed,female,no,26-35,christian,rwandan,n/a
9996e984-f755-4083-898d-a23f0dcb7fa9,not_disclosed,female,yes,46-55,christian,rwandan,n/a
bc88728d-49aa-4ce4-a638-6134483f5dbc,not_disclosed,male,no,56-65,christian,rwandan,n/a
53e36cf7-2478-4244-8e71-7b665b4125aa,not_disclosed,female,no,56-65,christian,rwandan,n/a
a7fcd362-5faa-4782-abeb-567fd1889713,not_disclosed,female,no,36-45,christian,other,n/a
c7ad7c5d-a3bc-44dc-a2b2-2022810bddf7,not_disclosed,male,no,56-65,christian,rwandan,n/a
cefeb076-682f-4082-9a56-9b7287b94c19,not_disclosed,male,no,26-35,christian,rwandan,n/a
3698183e-aefa-4721-b62f-50232f8227fb,not_disclosed,male,no,56-65,christian,rwandan,n/a
b3c67233-f122-44da-be81-e5addf9b6501,not_disclosed,female,no,46-55,muslim,rwandan,n/a
0fd9845f-232b-4a20-8f96-b83e1734a225,not_disclosed,male,no,56-65,christian,rwandan,n/a
39b2e37a-2e5a-432d-8f4a-c7052c72d102,not_disclosed,male,no,26-35,christian,rwandan,n/a
6d0667b0-9327-4213-b5e3-96cc23afb088,not_disclosed,male,no,36-45,christian,rwandan,n/a
e52d0f4c-8d64-4f02-971e-4a9b769b4b17,not_disclosed,male,no,26-35,muslim,rwandan,n/a
f0949212-af2b-4b5b-8db1-ce0605309f0d,not_disclosed,male,no,18-25,christian,rwandan,n/a
b8730646-f5b4-4b82-85d6-3dbf1f09aef9,not_disclosed,male,no,26-35,christian,rwandan,n/a
3effe22e-5a0a-440d-be9e-d516a4055b20,not_disclosed,male,no,18-25,other,rwandan,n/a
343b3135-61c3-42ad-9726-faa7592309e1,not_disclosed,male,no,56-65,christian,rwandan,n/a
ea8fe212-91d7-4285-a4e3-f70e08bb50a6,not_disclosed,male,no,56-65,muslim,rwandan,n/a
e604cd50-2a1c-4f70-9c85-e28a7b636da4,not_disclosed,male,no,46-55,christian,rwandan,n/a
4dd8f665-88ab-4519-a13f-2ab0c7d77699,not_disclosed,male,no,18-25,christian,rwandan,n/a
7da5e672-9c27-4e57-a0bf-98599840a0f4,not_disclosed,male,no,66+,christian,rwandan,n/a
bbc86f53-74c8-4cf6-8d3c-5a01d088b38b,not_disclosed,female,no,36-45,christian,rwandan,n/a
871670df-3a7e-4812-bddc-b909527635ed,not_disclosed,male,no,26-35,christian,other,n/a
36664227-8841-4378-9a6b-5384a6854d27,not_disclosed,female,no,26-35,christian,rwandan,n/a
d860dfb4-7378-41bc-ad3b-32bdcc74ebd9,not_disclosed,male,no,36-45,christian,rwandan,n/a
011945a1-62b1-4a21-8125-57a98fdf2322,not_disclosed,male,no,66+,christian,rwandan,n/a
f6f085b3-e15c-4a56-8cd6-d691836b48e8,not_disclosed,female,no,26-35,christian,rwandan,n/a
83af9e5d-074f-4719-9800-d663477e35bf,not_disclosed,male,no,26-35,christian,rwandan,n/a
e27a5aca-3e05-435d-a288-3f86382b4345,not_disclosed,female,no,26-35,christian,rwandan,n/a
ebb13a0a-43ed-4154-ace2-2b317e4e1c12,not_disclosed,male,no,56-65,christian,rwandan,n/a
7c05cf63-12f2-43fc-9579-278748fea197,not_disclosed,male,no,56-65,muslim,rwandan,n/a
65586d34-4f29-4826-bc6e-854ee32e2326,not_disclosed,male,no,36-45,christian,rwandan,n/a
9542c2e9-8a85-4063-8460-a0ffb6815a9c,not_disclosed,male,no,46-55,christian,rwandan,n/a
c91946d1-4580-4bc9-9f95-24c67a278a0b,not_disclosed,male,no,66+,christian,rwandan,n/a
ac8ed305-24b4-4b11-b882-ed7628d132cc,not_disclosed,female,no,46-55,christian,rwandan,n/a
6f99d3dd-ac58-40f4-aec7-c8ee0a3bb99a,not_disclosed,female,yes,26-35,christian,rwandan,n/a
8ae500ea-6813-4a63-a35f-0789fac9d761,not_disclosed,male,no,66+,christian,other,n/a
4bb16772-78ce-4f65-88a9-1310bfb4f89c,not_disclosed,male,no,46-55,christian,rwandan,n/a
fb5f839a-7e02-47de-b809-82c8ba6caccc,not_disclosed,male,no,26-35,christian,rwandan,n/a
296ffe95-f784-4eb6-be33-8cfd116ec433,not_disclosed,male,no,56-65,christian,rwandan,n/a
0be2d4ab-e172-4f28-aafb-a3686d910cf2,not_disclosed,male,no,56-65,christian,rwandan,n/a
86752075-a31f-4d6b-8031-7d07cc811f1e,not_disclosed,male,no,46-55,christian,rwandan,n/a
cc544e9c-7d90-4550-a597-a64f2f0ffdbd,not_disclosed,male,no,36-45,christian,rwandan,n/a
3c0d9d07-c020-477c-86eb-34f3884b1d5f,not_disclosed,male,no,46-55,christian,rwandan,n/a
559f6051-800f-441f-b97c-ad3f509b9c29,not_disclosed,male,no,36-45,christian,rwandan,n/a
c3796ab3-11b8-4a5f-babd-a650040e5c62,not_disclosed,female,no,46-55,christian,rwandan,n/a
e7cccfc6-4f1e-44b8-8e93-2616ff511792,not_disclosed,male,no,66+,christian,rwandan,n/a
a4001cd7-830e-4c5a-aa56-3feee089b92d,not_disclosed,male,no,66+,christian,rwandan,n/a
4865f8ea-8987-424c-9fa6-e764656eafe5,not_disclosed,female,no,26-35,christian,rwandan,n/a
f5de914b-4164-438c-8c5a-399b9e266880,not_disclosed,female,no,46-55,christian,rwandan,n/a
f80cebc4-86af-43a7-9b24-ec089c5ed9c6,not_disclosed,male,no,46-55,christian,rwandan,n/a
7233faf0-9f43-42ca-914e-abcf2a5e4249,not_disclosed,female,no,56-65,christian,rwandan,n/a
e30ed4e0-6d5a-4543-aeb7-c96280141c08,not_disclosed,male,no,18-25,christian,rwandan,n/a
b6bc7bbd-3c2b-4ff5-9321-01c7dd4b66d9,not_disclosed,female,no,66+,christian,rwandan,n/a
4b74421f-d99e-47fc-9b07-56dbc44e7874,not_disclosed,male,no,66+,christian,rwandan,n/a
867591ec-2d8f-4d01-b2e0-fb0c3364c5d1,not_disclosed,female,no,36-45,christian,rwandan,n/a
258c5f15-3c59-481c-8872-c5379fb8f35b,not_disclosed,male,no,56-65,christian,rwandan,n/a
d7f9297d-674f-4b58-824a-7417438681f3,not_disclosed,female,no,36-45,christian,rwandan,n/a
4bc5d564-89d8-4754-9b34-4d059b77e130,not_disclosed,male,no,26-35,christian,rwandan,n/a
ad6f7aeb-513d-4255-ad4f-684c299ffccc,not_disclosed,female,no,26-35,christian,rwandan,n/a
face4bd8-3d75-460f-a64e-94fffc672cab,not_disclosed,male,no,46-55,christian,rwandan,n/a
0e14808a-2c14-4cf0-a63b-482cd6258079,not_disclosed,male,no,18-25,christian,rwandan,n/a
4316da79-6ba0-4513-abe9-db53d895291f,not_disclosed,male,no,26-35,christian,rwandan,n/a
fc2b806c-dec8-4da5-82ff-7d49b812255a,not_disclosed,male,yes,36-45,christian,rwandan,n/a
f657d60a-8fcc-489f-9105-23f2db5956a8,not_disclosed,female,no,36-45,christian,other,n/a
1c8ab44b-8c1f-4950-889d-4ec158c6046c,not_disclosed,female,no,18-25,christian,rwandan,n/a
27e9355f-e421-464d-8245-6fb833876b8c,not_disclosed,male,no,46-55,christian,rwandan,n/a
c35ed825-83c9-49b7-815f-57bc44fff2d3,not_disclosed,male,no,26-35,christian,rwandan,n/a
f2667666-70d7-4bd8-ab1a-97f70382e790,not_disclosed,male,no,26-35,christian,rwandan,n/a
45cab44e-2891-4392-a5c1-3756b3a001ea,not_disclosed,male,no,66+,muslim,rwandan,n/a
fc556362-ecd9-4d2c-adac-91475cbfef46,not_disclosed,female,no,56-65,christian,rwandan,n/a
abf1170d-4d03-4195-8bab-3220ed3c4e94,not_disclosed,male,no,46-55,christian,rwandan,n/a
bf2c6a01-2bf8-4043-afbb-6bd1b1002b56,not_disclosed,male,no,36-45,christian,rwandan,n/a
9c98665d-29c9-4719-8a92-000e1ca15610,not_disclosed,male,no,46-55,christian,rwandan,n/a
3ae331c4-8c8e-4c4d-a8bb-3d1febcc5bff,not_disclosed,male,no,56-65,other,rwandan,n/a
7b6951a3-7cdd-4c48-a015-8f6b9e4e4a27,not_disclosed,male,no,46-55,christian,other,n/a
f98934a9-b346-4ffa-87b8-7c4e4c46bac7,not_disclosed,male,no,66+,christian,rwandan,n/a
71f079b0-f0a9-4b68-87e7-5cebd3e97586,not_disclosed,male,no,46-55,christian,rwandan,n/a
66b99a56-28a0-4627-a388-3f4ac2f7187a,not_disclosed,male,no,18-25,christian,rwandan,n/a
af29b1ba-61e8-423b-b707-cdba90647e67,not_disclosed,male,no,66+,christian,rwandan,n/a
d6684305-3486-4a0c-9f47-b9c7509f6730,not_disclosed,female,no,46-55,christian,rwandan,n/a
fbee36fb-f3ec-497b-be1c-13629b08c528,not_disclosed,female,no,18-25,christian,rwandan,n/a
cbca3642-e99b-41d7-8e99-d6e14047cafd,not_disclosed,male,no,66+,christian,rwandan,n/a
66075d42-4765-43be-a092-108023dbd7c0,not_disclosed,male,no,56-65,christian,rwandan,n/a
b135ec6d-1022-4a8d-b53e-c139977a1804,not_disclosed,female,no,56-65,christian,rwandan,n/a
83358641-0aa4-4a64-bf3a-d79f3b48d673,not_disclosed,female,no,56-65,christian,rwandan,n/a
eaa3b71d-b3de-41ca-96e3-4d517963ce88,not_disclosed,male,no,36-45,christian,rwandan,n/a
60043468-6117-4b4a-acbf-8ff6d0a7a86b,not_disclosed,male,no,66+,christian,rwandan,n/a
b623adb0-6c9e-41db-bb8b-296bdd0e8fc7,not_disclosed,female,no,36-45,none,rwandan,n/a
5ed9d5f3-eb14-4a83-8ec5-fa44601f5948,not_disclosed,male,no,26-35,christian,rwandan,n/a
396dd34a-8198-4f60-b192-02d0eebebffd,not_disclosed,male,no,26-35,christian,other,n/a
92d8832f-1c60-4db0-abec-d536c1cb3911,not_disclosed,female,no,26-35,christian,rwandan,n/a
8afa428a-50d1-46bf-89d0-879bd2e14089,not_disclosed,male,no,56-65,christian,rwandan,n/a
f1c1685e-f846-42e6-af0b-c9aa69f6bb32,not_disclosed,female,no,66+,christian,other,n/a
2e4d296d-ec87-498d-978b-6811d3366c6d,not_disclosed,male,no,66+,christian,rwandan,n/a
8b88b998-f7d1-48fd-98ef-42a308f96b61,not_disclosed,male,no,66+,christian,rwandan,n/a
d6aa77ef-2b39-4a91-9255-a36dd22efa7c,not_disclosed,female,no,66+,christian,rwandan,n/a
444d12d9-8f8c-48c9-84c3-4a4985780249,not_disclosed,male,no,46-55,none,rwandan,n/a
cd3ea413-7e2a-470b-9b2a-ab25d5b19d34,not_disclosed,male,no,36-45,muslim,rwandan,n/a
f45464ce-724d-431e-a28c-e440a828846f,not_disclosed,male,no,56-65,christian,rwandan,n/a
13492bc4-825d-426c-a3ed-fa97e785f0c4,not_disclosed,male,no,36-45,christian,rwandan,n/a
839fff9a-fd41-4464-9b14-90745a5bb2ca,not_disclosed,male,no,26-35,christian,rwandan,n/a
45bd310b-9302-44e0-9513-debc57e2e72a,not_disclosed,male,no,56-65,christian,rwandan,n/a
08198d03-7294-4b75-9c90-e7eddba1ecff,not_disclosed,male,no,26-35,christian,rwandan,n/a
f4bc3263-907e-4f51-bb99-fedd277576cb,not_disclosed,male,no,18-25,christian,rwandan,n/a
0f5df415-8207-4084-a9ad-a504ed30ce12,not_disclosed,female,no,26-35,christian,rwandan,n/a
07f1073c-5604-42c2-ae14-54d23e3effb9,not_disclosed,male,no,56-65,christian,rwandan,n/a
cf6a7506-8515-42e3-a447-11752aae2c98,not_disclosed,female,no,26-35,christian,rwandan,n/a
1e283639-3eb8-4f36-855c-4839255f5c39,not_disclosed,female,no,26-35,christian,rwandan,n/a
bbc6c068-d052-42ca-ab51-85c2b10f792a,not_disclosed,female,no,46-55,christian,rwandan,n/a
bbfbb3ce-8330-4898-bba6-c83ffd55e1ab,not_disclosed,female,no,18-25,christian,rwandan,n/a
7b5e8173-6236-4abe-902f-e28bb946c9ca,not_disclosed,male,no,36-45,christian,rwandan,n/a
21f6f6c3-552c-4ad9-a015-a477373a6d32,not_disclosed,male,no,56-65,christian,rwandan,n/a
b3ebb7ac-59b5-4848-b186-625c167f0774,not_disclosed,male,no,36-45,christian,rwandan,n/a
bd71f1c7-bf44-4348-a922-10f93a6e0099,not_disclosed,female,no,46-55,christian,rwandan,n/a
65d637fa-b784-4eb2-810c-1e94a4948de5,not_disclosed,male,no,56-65,christian,rwandan,n/a
f6454fdf-8734-45b0-84e8-e12a0350b683,not_disclosed,male,no,46-55,christian,other,n/a
5d006711-3388-4155-a8ce-ff95b7532266,not_disclosed,female,no,46-55,christian,other,n/a
be1f0dcc-bb3c-416b-b05a-76f4cbc03b8e,not_disclosed,male,no,36-45,none,rwandan,n/a
7d71633d-0655-466a-b715-b7b46cebb34f,not_disclosed,male,no,46-55,christian,rwandan,n/a
22910451-29bb-42d5-85ee-73ac34822292,not_disclosed,male,no,26-35,christian,rwandan,n/a
17550dd3-cc33-4eeb-bb21-ad2090d70444,not_disclosed,female,no,36-45,christian,rwandan,n/a
b88951a0-e7f6-47b7-ba0d-bb43a9e3c4e5,not_disclosed,male,no,46-55,christian,rwandan,n/a
c5a71652-a733-468a-9057-75bf5cf991bc,not_disclosed,male,no,56-65,christian,rwandan,n/a
e2e1e293-78b3-4794-913d-b15a91be4d77,not_disclosed,male,no,18-25,muslim,rwandan,n/a
38a48bc4-0216-45c9-8478-baf105564c90,not_disclosed,female,no,46-55,christian,rwandan,n/a
cfbb3064-40db-49c5-9722-fb170c067269,not_disclosed,male,no,56-65,christian,rwandan,n/a
b4fcfbfb-b88c-49f9-9725-06d240077249,not_disclosed,male,no,36-45,christian,rwandan,n/a
1105b666-166b-4fa4-94a8-9288fa206d18,not_disclosed,male,no,26-35,christian,rwandan,n/a
48dc093d-a9d6-4292-afcb-6ba7033a4162,not_disclosed,male,no,36-45,christian,rwandan,n/a
70c44bc1-906e-4d98-a948-4d839c7cb9f9,not_disclosed,male,no,56-65,christian,rwandan,n/a
dcea3a8d-054e-4dd0-b2a3-f151c1cfa21f,not_disclosed,female,no,36-45,christian,rwandan,n/a
996c14b8-7194-401e-84c4-b021fbdbaecd,not_disclosed,female,no,18-25,christian,rwandan,n/a
577f8f92-a60e-418f-98e6-01f4c7d973aa,not_disclosed,female,no,18-25,christian,other,n/a
3b85e1b3-f43a-4be6-a411-801078047f5a,not_disclosed,male,no,46-55,christian,rwandan,n/a
fefc9bef-1933-41cd-b376-13c2aeeaa4ee,not_disclosed,male,no,46-55,christian,rwandan,n/a
74dfdbda-396e-4570-a1f4-35bebb448521,not_disclosed,male,yes,18-25,christian,rwandan,n/a
5a881400-7ca0-49fd-bb0c-dc31edcba4f0,not_disclosed,male,no,66+,christian,rwandan,n/a
a60241c5-66ca-4fb6-b4d1-025bdcf0e099,not_disclosed,female,no,66+,christian,rwandan,n/a
9f6aade9-304a-4d3f-97cf-3d95e3128006,not_disclosed,male,no,36-45,other,other,n/a
4d4b9b5a-ab43-4bf0-8db0-f977fbe795bb,not_disclosed,male,no,18-25,christian,rwandan,n/a
e2f964db-4ba8-46ce-a54d-d87494055343,not_disclosed,male,no,36-45,christian,rwandan,n/a
df86b96d-5ee1-4250-9d88-31937234462b,not_disclosed,female,no,56-65,christian,rwandan,n/a
a85a9b7a-774d-4012-91fd-060c724d0eaa,not_disclosed,male,no,66+,christian,rwandan,n/a
9ee758d1-b42e-4131-8fab-b4a1da25cfd9,not_disclosed,male,no,26-35,christian,rwandan,n/a
559ee0d2-acd6-4006-b586-7597627b2535,not_disclosed,female,no,36-45,other,rwandan,n/a
9f22e884-0a9c-4035-82a1-8e53bcdad756,not_disclosed,male,no,66+,christian,rwandan,n/a
eb371ecc-34ef-4999-aa0e-a217b8c08f7c,not_disclosed,female,no,66+,christian,rwandan,n/a
006d4409-3b5d-4734-a3e5-3935adb67ac9,not_disclosed,male,no,66+,christian,rwandan,n/a
5cb524ee-6f15-4dbb-98cd-36b872317ac2,not_disclosed,male,no,46-55,christian,rwandan,n/a
5e5f0d44-d1a7-4b44-931c-f6d8534d0417,not_disclosed,male,no,26-35,muslim,rwandan,n/a
95b0ad37-ec4f-4df4-9cb5-3048f28b54cb,not_disclosed,male,no,46-55,christian,rwandan,n/a
ccff89fd-b40d-47a7-9342-8daf23f68512,not_disclosed,male,no,66+,other,rwandan,n/a
568b35b3-f660-4284-8fbd-c20419ea8631,not_disclosed,male,no,36-45,christian,rwandan,n/a
3b1daa2d-dea1-4b70-bdc6-9b9b043490f9,not_disclosed,female,no,56-65,christian,rwandan,n/a
156ffef7-21b0-4fdd-8c28-458e7b462f7d,not_disclosed,male,no,26-35,christian,rwandan,n/a
faa33a92-d34b-4c14-a563-d77a24192e99,not_disclosed,female,no,56-65,christian,rwandan,n/a
c9aa8246-9414-49ff-bf70-a5d4f32c173f,not_disclosed,male,no,56-65,christian,rwandan,n/a
54e58a32-98ca-4dbc-8151-c1e0cb95c26e,not_disclosed,male,no,36-45,christian,rwandan,n/a
242b9b2f-d707-4ab2-a797-f890282ba6d0,not_disclosed,male,no,26-35,christian,rwandan,n/a
e1f34fb9-9375-4160-b1d3-f961fba2b131,not_disclosed,male,yes,26-35,christian,rwandan,n/a
a2d15bf6-7cb5-4a6a-bace-5e87e17b0a50,not_disclosed,female,no,46-55,christian,rwandan,n/a
a357c556-a310-4f61-b070-eb2feee6e623,not_disclosed,male,no,26-35,christian,rwandan,n/a
d5685617-17ea-4732-9c5f-899f05ff8809,not_disclosed,male,no,18-25,christian,rwandan,n/a
7403cfcc-ec4b-47ad-ad49-a9c413055e22,not_disclosed,female,no,66+,christian,rwandan,n/a
e6b19f05-ae2f-4d8a-9aab-80438d0c987e,not_disclosed,female,yes,26-35,christian,rwandan,n/a
da32fb8c-5cdf-4246-b077-4081da97ac28,not_disclosed,male,no,36-45,christian,rwandan,n/a
6475cea5-0eb3-4e22-974d-ca812ba27a6a,not_disclosed,female,yes,66+,christian,rwandan,n/a
6af77b02-02de-4a25-977c-26e77ff23f16,not_disclosed,female,no,56-65,christian,rwandan,n/a
3b874a53-e935-43c5-8b54-a701198316fc,not_disclosed,male,no,26-35,christian,rwandan,n/a
9e78d218-d227-45f9-a130-43270da57559,not_disclosed,female,no,46-55,muslim,rwandan,n/a
827ad51e-8a29-4387-b6e6-111a50f014b2,not_disclosed,male,no,36-45,christian,rwandan,n/a
1528666d-c702-4737-847e-75ae65722fec,not_disclosed,male,no,56-65,christian,rwandan,n/a
87acea27-2cec-4851-b5e8-4db38ffcfd22,not_disclosed,male,no,66+,christian,rwandan,n/a
40d5cb89-ce45-4ea8-8080-b9da7e9f1baa,not_disclosed,male,no,46-55,christian,rwandan,n/a
e634f598-96da-44d7-8d48-cf1c50bf115c,not_disclosed,male,no,46-55,christian,rwandan,n/a
64d9e4d8-38cc-430f-9177-e56bae53da61,not_disclosed,male,no,26-35,christian,rwandan,n/a
6f027895-166a-4578-a2a4-a352c3ee4292,not_disclosed,male,no,66+,christian,rwandan,n/a
62101113-6b91-4b4e-8da2-5ade9e6de7ee,not_disclosed,male,no,26-35,christian,rwandan,n/a
42a78ddd-df05-4141-a8d1-ea2f4e27249e,not_disclosed,female,no,36-45,christian,rwandan,n/a
5c40c81b-c1f8-4131-8103-819ec8acec2c,not_disclosed,male,no,46-55,christian,rwandan,n/a
3ec2dbfe-c00a-49da-8744-4545a213b3cb,not_disclosed,male,no,56-65,none,rwandan,n/a
bc5836e6-c069-4083-aa1b-9d8e9d40f461,not_disclosed,male,yes,56-65,christian,rwandan,n/a
d74a6a8e-63cc-4f78-81ab-883360c1f827,not_disclosed,male,no,66+,christian,rwandan,n/a
04ebb3c7-f1e5-4529-9865-db5900e2410b,not_disclosed,male,no,46-55,christian,rwandan,n/a
673b32f9-9451-4d94-b119-0007ddb046b9,not_disclosed,male,no,66+,christian,rwandan,n/a
83eccf55-6222-4d81-be43-314f3b285268,not_disclosed,female,no,36-45,christian,rwandan,n/a
18e501fd-fa43-4273-9668-9a21121af89f,not_disclosed,female,no,46-55,christian,rwandan,n/a
1e5a7d0b-b352-483f-9723-cc9531a18d06,not_disclosed,male,no,26-35,christian,rwandan,n/a
3a8be2a4-d331-48e6-b759-d3f578471b1f,not_disclosed,male,no,46-55,christian,rwandan,n/a
814c73ad-1853-4c11-8d98-224c625384a9,not_disclosed,male,yes,56-65,christian,rwandan,n/a
3a15269f-8cea-403a-ac03-2dc6781bb3eb,not_disclosed,male,no,26-35,muslim,rwandan,n/a
9c70d184-42b6-404e-94fe-ccca472c8b49,not_disclosed,male,no,46-55,christian,rwandan,n/a
c0828ca1-a049-4ab5-ab4b-261949799309,not_disclosed,male,no,66+,christian,rwandan,n/a
2c3d1b30-8e0e-4792-9829-3f96d45e7fac,not_disclosed,male,no,36-45,christian,rwandan,n/a
0b1baf48-a647-41dd-81c0-4a58e5d83506,not_disclosed,male,no,26-35,christian,rwandan,n/a
17127c0a-af78-4f87-8b44-93fbcae960fe,not_disclosed,female,no,56-65,christian,rwandan,n/a
d476a934-e9cb-4e26-b5f9-e7fdafea8552,not_disclosed,male,no,26-35,christian,rwandan,n/a
f3ea0cc0-82d3-47f5-8452-cc4f59552dea,not_disclosed,male,no,66+,christian,rwandan,n/a
fc28d894-c6cc-4ee1-b197-34be3ef568b9,not_disclosed,female,no,46-55,christian,rwandan,n/a
87dc113c-0e27-4585-bcb7-63e87eb2dd5f,not_disclosed,female,no,26-35,christian,rwandan,n/a
eb929188-0f8d-419f-bfcf-259e7f0e0f2e,not_disclosed,male,no,46-55,christian,rwandan,n/a
44242e8a-c37e-4b38-8b18-929215905ab1,not_disclosed,male,no,36-45,christian,rwandan,n/a
034bbeea-ccc6-4d94-8956-24495003916b,not_disclosed,male,no,56-65,christian,rwandan,n/a
b98b17f8-8805-4124-b0a7-d3631deb86f7,not_disclosed,male,no,66+,none,rwandan,n/a
66f1cf22-2a4f-4b4a-a573-f29601c539b8,not_disclosed,female,no,46-55,christian,rwandan,n/a
fc74a551-0c45-4738-a8de-7f2f3034d2c3,not_disclosed,male,no,26-35,christian,rwandan,n/a
f21ad47c-5cda-4aeb-b668-f877de8a7eed,not_disclosed,female,no,26-35,christian,rwandan,n/a
a63a315d-4f41-49d4-b1b4-4301c1aa8bbc,not_disclosed,male,no,56-65,christian,rwandan,n/a
0c742530-0b4a-4968-9f95-bfa9aeac30a9,not_disclosed,male,yes,26-35,christian,rwandan,n/a
684a88d9-d8df-460b-b816-04d38db29658,not_disclosed,male,no,66+,christian,rwandan,n/a
fd317897-18f5-444a-be7f-07e1bd41d21b,not_disclosed,female,no,36-45,christian,rwandan,n/a
459d7a13-3c64-4016-92b8-daca6aac68f3,not_disclosed,female,no,36-45,christian,rwandan,n/a
8f0e5b4f-b849-46e1-a880-ffed29be8a85,not_disclosed,male,no,46-55,christian,rwandan,n/a
8573309f-c3aa-418a-816e-966bf1d9ccbe,not_disclosed,male,no,46-55,christian,rwandan,n/a
b27aa354-c5a0-4e6c-a5c1-9808dcc5a0a4,not_disclosed,male,no,56-65,christian,rwandan,n/a
921eee7f-64c4-4ee2-b233-e10ec4878f5e,not_disclosed,female,no,56-65,christian,rwandan,n/a
b2ea43c2-e389-43ce-ba12-b2033329ca7d,not_disclosed,male,no,18-25,christian,rwandan,n/a
07b965a8-b16b-4d7e-82fb-fde39000c746,not_disclosed,female,no,66+,christian,rwandan,n/a
7cb79ac9-e831-4e39-8d1f-5155da8403e8,not_disclosed,male,no,26-35,christian,rwandan,n/a
a3a46027-8f7c-490a-9885-54ef2ffab0e7,not_disclosed,male,no,66+,christian,rwandan,n/a
7840383d-1e10-4e9e-9ba5-1c7e6957df07,not_disclosed,female,no,26-35,christian,rwandan,n/a
249fc4ad-320b-490a-969d-5c25e0cc38ef,not_disclosed,male,no,66+,christian,rwandan,n/a
ce768659-ec79-4265-bde0-9e5dfaa8020e,not_disclosed,male,no,36-45,christian,rwandan,n/a
11c53e31-75ed-4276-9cbc-f9281a358d62,not_disclosed,female,no,36-45,christian,rwandan,n/a
ca6cdc57-070d-4265-b34b-5206316c1598,not_disclosed,male,no,46-55,christian,rwandan,n/a
c7f14d80-ab56-44eb-82c6-339b3b101911,not_disclosed,male,no,46-55,christian,rwandan,n/a
14f10f82-3d07-4cea-adb7-2cff00878fb2,not_disclosed,male,no,66+,christian,rwandan,n/a
86863717-8094-4451-b804-55505b2181d9,not_disclosed,male,no,46-55,christian,rwandan,n/a
318266b7-3f2b-48cc-b79f-549de89d81a3,not_disclosed,male,no,18-25,christian,rwandan,n/a
c3e3c79f-3a99-4d2f-90e7-dc83ada50b1e,not_disclosed,female,no,18-25,muslim,rwandan,n/a
5587f57e-e559-42f5-932d-6a58a3ab0d8d,not_disclosed,male,no,18-25,christian,rwandan,n/a
57f2f22e-0268-4c89-b591-60d595652503,not_disclosed,male,yes,18-25,christian,rwandan,n/a
3088795f-3b65-4416-a9f7-3aee3ea6b083,not_disclosed,female,no,36-45,christian,rwandan,n/a
0c483d16-cea6-476b-b430-8be67ce2d34e,not_disclosed,male,no,46-55,christian,rwandan,n/a
126b9df0-34c4-4790-96ec-dc18c406648b,not_disclosed,male,no,18-25,christian,rwandan,n/a
343d7912-6029-454f-9cea-208df0f16c3d,not_disclosed,male,no,18-25,christian,rwandan,n/a
0c3dcf5e-3906-460a-84e1-e95e89f63fa8,not_disclosed,male,no,66+,christian,rwandan,n/a
4e98ec20-cc3e-497b-a84c-51edcc7b0db6,not_disclosed,female,no,18-25,christian,rwandan,n/a
997fb770-86c5-4676-b159-3ee454da3f17,not_disclosed,male,no,66+,christian,rwandan,n/a
fcfccf85-a94f-4128-8dbd-21499df7ff5d,not_disclosed,female,no,46-55,christian,rwandan,n/a
9e3ba06d-bba5-4ab2-a51b-87408dd369d3,not_disclosed,male,no,36-45,christian,rwandan,n/a
36ff1c16-911c-4cd4-a895-6ac6095d74bc,not_disclosed,female,no,56-65,christian,rwandan,n/a
bd0b7126-5b6b-408c-8700-66e19837cda6,not_disclosed,female,no,26-35,other,rwandan,n/a
de93f7a5-f1c6-4b29-8157-b83e565e8fea,not_disclosed,female,no,56-65,christian,rwandan,n/a
bf53a3f9-a381-4932-9c1e-051cd6287680,not_disclosed,female,no,36-45,christian,rwandan,n/a
9bd20c14-3ed7-4789-97d9-a4bb0a6cd3f1,not_disclosed,male,no,46-55,christian,rwandan,n/a
cf614e2e-c3d2-456d-a079-d962ff130f3c,not_disclosed,male,no,18-25,christian,rwandan,n/a
e043475c-449c-4454-a87d-a5bdc3933e3b,not_disclosed,male,no,36-45,christian,rwandan,n/a
e24fffc1-b229-402f-8ce0-b32abed49cf9,not_disclosed,male,no,46-55,christian,rwandan,n/a
736ca436-6bdf-4063-abf0-82ed252fab5c,not_disclosed,female,no,36-45,christian,rwandan,n/a
a7ab0edc-8125-4a44-a841-942dfcc90f62,not_disclosed,male,no,56-65,none,rwandan,n/a
18af63d7-e16d-4bd2-b637-282c576ff12a,not_disclosed,female,no,46-55,christian,rwandan,n/a
341f03c8-31d0-403e-9035-ef51ea7ab281,not_disclosed,male,no,56-65,christian,rwandan,n/a
41acec68-d21b-4002-9db6-d0c65b274240,not_disclosed,female,no,26-35,christian,rwandan,n/a
8b236cc4-5a6f-4c78-96e6-6a9ac73f82fe,not_disclosed,male,no,36-45,christian,rwandan,n/a
bfc019bc-dffd-4f9e-b3c6-c40559d64fdd,not_disclosed,female,yes,26-35,christian,rwandan,n/a
e5b3062f-5d22-4248-b401-b67c67860f16,not_disclosed,male,no,56-65,christian,rwandan,n/a
a6612c6d-ecfc-4db1-91ac-8195e0435d91,not_disclosed,male,no,46-55,christian,rwandan,n/a
8a8c111d-a319-4756-b363-72fb381db8b5,not_disclosed,female,no,18-25,christian,rwandan,n/a
e9134630-bb25-4d91-b40b-b1283c5ecefb,not_disclosed,male,no,26-35,christian,rwandan,n/a
e8ea3175-2b04-4e5b-bfeb-5a565335067b,not_disclosed,male,no,36-45,christian,rwandan,n/a
80437d6d-7800-4ee9-9b9b-812d5dd124e2,not_disclosed,male,no,56-65,christian,rwandan,n/a
a96ef49d-a2ca-4527-9e37-14bab9ee2d71,not_disclosed,male,no,26-35,christian,rwandan,n/a
6a7b5dc7-d180-4783-8a2f-65adc1627316,not_disclosed,male,no,46-55,christian,rwandan,n/a
4431f68a-90f6-4ed1-91ed-e7197f3ecb1e,not_disclosed,male,no,56-65,christian,rwandan,n/a
fd65c026-9dca-4f35-9631-868bcfd67efe,not_disclosed,male,no,46-55,none,rwandan,n/a
df17d66e-e323-41a4-b120-7be6b423cfe0,not_disclosed,male,no,46-55,christian,rwandan,n/a
aaf827ad-f97c-4749-b4c9-d315567c4907,not_disclosed,female,no,18-25,christian,rwandan,n/a
61d70ba1-e45f-4ce9-a714-b90a4b2e931d,not_disclosed,male,no,36-45,other,rwandan,n/a
b17d4c6e-e02e-4129-8668-88c40e59bf37,not_disclosed,female,yes,66+,christian,rwandan,n/a
81e04f67-5b5c-4a2b-8f5f-9e2025a0fba6,not_disclosed,male,no,56-65,christian,rwandan,n/a
81649a6b-61d3-4e50-b7c2-0551c5314c7d,not_disclosed,female,no,66+,christian,rwandan,n/a
74c3f1f2-e9ad-4fb7-940a-2bd37c5a62da,not_disclosed,male,no,56-65,christian,rwandan,n/a
4128be6d-5d64-4bd5-9f06-8c3896badc69,not_disclosed,male,no,46-55,christian,rwandan,n/a
9c9f99ac-df8a-4b98-80ca-db0ac486c356,not_disclosed,female,no,66+,christian,rwandan,n/a
2a69dae9-456d-4fa6-b71a-2830d26184d7,not_disclosed,male,no,36-45,muslim,rwandan,n/a
faef4669-6050-4c1f-98c8-d71f4168e891,not_disclosed,male,yes,46-55,christian,rwandan,n/a
c0af2996-5d12-4600-a075-c18f4d6a9c6a,not_disclosed,male,no,26-35,christian,rwandan,n/a
f3e4bbc5-afc7-44ef-a02b-0c8a4b5ea265,not_disclosed,male,no,26-35,christian,rwandan,n/a
7e43ddd6-2b91-48ee-aba1-c1e7adfe718b,not_disclosed,male,no,46-55,christian,other,n/a
b1951b1d-7684-4bcf-bff9-4282ba514cfd,not_disclosed,female,no,56-65,christian,rwandan,n/a
c560faab-155f-4dd7-83ce-a69672952006,not_disclosed,male,no,66+,christian,rwandan,n/a
4dfadfb3-2e4b-42d1-b871-30fa87621a24,not_disclosed,male,no,46-55,christian,rwandan,n/a
cb2dd485-e70e-4c45-a8b1-ee0ef7e6d1b9,not_disclosed,male,no,66+,christian,rwandan,n/a
5c0dc4a2-2d85-4d74-8dd4-f90a0353d6f0,not_disclosed,male,no,66+,christian,rwandan,n/a
93880cb7-e81e-4d52-8493-877a72d3a627,not_disclosed,female,no,46-55,christian,rwandan,n/a
53682d4e-5085-48fe-ad8a-4512481b1935,not_disclosed,female,no,46-55,christian,other,n/a
861ff4df-8904-4613-bef1-2edea5855a94,not_disclosed,male,no,18-25,christian,rwandan,n/a
04e11bca-4ecb-466d-acba-508f01d4a08c,not_disclosed,male,no,46-55,none,rwandan,n/a
6364dd70-0603-4312-bd87-9fd3222012a0,not_disclosed,male,no,36-45,christian,rwandan,n/a
e340d272-6ff3-4172-9a81-c292eb6c9ea3,not_disclosed,male,no,66+,christian,rwandan,n/a
2075fdc0-63c0-4c3d-a1f8-a51589a99162,not_disclosed,female,no,36-45,christian,rwandan,n/a
0846b223-3130-4051-9268-a9316c465f29,not_disclosed,female,no,26-35,christian,rwandan,n/a
e209b539-d479-4a43-a52e-7afa761b6f4c,not_disclosed,female,no,46-55,christian,rwandan,n/a
a060f2b4-95ae-49be-863c-6005930f9a33,not_disclosed,male,no,36-45,christian,rwandan,n/a
a05de7b1-d92d-49fe-b621-e87b17582b3f,not_disclosed,male,no,26-35,christian,rwandan,n/a
f5ec0e93-6cae-4eea-9f53-2d368325a7d9,not_disclosed,female,no,26-35,christian,rwandan,n/a
7cf3b552-00e7-4e51-bc31-fa1f14846d7b,not_disclosed,male,no,36-45,other,rwandan,n/a
b77e9b87-8d06-4c49-a78d-42b5af42873a,not_disclosed,male,no,36-45,christian,rwandan,n/a
278550a8-cde4-42a3-a7e4-dcf0ad56b0ad,not_disclosed,male,no,56-65,christian,rwandan,n/a
dfb71184-7ff9-48b1-9af9-cc09ef56a7f6,not_disclosed,male,no,26-35,christian,rwandan,n/a
daae954c-2f37-4dd1-8923-e18c72b1e0ba,not_disclosed,female,no,36-45,christian,rwandan,n/a
ca4dc071-151c-4118-891d-77065eb1fce1,not_disclosed,male,no,26-35,christian,rwandan,n/a
ce7cb1b8-9710-4da9-8117-e18cf1d7ddb6,not_disclosed,male,no,26-35,christian,rwandan,n/a
a5e0c4cf-6734-420a-a746-caa700a0aecb,not_disclosed,female,no,36-45,christian,rwandan,n/a
75e9d5e6-eb5f-48d7-a659-1361f3f098e0,not_disclosed,male,no,36-45,christian,rwandan,n/a
250e6fcd-f864-42d8-8be6-5022d29051b1,not_disclosed,female,no,66+,none,rwandan,n/a
e1b29466-64fc-4cc4-88ba-c44783f8f01a,not_disclosed,female,no,26-35,christian,rwandan,n/a
185f2ad8-6c4a-4aec-82ae-49d936f08e6a,not_disclosed,male,no,36-45,christian,rwandan,n/a
573b3c08-9e05-4a54-b5f0-99047bf49949,not_disclosed,female,no,46-55,none,rwandan,n/a
dd5a61b4-a71b-4753-a975-a879df90658a,not_disclosed,male,no,56-65,christian,rwandan,n/a
7290a0e7-0cd8-4aae-add6-a1ae87171721,not_disclosed,male,no,26-35,christian,rwandan,n/a
3d459113-ceb2-4f2c-8c80-e7b67b2779b2,not_disclosed,male,no,56-65,christian,rwandan,n/a
29518557-a05b-4d8e-a770-adaa1991e619,not_disclosed,male,no,66+,christian,rwandan,n/a
c42f85d2-f4c6-4d0e-9040-6b069ea1ba50,not_disclosed,male,no,26-35,christian,rwandan,n/a
008b4f54-7b65-4912-b895-540168b94de3,not_disclosed,female,no,46-55,christian,rwandan,n/a
15318970-75ac-4dc3-b91f-aa216d3474ee,not_disclosed,female,no,56-65,christian,rwandan,n/a
6fa56615-aab7-4011-8745-252cf478ea3f,not_disclosed,female,no,66+,christian,rwandan,n/a
bd4dfd09-d74d-42de-b0e8-baa273105efc,not_disclosed,female,yes,36-45,muslim,rwandan,n/a
f9ac2bb5-ab8d-4efa-8182-41f81465c3aa,not_disclosed,male,no,26-35,none,rwandan,n/a
f4399308-1fce-444a-aaf0-72e2134aee3f,not_disclosed,female,no,66+,christian,rwandan,n/a
38c8a6f2-3682-412e-9fa8-f7f109c4974a,not_disclosed,male,no,26-35,christian,rwandan,n/a
d1d776d4-ce2f-4ad0-9cc2-535e0e687f46,not_disclosed,male,no,36-45,christian,rwandan,n/a
4da843b1-7c34-4f58-ab32-f71c1e3fcc57,not_disclosed,female,no,66+,christian,rwandan,n/a
b26fb7a4-c4af-4517-a34f-eb29f34f8741,not_disclosed,male,no,66+,christian,rwandan,n/a
d7da9951-ea36-4bf0-a47b-44db5a697c04,not_disclosed,male,no,46-55,christian,rwandan,n/a
64d6e089-bab1-4308-a0ab-099aab25270a,not_disclosed,male,no,18-25,christian,other,n/a
260ade53-0a81-4623-965b-48efb2b554c0,not_disclosed,male,no,36-45,christian,rwandan,n/a
407e80bb-7a43-4094-adb8-ce3abbc6e2af,not_disclosed,male,yes,36-45,christian,rwandan,n/a
8664dd16-80c0-4442-9957-d7904d42e853,not_disclosed,male,no,36-45,christian,rwandan,n/a
d9a30693-b223-49d6-9a64-672f3a3b8d22,not_disclosed,male,no,36-45,christian,rwandan,n/a
f33423e7-62d0-4694-a88e-39650d553c1e,not_disclosed,male,no,26-35,other,rwandan,n/a
bad3a23c-37b8-4357-85c8-565df86ee3e3,not_disclosed,male,no,46-55,other,rwandan,n/a
e35423be-9cbe-4b09-92ad-7cd36ef88f55,not_disclosed,male,no,36-45,other,rwandan,n/a
666fefeb-f0e3-43c5-ab45-a1c5c530deed,not_disclosed,male,no,56-65,christian,rwandan,n/a
6e6d60bc-04cf-424f-9a33-e80a66d6ff33,not_disclosed,male,no,26-35,none,rwandan,n/a
13fdefcc-0da5-4673-b867-1a781fcbeb35,not_disclosed,male,no,66+,christian,rwandan,n/a
5b554355-a782-4df8-a7d1-4c6a36d327ec,not_disclosed,male,no,66+,muslim,rwandan,n/a
65b36c5f-bf41-4c5f-a4ae-f7f8ff3c08a7,not_disclosed,male,no,36-45,christian,rwandan,n/a
90999cfd-36d5-4024-9f28-7d815d3a7d93,not_disclosed,male,yes,36-45,christian,rwandan,n/a
ef403cc1-a728-4b9a-8d07-023457798c05,not_disclosed,male,no,36-45,christian,rwandan,n/a
47ca4e4a-ec9a-43da-baf5-15e5fb840035,not_disclosed,male,no,36-45,christian,rwandan,n/a
65d54621-660f-43ec-9eb2-dc7a0600fe7a,not_disclosed,male,no,18-25,christian,rwandan,n/a
3fd63bc1-bc93-4d2b-a8a2-b439abaa338b,not_disclosed,female,no,36-45,christian,rwandan,n/a
c2e78a05-8ad2-47f3-a04b-de87e950fb4e,not_disclosed,female,no,18-25,christian,rwandan,n/a
d29ecc13-7bb7-45bc-b281-eae31bcf6c49,not_disclosed,female,no,46-55,christian,rwandan,n/a
6f92ff02-f7ac-474f-8f3d-20dff582ead4,not_disclosed,female,no,26-35,christian,rwandan,n/a
9fbdfd2f-e068-4d88-8105-be0808706cae,not_disclosed,female,no,46-55,christian,rwandan,n/a
4cde8f31-6d47-4f96-878d-81687254f687,not_disclosed,male,no,66+,christian,rwandan,n/a
38f8b560-a2f8-4cac-964f-accfa541408a,not_disclosed,male,no,56-65,christian,rwandan,n/a
42e60783-2d38-41ca-91e0-f0ff3fbead5c,not_disclosed,male,no,36-45,christian,rwandan,n/a
e5eacb76-a2f0-488e-aa92-0cb91914233b,not_disclosed,male,no,26-35,christian,rwandan,n/a
7c3842da-34f9-48b5-a0c9-c363eff093b7,not_disclosed,male,no,26-35,christian,rwandan,n/a
f1247769-be3b-4813-9382-aadcb66647f4,not_disclosed,male,yes,46-55,christian,rwandan,n/a
554fc2da-0be1-4b8b-8ad0-1819169023cc,not_disclosed,female,no,66+,christian,rwandan,n/a
8270b943-995a-4d95-9a43-0fa87f005960,not_disclosed,male,no,66+,muslim,rwandan,n/a
e5f423c3-7a7f-4e43-98e4-de828a5acbc5,not_disclosed,male,no,26-35,christian,rwandan,n/a
7f3ab3bb-9751-488e-b79a-270de0ac90aa,not_disclosed,male,no,26-35,christian,rwandan,n/a
40693da4-740f-482c-942b-67ccd6da772f,not_disclosed,male,no,36-45,christian,rwandan,n/a
b6c00a97-67ed-4575-a81e-f270c6f3ebc4,not_disclosed,male,no,36-45,christian,rwandan,n/a
0a6d1232-2028-4165-80dd-c14441aaed13,not_disclosed,male,no,46-55,christian,rwandan,n/a
d64f569c-edd8-4fc3-b9d8-8253f71b510a,not_disclosed,male,no,26-35,christian,rwandan,n/a
deea6695-70cb-47cd-b19f-6b47efb8464f,not_disclosed,male,no,26-35,none,rwandan,n/a
7288f581-8f6a-4849-8e2f-b81030a340ab,not_disclosed,male,no,26-35,none,rwandan,n/a
b861a74f-53e9-443d-991c-2e69b7ca0a88,not_disclosed,male,yes,46-55,christian,rwandan,n/a
17a0b815-ee6a-4678-97f2-000847fe8f23,not_disclosed,male,no,46-55,christian,rwandan,n/a
12c0b26a-e40f-41f5-a0cb-82ad3dc268d1,not_disclosed,male,yes,26-35,christian,rwandan,n/a
c4b4c2a3-4547-4714-b1a1-beeaae6e3f85,not_disclosed,male,no,26-35,christian,rwandan,n/a
39f161d4-9bf4-429b-9580-e3e5d574742e,not_disclosed,female,no,46-55,christian,rwandan,n/a
5b9d2b00-85a1-466b-b505-e8e97f356f8f,not_disclosed,male,no,36-45,christian,rwandan,n/a
ec80ec2f-b7f9-4fa3-8aea-fe0fa50dacff,not_disclosed,male,no,26-35,christian,rwandan,n/a
36b4beb9-0aee-4d22-b2ae-4cb2c51da56a,not_disclosed,female,no,18-25,other,rwandan,n/a
70b40e5a-be03-4e2e-bb42-6ed075e4ea79,not_disclosed,male,no,56-65,christian,rwandan,n/a
2bfdd45b-971d-4eab-8299-a012e542b65d,not_disclosed,male,no,46-55,christian,rwandan,n/a
f0b71aea-a5c8-41a7-b0f3-8812983167ad,not_disclosed,female,no,26-35,christian,rwandan,n/a
dcf92c61-cd77-4fd8-8e61-e7a6761a2c93,not_disclosed,female,no,36-45,none,rwandan,n/a
8c7b3b50-6e4e-4db3-80b0-9e71bd234399,not_disclosed,male,no,26-35,muslim,other,n/a
cf7f782e-369d-4420-b477-01d3151811ff,not_disclosed,male,no,36-45,christian,rwandan,n/a
c44f275d-a837-404a-a96f-19334e21682a,not_disclosed,female,no,56-65,christian,rwandan,n/a
3358291a-1aeb-4b0c-b556-16b959dbb30e,not_disclosed,male,no,66+,christian,rwandan,n/a
40eaa3fe-5130-4457-9bd8-c75c684b24f0,not_disclosed,male,no,26-35,christian,rwandan,n/a
404ecec5-ef0e-419f-8e91-c8714a68080a,not_disclosed,male,no,56-65,christian,rwandan,n/a
0449c42c-5c1e-4818-bcec-c04bf90a84a0,not_disclosed,male,no,46-55,christian,rwandan,n/a
665656d4-edbe-4645-9d65-ee8cc5de2cea,not_disclosed,male,no,36-45,muslim,rwandan,n/a
64746845-5257-4390-9867-855131de2762,not_disclosed,male,no,36-45,christian,rwandan,n/a
12586c4c-df61-423c-942f-7919798bd8b8,not_disclosed,male,no,66+,christian,rwandan,n/a
a9b43523-5a27-4bfd-959e-35fa3b5c5b1e,not_disclosed,male,no,26-35,christian,rwandan,n/a
0f513ded-6a74-4682-80fa-a59e4a0a4d16,not_disclosed,male,no,36-45,christian,rwandan,n/a
84c3ecaa-f9b0-4045-afca-555810301c8c,not_disclosed,male,no,18-25,muslim,rwandan,n/a
2b7acb5d-bf14-4c93-b7ce-78c95f2b7037,not_disclosed,male,no,26-35,christian,rwandan,n/a
813a297f-8b64-4d6a-8eb4-ea7dcc86fe9d,not_disclosed,male,no,56-65,christian,rwandan,n/a
23701fff-5290-4d27-82f8-8db8e50472dc,not_disclosed,male,no,66+,muslim,rwandan,n/a
2a050f82-7d86-4b05-bee9-608457bfc659,not_disclosed,male,no,46-55,christian,rwandan,n/a
eb121988-7bff-41bb-8617-eb759d3fcbed,not_disclosed,male,no,56-65,christian,rwandan,n/a
fbe595bd-f7ad-4d37-a392-3833f32b2b7b,not_disclosed,male,no,66+,christian,rwandan,n/a
5431edf7-af2c-4a80-ae08-27f95f84c72b,not_disclosed,female,no,26-35,christian,rwandan,n/a
94f6d336-75f3-4163-b20b-2de63127fe91,not_disclosed,male,no,26-35,christian,rwandan,n/a
dcdacb93-109f-4a71-91af-577f61ae92c0,not_disclosed,male,no,56-65,christian,rwandan,n/a
ba1d871b-5d0a-4bb7-b40e-e00566c60904,not_disclosed,male,yes,66+,christian,other,n/a
b488882f-b2d2-4443-a83e-018728c0b6c9,not_disclosed,male,no,36-45,christian,rwandan,n/a
17aa86df-62ab-4d11-b9d7-ab44f7ae8667,not_disclosed,female,no,46-55,other,rwandan,n/a
a1e8e51b-1259-4c9c-a5cb-323b0a0b455a,not_disclosed,female,no,26-35,christian,rwandan,n/a
2531b171-046b-44f1-ae8f-3d73866b8ad0,not_disclosed,male,no,36-45,christian,rwandan,n/a
9c1fcec4-457b-45f7-9aa6-6b265c55d1ca,not_disclosed,female,no,66+,christian,rwandan,n/a
eefd5cf7-fc13-426b-8cf4-61c66ee1f8a3,not_disclosed,male,no,26-35,muslim,rwandan,n/a
4ff2f34f-d77e-4b71-a144-b0aadb37e9b7,not_disclosed,male,no,26-35,other,rwandan,n/a
ebe26322-950b-4127-9af4-2b5c66e2592d,not_disclosed,male,no,26-35,christian,rwandan,n/a
2b752327-4379-490e-9460-02ecc52b0f59,not_disclosed,female,no,46-55,none,rwandan,n/a
dff914bb-5b77-4758-bf0b-acc5ff733491,not_disclosed,male,no,56-65,other,rwandan,n/a
53f5eb88-834a-4875-b4f6-018284484fb3,not_disclosed,male,no,18-25,muslim,rwandan,n/a
7a7d3486-5817-4171-add8-0e82268f34f7,not_disclosed,male,yes,66+,christian,rwandan,n/a
3f56d9e4-afe1-439b-9891-d83753b3ecaf,not_disclosed,female,no,36-45,christian,rwandan,n/a
8ca318d3-75e1-425f-b662-ca28b81b2618,not_disclosed,male,no,26-35,muslim,other,n/a
d17e062e-dec0-4468-bdce-3be4f4a127ad,not_disclosed,male,no,26-35,christian,rwandan,n/a
db084237-ab3c-4572-9a35-aa26d9a2489e,not_disclosed,male,no,66+,christian,rwandan,n/a
0bcd6905-5a52-4a0c-8d28-d04e93d8c520,not_disclosed,female,no,66+,christian,other,n/a
21cebd47-6770-44a8-a5f7-308b011f0dc8,not_disclosed,female,no,46-55,none,rwandan,n/a
a251f054-2f91-49bf-8442-36e0f4bd2ede,not_disclosed,female,no,36-45,christian,rwandan,n/a
7107c53b-c50b-48e6-8edf-a73e2a4ff4f9,not_disclosed,female,no,26-35,other,rwandan,n/a
dcfa6515-669c-40b0-8c4c-7c591ea43ffc,not_disclosed,male,no,26-35,christian,rwandan,n/a
0bbe6458-bc36-4591-9cdc-78a591e9e620,not_disclosed,male,no,26-35,christian,rwandan,n/a
e0196509-c2fa-4bd2-b9a9-1df5ece12e91,not_disclosed,male,no,36-45,christian,rwandan,n/a
ad1c67ae-6201-4aec-923d-bcf8f46efaee,not_disclosed,male,no,26-35,christian,rwandan,n/a
a0ec1d68-2433-4cf9-a83f-2088cd55bb1c,not_disclosed,male,no,56-65,christian,rwandan,n/a
a4e869c8-db84-4ee3-88f0-5fa0b17458b6,not_disclosed,male,no,36-45,christian,rwandan,n/a
acaf1be4-0b16-4b3a-ac2c-971c0f989bab,not_disclosed,male,no,36-45,christian,rwandan,n/a
ad4936f3-5355-4e8a-a203-e8fe2b4cbc5b,not_disclosed,male,no,26-35,christian,rwandan,n/a
9d22a65c-d60b-4c3d-a8e4-7eeb6ce0d2d1,not_disclosed,male,no,56-65,christian,rwandan,n/a
19dbdd88-89f6-4f5a-9a02-c7206141eecc,not_disclosed,male,no,36-45,christian,rwandan,n/a
6a4e2802-afd9-4566-8a05-67ee0729fac0,not_disclosed,male,no,26-35,christian,rwandan,n/a
585e7844-1373-4472-9292-d38e03c0e752,not_disclosed,male,no,66+,other,rwandan,n/a
4b50a382-a9e4-4088-be2b-34ec68e8306b,not_disclosed,male,no,46-55,christian,rwandan,n/a
516068b7-e460-4a21-8f70-27da08be82b5,not_disclosed,male,no,56-65,christian,rwandan,n/a
14fcff39-8840-435e-b79a-98c8f9e4b823,not_disclosed,male,no,66+,christian,rwandan,n/a
e7ec3025-0295-46b4-a15f-f2e9f062a7d9,not_disclosed,male,no,66+,christian,rwandan,n/a
2fe6da36-ca2c-4aa5-89d3-b5a1db94eb3e,not_disclosed,female,no,46-55,other,rwandan,n/a
018e9261-568d-4745-82dd-0e0b71abe126,not_disclosed,male,no,36-45,christian,rwandan,n/a
6f75a77a-fe81-4a95-becc-afb200777bdf,not_disclosed,female,no,46-55,other,rwandan,n/a
64fa8295-2dc1-4dc8-a4c7-713c6d6644b4,not_disclosed,female,no,66+,christian,rwandan,n/a
c333f7cc-2c67-427e-ae6b-b953a8dfa5d4,not_disclosed,male,no,66+,christian,rwandan,n/a
20cc8d3f-8b57-461b-9bb1-d45d756f95c1,not_disclosed,male,yes,36-45,christian,rwandan,n/a
8a2942ff-7a35-4a93-ab1f-549f29be2e8a,not_disclosed,female,no,26-35,christian,rwandan,n/a
f7197d8d-599e-4fbf-9f49-69685de22963,not_disclosed,male,no,56-65,christian,rwandan,n/a
682b4909-e972-4f07-81e2-e339c437da1e,not_disclosed,male,no,66+,christian,rwandan,n/a
1ab16ad1-656c-41a7-8511-d14d1e9a11e5,not_disclosed,male,yes,66+,christian,rwandan,n/a
d9f3033e-7ad5-4a6c-a790-36bbefde800a,not_disclosed,female,no,26-35,christian,rwandan,n/a
81143d49-890f-469d-80bd-c0a7cf0d3273,not_disclosed,male,no,46-55,christian,rwandan,n/a
3d822f8c-a2ba-4f8d-8c29-f1a12049ea96,not_disclosed,male,no,26-35,christian,rwandan,n/a
cc2ea96e-8ab6-4fc7-b171-39aef4814108,not_disclosed,male,no,56-65,christian,rwandan,n/a
3b0f6ee2-63e4-475a-a0c4-47704ec24feb,not_disclosed,male,no,36-45,christian,rwandan,n/a
92563212-17f0-437b-94d8-e3be8c2096a7,not_disclosed,female,no,36-45,christian,rwandan,n/a
418b9b3a-dee8-4f8d-aac2-0815cd087c5c,not_disclosed,male,no,36-45,christian,rwandan,n/a
897c6ff5-0c83-4dfd-88b0-4f0704476055,not_disclosed,male,no,66+,christian,rwandan,n/a
408535d7-759f-452a-b399-7e5dcfa5bef1,not_disclosed,male,no,56-65,christian,rwandan,n/a
e12a4ee0-b44b-4e2c-8da7-e234d6e8f66b,not_disclosed,male,no,18-25,christian,rwandan,n/a
e16787e7-f69a-4d69-ad50-ea163642836b,not_disclosed,male,no,46-55,christian,rwandan,n/a
14169e43-ffaa-413f-ad5d-a1642bce2e7b,not_disclosed,male,no,46-55,christian,rwandan,n/a
4ffa41ff-84e8-4bcb-88ed-99e5fa958ff0,not_disclosed,female,no,36-45,christian,rwandan,n/a
3f496f31-50a5-40a3-8840-a181c6c9d043,not_disclosed,male,no,36-45,muslim,rwandan,n/a
0b97a066-5f1f-4d02-a3ce-858bee50a5ff,not_disclosed,male,no,36-45,christian,rwandan,n/a
69c49c39-2468-4426-98a0-5badb7f87c2c,not_disclosed,male,no,66+,christian,rwandan,n/a
4b2ca643-a439-4451-94b2-48aba5002b72,not_disclosed,female,no,46-55,christian,other,n/a
015e8241-5faf-489b-93bc-43d24fba6cbc,not_disclosed,male,no,36-45,christian,rwandan,n/a
802a386e-ee40-486e-a642-deb644b2f5d0,not_disclosed,male,no,66+,christian,rwandan,n/a
db76cd58-c9ab-4069-9cbd-27454e480d15,not_disclosed,female,no,26-35,christian,rwandan,n/a
16c55c4f-eb35-4fe7-83d6-a2d19b200cf1,not_disclosed,female,no,26-35,none,rwandan,n/a
08e14311-0d25-4395-a9ef-758815f70ae1,not_disclosed,male,no,46-55,christian,rwandan,n/a
3a24d5b8-f8b0-4a47-a26e-e7e67851160e,not_disclosed,male,no,26-35,christian,rwandan,n/a
c19dadbe-183e-4ecb-86f1-218080a3352e,not_disclosed,male,no,66+,christian,rwandan,n/a
be45ed1d-532b-4751-add2-43ff9ae80bf5,not_disclosed,male,no,46-55,christian,rwandan,n/a
b067321c-5ca4-432c-b1e3-f28d800470bc,not_disclosed,male,no,56-65,christian,rwandan,n/a
f164485a-2e07-48d6-90ad-00bebc173256,not_disclosed,female,no,18-25,christian,rwandan,n/a
926c5a1b-8f26-4381-a87a-be7f100d70ab,not_disclosed,male,no,46-55,christian,rwandan,n/a
30a86091-5db2-45a9-9a98-0305bc9cf92e,not_disclosed,male,no,66+,christian,rwandan,n/a
76e3f901-28ca-4434-92da-1e47960e90a1,not_disclosed,male,no,56-65,none,rwandan,n/a
e9852e44-c778-4e99-bb4e-213005733286,not_disclosed,male,no,56-65,christian,rwandan,n/a
b78d384d-6e88-4f14-bbe9-310e3a2decc0,not_disclosed,female,no,18-25,christian,rwandan,n/a
29d1aea7-b54b-428d-a857-ac24784261fb,not_disclosed,male,no,46-55,christian,rwandan,n/a
2f8cfc76-675c-4290-9c82-0a57899fb758,not_disclosed,female,no,36-45,other,rwandan,n/a
86931dbc-3aac-4682-b48e-ecc269533308,not_disclosed,male,no,36-45,muslim,rwandan,n/a
39a1ff7e-e139-4982-802b-49e971883e9a,not_disclosed,male,no,36-45,christian,rwandan,n/a
22594fec-c9ae-4b66-9c26-c49c45dea20a,not_disclosed,male,no,26-35,christian,rwandan,n/a
54a0b065-3145-4c8c-b3cc-1aee6d38353c,not_disclosed,female,no,46-55,none,rwandan,n/a
832d96a2-44ad-4c61-9804-0d045f63cdfa,not_disclosed,male,yes,36-45,muslim,rwandan,n/a
fa0b5df4-e636-4ba8-b7d8-06f050e3e324,not_disclosed,male,no,56-65,christian,rwandan,n/a
1b95ee69-4d44-4f66-b4c1-a100c7163067,not_disclosed,male,no,56-65,christian,rwandan,n/a
17cf83eb-8606-42be-8dc0-e7ddd1794173,not_disclosed,male,no,66+,christian,rwandan,n/a
cef23560-f0d0-4825-ad5d-2ef8674444ad,not_disclosed,female,no,36-45,christian,rwandan,n/a
c6407d07-ea06-4dbc-99cb-079767895c14,not_disclosed,female,no,26-35,christian,other,n/a
e6c6e372-5398-41a8-a903-c95a918b5ecc,not_disclosed,male,no,66+,christian,rwandan,n/a
4583e3e2-015a-4270-9dc0-18daaa5d9b52,not_disclosed,female,no,56-65,muslim,rwandan,n/a
8a118771-460a-4296-8fe8-4453f5a38f55,not_disclosed,male,no,66+,none,rwandan,n/a
818b67ed-f2b5-4b7f-b009-45daceed5a9c,not_disclosed,male,no,26-35,christian,rwandan,n/a
c9b1eee2-e48e-4750-9bde-6f1ebce2e650,not_disclosed,male,no,56-65,christian,rwandan,n/a
787e3847-26bd-467c-a996-453be9db80e6,not_disclosed,female,no,26-35,christian,rwandan,n/a
71a6229c-e199-4d53-86dd-4bf804d207b8,not_disclosed,female,no,36-45,christian,rwandan,n/a
dba3ba1d-bdc7-40c2-84e5-4e9a2a21b0d5,not_disclosed,male,no,66+,other,rwandan,n/a
e8098a03-b75f-4145-ba9a-8c34b7362daa,not_disclosed,male,no,36-45,christian,rwandan,n/a
f15a2c00-f487-4156-897e-8c65db366442,not_disclosed,male,no,46-55,christian,rwandan,n/a
e34c8895-e406-4dbf-9f8c-9fd6f0da77aa,not_disclosed,male,no,26-35,christian,rwandan,n/a
20b54e4e-4064-4e4a-8bcd-ae7f250b71e7,not_disclosed,male,no,26-35,christian,rwandan,n/a
c98d0839-f34e-4664-9da8-df2765523f9a,not_disclosed,male,no,66+,christian,rwandan,n/a
2aa17735-6052-443f-8d1e-f4f4181c1ae0,not_disclosed,male,no,36-45,christian,rwandan,n/a
396e64d9-8196-47f7-ba1c-a71c2da0dacb,not_disclosed,male,no,36-45,christian,rwandan,n/a
0d3aec2b-440d-4358-9b69-cd70176c364d,not_disclosed,female,no,46-55,christian,rwandan,n/a
d610c309-e3f0-4b91-82b7-a91afb1fca7d,not_disclosed,male,no,26-35,christian,rwandan,n/a
c55f8f52-05bd-4988-ab8f-80d6e05f5dee,not_disclosed,male,no,36-45,christian,rwandan,n/a
56c06fa8-1d11-4da1-a5c5-dfd87a3c3a24,not_disclosed,male,no,18-25,christian,rwandan,n/a
d91f5171-0d01-49a2-b0d1-f93a794bd948,not_disclosed,male,no,36-45,christian,rwandan,n/a
18818870-a43e-446e-a22f-d700727305fd,not_disclosed,male,no,36-45,christian,rwandan,n/a
aaafe19b-630c-4248-81f1-eff5a92d9d17,not_disclosed,female,no,56-65,christian,rwandan,n/a
f14c7681-88f8-431e-8a43-e9458b1a599f,not_disclosed,female,no,66+,christian,rwandan,n/a
5dc795d3-e2fa-48cd-a339-b84dfc5e7168,not_disclosed,male,no,18-25,christian,rwandan,n/a
d6525f1e-eaaf-4426-9ee2-03edfdfaa77f,not_disclosed,male,yes,56-65,christian,rwandan,n/a
8731d624-4458-4e5c-b820-f0a2d8c41b88,not_disclosed,female,no,26-35,none,rwandan,n/a
c0ad0e14-eb39-422d-8539-dfc37d26cf05,not_disclosed,male,no,46-55,muslim,rwandan,n/a
38364a0c-54b4-4368-976e-83f63cc43b95,not_disclosed,male,no,46-55,christian,rwandan,n/a
3f8278e6-d74b-4451-931a-b6d7ff752d8e,not_disclosed,female,no,56-65,christian,rwandan,n/a
f4f3eb82-870f-49ea-b55b-bfe01cd3ecdb,not_disclosed,male,no,26-35,christian,rwandan,n/a
49d3eeb6-c728-49b0-82d6-ae61f0c05e11,not_disclosed,male,no,66+,christian,rwandan,n/a
a90942d5-6066-472f-9904-8c09bf976a2a,not_disclosed,male,no,66+,muslim,rwandan,n/a
520839e9-9484-41de-988d-757086a5910f,not_disclosed,female,no,18-25,christian,rwandan,n/a
83674d7a-9734-458f-afcc-f0c5e7e211bf,not_disclosed,male,yes,66+,christian,rwandan,n/a
2fe03fb7-1000-49fd-9f0e-a14129569ab0,not_disclosed,male,no,36-45,muslim,rwandan,n/a
d4a2a508-a0e4-4e6b-95f7-823757ebcf6f,not_disclosed,male,no,36-45,christian,rwandan,n/a
4ca01c50-49a7-4f7b-b953-c08e35a9059d,not_disclosed,male,no,36-45,christian,rwandan,n/a
be6362b3-93db-48d5-8843-ca6a5d775140,not_disclosed,male,no,56-65,christian,rwandan,n/a
da9f1173-4364-4b62-9dd4-0f43b3787630,not_disclosed,male,no,46-55,christian,rwandan,n/a
ed2da479-ede3-46cc-8b44-e3824c6a4666,not_disclosed,female,no,46-55,christian,rwandan,n/a
0387ef07-d1d3-4633-bda9-63f36b98fc1c,not_disclosed,male,no,26-35,christian,rwandan,n/a
eafd1bab-5833-4c7f-9a36-435ce6a1f381,not_disclosed,male,no,56-65,other,rwandan,n/a
ec6b6c4a-3c18-4ded-8c15-b5f522dbaaa9,not_disclosed,male,no,46-55,christian,rwandan,n/a
8277e75f-9c30-4376-9c1c-b4cbaca3552e,not_disclosed,male,no,46-55,christian,rwandan,n/a
f61c1a4e-7c82-40b1-a969-2c3e9968ce76,not_disclosed,female,no,36-45,christian,rwandan,n/a
0fcc2148-8598-4e21-8bf2-51d8231325c6,not_disclosed,male,no,56-65,christian,rwandan,n/a
3930c3a2-3537-479a-890a-f162e586ce12,not_disclosed,male,no,66+,christian,rwandan,n/a
4e960c3a-4d93-40af-b697-3e6e88b80f94,not_disclosed,male,no,36-45,christian,rwandan,n/a
d35dfd0c-8ce5-4a92-8baa-bfa8bfc7e066,not_disclosed,male,no,18-25,other,rwandan,n/a
76b604f8-dc4d-4faa-bf52-90ad962a18a5,not_disclosed,female,no,18-25,christian,rwandan,n/a
e7fb4139-6009-4157-9de0-00ad40ed147a,not_disclosed,male,no,36-45,christian,rwandan,n/a
8b0699eb-a729-40e2-b1f3-4aa294c428cd,not_disclosed,male,no,46-55,christian,rwandan,n/a
fecc517e-49db-4fc8-8902-4dd33a8e5a6c,not_disclosed,male,no,46-55,christian,rwandan,n/a
4032cce8-fcaa-41b6-9122-6fc3a53463a4,not_disclosed,male,no,26-35,christian,rwandan,n/a
19f70c6c-02b8-4a09-9fd8-75fdfaf7ade1,not_disclosed,male,no,36-45,christian,rwandan,n/a
e62c14a0-4343-41f4-ac8f-ae9bdaeda32b,not_disclosed,female,no,66+,christian,rwandan,n/a
cfe220d0-e9b0-4598-afaa-e04dcca6be92,not_disclosed,male,no,26-35,other,rwandan,n/a
9fa243b1-c612-413a-9c80-f4a65dc562f4,not_disclosed,female,no,18-25,christian,rwandan,n/a
a0f7843a-7178-4497-8199-b56c31edf43a,not_disclosed,male,no,18-25,christian,rwandan,n/a
b88f3b76-e006-4a51-89ed-dabf87229e17,not_disclosed,male,no,36-45,christian,rwandan,n/a
cb3327cb-52cc-476e-a9ca-92f56b84f1de,not_disclosed,male,no,18-25,christian,rwandan,n/a
2e099064-6538-4a34-aeb1-f504e45ad0e8,not_disclosed,male,no,36-45,christian,rwandan,n/a
284557d8-77e2-450f-8360-7d0b15ce45a5,not_disclosed,female,no,46-55,christian,rwandan,n/a
8d43d07c-c473-48e3-a567-18126bb7ea1d,not_disclosed,male,no,36-45,christian,rwandan,n/a
28a1180c-f8a0-4db6-9d3c-815d6bf5ff9d,not_disclosed,female,no,56-65,christian,rwandan,n/a
b60471ea-ae0c-4e98-88cd-ce5a2b888081,not_disclosed,male,no,66+,christian,rwandan,n/a
3dbf0583-63a0-48a2-b0c0-687dec0cf8d3,not_disclosed,female,no,56-65,christian,rwandan,n/a
592e8ad5-c91c-48f1-ab25-1525c7b6c270,not_disclosed,male,no,26-35,christian,rwandan,n/a
1e237513-1088-4e25-94a0-3fa8f6cb7542,not_disclosed,female,no,26-35,christian,rwandan,n/a
ecb2a3b6-8a76-4072-9add-af92dfee255d,not_disclosed,male,no,66+,christian,rwandan,n/a
bc32eada-badc-429f-b8e3-44125189dde5,not_disclosed,male,no,36-45,christian,rwandan,n/a
15aebaa4-9112-4fd1-ae8f-34677cac97eb,not_disclosed,male,no,26-35,christian,rwandan,n/a
e1886dde-85a5-454f-a9af-dea0fac04943,not_disclosed,male,no,56-65,christian,rwandan,n/a
dd2a39f2-3a03-4de5-b462-8a5bccc64cfe,not_disclosed,male,no,56-65,christian,rwandan,n/a
55ca77d3-e4dd-4d69-8218-4e482de438a2,not_disclosed,female,no,66+,christian,rwandan,n/a
44dd2eb5-e0be-4b7c-9657-f41358d2f0c2,not_disclosed,female,no,66+,christian,rwandan,n/a
c45d367b-0db4-4c23-b678-261d9b505f79,not_disclosed,male,no,18-25,christian,rwandan,n/a
e5a255d4-e6b9-49e2-bf72-11e74628bc35,not_disclosed,male,no,66+,christian,rwandan,n/a
e287dc60-9115-426f-8841-f7ca8546e4d2,not_disclosed,male,no,66+,christian,rwandan,n/a
4c16acc5-bd98-475f-ae46-dd06f8302b15,not_disclosed,female,no,36-45,christian,rwandan,n/a
1c47cbb9-8244-4d3c-a1e8-72d7cdb5a218,not_disclosed,female,no,36-45,christian,rwandan,n/a
3d54d0fe-509f-4670-bdcd-9cb876931150,not_disclosed,male,no,36-45,christian,rwandan,n/a
4560d69c-7e31-4de3-8249-e7b0d085aaa6,not_disclosed,male,no,46-55,christian,rwandan,n/a
1b4e0fcd-3c7d-4160-abba-48fe95fa7f7b,not_disclosed,male,no,36-45,christian,other,n/a
b332dd1f-452b-4ec8-81f3-2789985116d5,not_disclosed,female,no,66+,christian,rwandan,n/a
65c76812-0c12-4e99-ae48-f36277a7de1d,not_disclosed,female,no,46-55,muslim,rwandan,n/a
389693f6-a4de-439b-8f7a-a01875100623,not_disclosed,male,no,26-35,christian,rwandan,n/a
90bb5f01-2afc-40be-9b10-b294f4d8e4d0,not_disclosed,male,no,36-45,christian,rwandan,n/a
4f2fae64-a0e4-4610-8cdc-157baa046a2b,not_disclosed,male,no,36-45,christian,rwandan,n/a
5573265b-3ca8-4ff8-9362-18ba1724b06e,not_disclosed,male,no,26-35,christian,rwandan,n/a
4526933c-0dd6-4172-b927-e358b1abc486,not_disclosed,male,no,56-65,christian,rwandan,n/a
9cc5e223-c6db-43d7-8331-383f930308c9,not_disclosed,male,no,46-55,christian,rwandan,n/a
0793dc68-5d47-43f4-ba93-068d940c6e01,not_disclosed,male,no,36-45,christian,rwandan,n/a
213dcd2f-dc7e-4242-a10e-c57004330d9c,not_disclosed,male,no,36-45,christian,rwandan,n/a
5bf3c35a-321b-4700-8c25-345608983f60,not_disclosed,male,no,36-45,christian,rwandan,n/a
cf9408ed-4995-47c1-9f74-908f4f208daa,not_disclosed,male,no,46-55,christian,other,n/a
6c0d9278-8ddd-41f4-859d-095b1c254f3c,not_disclosed,male,no,66+,christian,rwandan,n/a
198a7c75-8518-4f50-9e4a-b848013a25d0,not_disclosed,female,no,46-55,none,rwandan,n/a
032788d0-24c9-4036-b2cd-cedda3d107f1,not_disclosed,male,no,36-45,christian,rwandan,n/a
5373cf94-5149-49f5-ad49-abe21c75c623,not_disclosed,male,no,26-35,christian,other,n/a
6e2424a4-beda-422f-bf11-d5677e1baf63,not_disclosed,male,no,26-35,muslim,other,n/a
a67be035-757c-40ea-8b39-286f3e372ea1,not_disclosed,female,no,36-45,christian,rwandan,n/a
9cc95f69-1ec8-470e-8f79-96ec5997b8a1,not_disclosed,female,no,26-35,christian,rwandan,n/a
2edae7c9-1671-481c-8034-4548583eb8b0,not_disclosed,male,yes,36-45,christian,rwandan,n/a
925e5dda-f1b0-4d47-b49a-04951a6e2572,not_disclosed,male,no,36-45,other,rwandan,n/a
3926dca6-e89b-490f-9eea-da560f2b65c7,not_disclosed,male,no,26-35,christian,rwandan,n/a
38dc7bf3-5463-42c4-ab0f-bd2b270f8b55,not_disclosed,male,no,56-65,christian,rwandan,n/a
9d7b5375-5966-4574-a2fb-84a4b1827712,not_disclosed,female,no,46-55,christian,rwandan,n/a
9dda5d8a-d30d-493e-ae3a-393833f59c84,not_disclosed,female,no,56-65,none,rwandan,n/a
ea7c7572-d7c8-409e-99fe-a7dadeea6c4d,not_disclosed,female,no,46-55,christian,rwandan,n/a
2979b0b5-0b4c-44e7-ad4d-bc5184146154,not_disclosed,male,no,26-35,christian,rwandan,n/a
4acff94f-2203-40f0-889f-172787b67317,not_disclosed,female,no,46-55,christian,rwandan,n/a
3ef87de2-ae99-4b59-883b-bc9e00731795,not_disclosed,male,no,66+,muslim,rwandan,n/a
b3c9dae4-f27e-4148-8561-d6080dd154cf,not_disclosed,male,no,26-35,christian,rwandan,n/a
f04d97a7-c57b-4f5c-b3a2-17988cd0cef2,not_disclosed,male,yes,36-45,christian,rwandan,n/a
bc913403-dfa4-4ad3-9eb2-e6670e5390c3,not_disclosed,male,no,36-45,christian,rwandan,n/a
0f2ed055-2648-4cc2-8629-bcf2f9e078f8,not_disclosed,female,no,18-25,christian,rwandan,n/a
0064a34f-b870-4081-9201-8faec67f510c,not_disclosed,female,no,26-35,christian,rwandan,n/a
eb27f37c-9aa0-4afc-840f-8b3e4e366c4e,not_disclosed,male,no,26-35,christian,rwandan,n/a
add695a9-0485-48c4-acd4-3c8dcb4a1131,not_disclosed,male,no,18-25,christian,rwandan,n/a
551377e8-7424-40bc-a000-5c26392ecc6a,not_disclosed,male,no,36-45,christian,rwandan,n/a
e5cf8b94-da6d-4135-84c4-a4e16e1e2748,not_disclosed,female,no,56-65,christian,rwandan,n/a
129c7b3f-c306-4b99-886f-c54735854776,not_disclosed,female,no,36-45,christian,rwandan,n/a
ab62f802-8823-4f8f-9c9b-f42ddfe63d4b,not_disclosed,male,no,26-35,christian,rwandan,n/a
ed2b8208-aece-4bcc-8da5-c9ce13c71f5f,not_disclosed,male,no,36-45,christian,rwandan,n/a
2c3d4ac6-d195-4bf5-9ac0-b1c86418cdde,not_disclosed,male,no,66+,christian,rwandan,n/a
bad62162-d8fa-4159-b432-cad7cd4bacdf,not_disclosed,male,no,46-55,christian,rwandan,n/a
4f937058-f7a5-4499-bf75-b9a76b1cbf3f,not_disclosed,male,yes,46-55,christian,rwandan,n/a
4082f5fe-7ff1-4dae-967c-41b41669d17b,not_disclosed,female,no,26-35,christian,rwandan,n/a
2f75f17a-a4e0-4ecb-89fc-8e20c7d02e8f,not_disclosed,male,no,36-45,none,rwandan,n/a
8156a5de-ca30-41ff-b68f-0a1dff0fddaf,not_disclosed,female,no,26-35,christian,rwandan,n/a
6839899d-8033-47f7-a41b-75540ef08f87,not_disclosed,male,no,26-35,christian,rwandan,n/a
2df22cba-71e7-436a-acf2-88d2c2cbb3ce,not_disclosed,male,no,36-45,christian,rwandan,n/a
3e2732f9-e44e-4280-94d8-f1f04eb35ce2,not_disclosed,male,no,36-45,christian,rwandan,n/a
7b978f00-eafe-4428-bdae-b3cdedb86b86,not_disclosed,female,no,18-25,christian,rwandan,n/a
576984f1-13f0-43e8-8a09-c23bdcfaf5eb,not_disclosed,male,no,66+,other,rwandan,n/a
86b9d59d-d4ef-4f72-b5ae-86f94df32e77,not_disclosed,male,no,46-55,christian,rwandan,n/a
1ab56630-f8de-46a1-ab69-94c49a7f6bca,not_disclosed,male,yes,56-65,christian,rwandan,n/a
e0744a72-a9f5-42a7-a9ee-da239af92c63,not_disclosed,male,yes,18-25,christian,rwandan,n/a
6361e5c6-9c29-4653-b544-aea93ea4c29c,not_disclosed,female,no,36-45,christian,rwandan,n/a
76da72b0-5996-494e-b8c9-a0e57ab73ab8,not_disclosed,male,no,36-45,christian,rwandan,n/a
7a5ee931-c33a-434d-8381-3ad9ea321346,not_disclosed,male,no,56-65,christian,rwandan,n/a
e3f5b62e-ba78-4ad8-abb2-d4c3f2ba4b9d,not_disclosed,male,yes,18-25,christian,rwandan,n/a
3412d2c7-010a-4110-a663-386dadcbe1e8,not_disclosed,male,no,36-45,christian,rwandan,n/a
c1c5c626-4058-41c3-88bd-55ea1d3b4116,not_disclosed,female,no,46-55,christian,rwandan,n/a
5e3be49a-6915-4135-939c-b2824203d862,not_disclosed,male,no,46-55,christian,rwandan,n/a
07ad6e1e-bcc7-4c4b-b58b-d08d628aaded,not_disclosed,male,no,36-45,christian,rwandan,n/a
606c4106-b3d4-41e9-852e-b3cfdcfa5776,not_disclosed,male,no,36-45,christian,rwandan,n/a
2dd1221f-0b46-4583-a11f-71ec3469e108,not_disclosed,male,no,36-45,christian,rwandan,n/a
0233d9b5-e8f0-4fb0-881a-4e47063084be,not_disclosed,male,no,26-35,christian,rwandan,n/a
a7ab0f61-e70e-4311-82fd-d0f2cfcdf51c,not_disclosed,female,no,26-35,muslim,rwandan,n/a
f1e0e2c9-274b-4ac9-b23d-72aaefc48f0f,not_disclosed,female,no,26-35,christian,rwandan,n/a
af3abbd8-e116-463d-be91-7bc86f589114,not_disclosed,male,no,46-55,christian,rwandan,n/a
20a5e8d7-0428-4c51-8e84-24eaea07e828,not_disclosed,female,no,46-55,none,rwandan,n/a
e00a33d0-5e66-49a0-a100-fc8df2bb7425,not_disclosed,male,yes,36-45,christian,rwandan,n/a
35a46068-3fcd-4aa8-90ca-ee5e460346e2,not_disclosed,female,no,26-35,christian,rwandan,n/a
dc5b4454-f2c9-47ff-86bf-0a3663922f84,not_disclosed,female,no,46-55,christian,rwandan,n/a
70097d58-1809-4c97-8aaf-92014b12c688,not_disclosed,female,no,56-65,christian,rwandan,n/a
ed890b27-82db-4fb5-93be-0e8d22ac0abd,not_disclosed,female,no,66+,christian,rwandan,n/a
679242a3-0706-42a8-bd22-8a56a20e6f13,not_disclosed,male,no,26-35,christian,rwandan,n/a
40153815-9e99-49ae-81cd-97c49d966eaf,not_disclosed,male,no,46-55,christian,other,n/a
bc773b5f-c7ab-4a99-927a-ca5c81176062,not_disclosed,female,no,36-45,christian,rwandan,n/a
79391897-c943-427d-85d1-1737b877839f,not_disclosed,female,no,46-55,christian,rwandan,n/a
66c52121-e22b-475e-8f75-ec11764e28ed,not_disclosed,male,no,26-35,none,rwandan,n/a
26b10f4c-c91c-4c76-81e1-b9c0455d7a1e,not_disclosed,male,no,56-65,christian,rwandan,n/a
288b2193-2b16-45e9-a050-f6b017ea1f8f,not_disclosed,female,no,66+,christian,rwandan,n/a
451aa4ef-f660-4fa4-8f8d-5fd8e9049101,not_disclosed,male,no,56-65,christian,rwandan,n/a
f0696fb3-512a-4cb4-a164-e6b8f0a04900,not_disclosed,male,no,36-45,christian,rwandan,n/a
224f34d3-7251-4441-b798-27368dff0b0f,not_disclosed,male,no,46-55,christian,rwandan,n/a
b8f01631-a94b-4d9a-b65f-752af0bc9f00,not_disclosed,male,no,36-45,christian,rwandan,n/a
7e688d62-374c-4666-93ce-34d00d046af9,not_disclosed,female,yes,66+,christian,rwandan,n/a
a2f4dbd2-dcd2-4579-9f39-a1d97c53f7c8,not_disclosed,male,no,26-35,christian,rwandan,n/a
20a664a0-2b29-4c1d-b776-d6652487dbb3,not_disclosed,female,no,36-45,christian,rwandan,n/a
759013e1-cd0c-4d16-a4b1-2d49d0490840,not_disclosed,female,no,26-35,christian,rwandan,n/a
f222dc9f-3f79-44a5-835d-76f3fa3e79cf,not_disclosed,female,no,66+,christian,rwandan,n/a
ab892a88-a42f-4747-ae14-6c3f43f479ac,not_disclosed,female,no,56-65,christian,rwandan,n/a
356a9569-4f5e-4602-bc40-68ce722ad92e,not_disclosed,female,no,36-45,christian,rwandan,n/a
355d5d37-5280-40b1-ab74-906982551a26,not_disclosed,male,no,46-55,christian,rwandan,n/a
1df78297-87af-4253-93f0-bb9129bb89ba,not_disclosed,female,no,26-35,christian,rwandan,n/a
5031289f-22a0-4b8d-a8d2-280b084d47a0,not_disclosed,male,no,36-45,christian,rwandan,n/a
7069ddb2-b812-4828-aea4-8deb1c694bfc,not_disclosed,male,no,46-55,christian,rwandan,n/a
aa054537-5133-4922-96de-263c6a3cd85c,not_disclosed,female,no,56-65,christian,rwandan,n/a
16026ba0-dae4-4cf2-826f-d744749c8dbb,not_disclosed,male,no,36-45,christian,rwandan,n/a
b36c9d7f-859d-48a3-97cf-6572c71f8a09,not_disclosed,male,no,36-45,christian,rwandan,n/a
734c9f9d-b17b-44ed-b271-dfd7ed6fff8b,not_disclosed,male,no,66+,christian,rwandan,n/a
6f4d95b3-0d19-4eb8-aa33-a0a4376cbfc8,not_disclosed,female,no,36-45,christian,rwandan,n/a
bf9d32e0-1810-4dda-9e86-df2ac5446403,not_disclosed,male,no,56-65,christian,rwandan,n/a
a14a9eac-a17e-4a6a-9061-50bb9138eef7,not_disclosed,male,no,18-25,christian,rwandan,n/a
63bc2c67-d018-446a-9898-8ccc262df82f,not_disclosed,male,no,36-45,none,rwandan,n/a
dcd0142c-a7c5-43e5-be5b-3a8c757f41cc,not_disclosed,male,no,46-55,christian,rwandan,n/a
e31f77de-b01b-46be-a02d-802eab643f7d,not_disclosed,male,no,26-35,christian,rwandan,n/a
f41f8299-b53c-484f-9689-1449e2e7021c,not_disclosed,female,no,36-45,christian,rwandan,n/a
737b3725-91c1-42ac-9301-0b07fc356aa2,not_disclosed,female,no,36-45,christian,rwandan,n/a
de42b1be-9fb7-4521-94d4-9bd32a1ee02f,not_disclosed,male,yes,26-35,christian,rwandan,n/a
999b7cb3-4ce8-4605-bec9-1067a6617952,not_disclosed,male,yes,36-45,christian,rwandan,n/a
672a1613-2a9a-423c-9f99-583fdda2a722,not_disclosed,male,no,46-55,christian,rwandan,n/a
596f11d3-6c9b-4d49-b35b-0607c7b823de,not_disclosed,male,no,66+,christian,rwandan,n/a
476c98cd-1f8e-4210-b17b-0f0597c8d922,not_disclosed,female,no,26-35,christian,rwandan,n/a
61d11cc4-d7ab-4cd7-a113-f365c6bd4066,not_disclosed,female,no,36-45,christian,rwandan,n/a
1bda43dd-19eb-4003-8e2c-4c782f742c82,not_disclosed,female,yes,66+,christian,rwandan,n/a
c8cab8de-16ec-4a45-b9a4-57ca12d0a065,not_disclosed,male,no,26-35,christian,rwandan,n/a
df16df13-5af1-4242-b4a5-29be4674624b,not_disclosed,male,no,26-35,christian,rwandan,n/a
e446b187-4b48-45b8-9599-3903bcec0ec1,not_disclosed,female,yes,18-25,christian,rwandan,n/a
d3a3f64d-156b-4b9f-af61-ccc6550c37ec,not_disclosed,male,no,56-65,christian,rwandan,n/a
4681cd4e-8b69-447a-bc45-e9b77096bde2,not_disclosed,female,no,56-65,christian,rwandan,n/a
e1660eba-dd50-4507-9f04-e6276fc5bf5c,not_disclosed,female,no,26-35,christian,rwandan,n/a
972394af-9db0-491c-96e7-aa4b8e1015d1,not_disclosed,male,no,36-45,christian,rwandan,n/a
a2dfda05-75a8-4ce0-9eb6-cf2b5ff0b5b1,not_disclosed,female,no,56-65,christian,rwandan,n/a
9a530c77-677a-4878-820a-cd20d60b8421,not_disclosed,male,no,46-55,christian,rwandan,n/a
965fec7e-c952-426f-bcf8-e33928b62e34,not_disclosed,male,no,26-35,christian,rwandan,n/a
8f920ec3-4acb-44d9-aa9b-1b197bc67887,not_disclosed,male,no,56-65,christian,rwandan,n/a
bae5b31e-d671-4ee6-a7f4-1758477b8a8e,not_disclosed,male,no,46-55,christian,rwandan,n/a
cfef9f05-1279-4bd6-9b59-c86162c67963,not_disclosed,male,no,56-65,christian,rwandan,n/a
7fef6220-4307-481a-83c1-5d16e2520164,not_disclosed,male,no,18-25,christian,rwandan,n/a
de5a51b5-18be-4fbb-a468-f9bf95520dcb,not_disclosed,female,no,26-35,christian,rwandan,n/a
6defc922-f543-4c67-ae39-d5f1e691edbf,not_disclosed,male,no,26-35,christian,rwandan,n/a
87c4b3be-c6e2-4933-9a6f-65b92672c740,not_disclosed,male,no,56-65,christian,rwandan,n/a
b3b455c8-c053-421d-bd1f-0ed7fb01b0a0,not_disclosed,male,no,46-55,christian,rwandan,n/a
a1b80e45-8941-424c-a251-9f7433f259df,not_disclosed,male,no,26-35,muslim,rwandan,n/a
db6539ae-326a-4a96-91b3-305bc0be11f8,not_disclosed,male,no,36-45,christian,rwandan,n/a
fe1ba2de-11d6-4d02-8efc-c3b1221d5a99,not_disclosed,male,yes,26-35,other,rwandan,n/a
c33a9b7b-01a7-4ec7-8595-267404cff816,not_disclosed,male,no,26-35,christian,rwandan,n/a
8885be06-ae8f-40b6-9f25-18f05cba739c,not_disclosed,male,no,36-45,christian,rwandan,n/a
e18f1674-7660-49f3-8538-6ace4b2131f0,not_disclosed,female,no,36-45,christian,rwandan,n/a
1363ed92-8a25-43b6-a3f8-470dbc419d8a,not_disclosed,female,yes,46-55,christian,rwandan,n/a
a38ee19b-d62c-4fd3-a2b9-2ce816356ffd,not_disclosed,male,no,66+,christian,rwandan,n/a
b3765851-bfc7-431e-aeed-100c683b1a05,not_disclosed,male,no,26-35,christian,rwandan,n/a
3b4cb220-2faa-4131-b07c-b809614072e5,not_disclosed,male,no,18-25,christian,rwandan,n/a
8690dff3-5a98-4c49-90ea-87c3764003bf,not_disclosed,male,no,46-55,christian,rwandan,n/a
e8dd74a0-ca8e-422b-bbfd-57a71d3da0b1,not_disclosed,female,yes,56-65,christian,rwandan,n/a
099ff071-14e1-4547-84bc-f0f7ebca162d,not_disclosed,female,no,26-35,christian,rwandan,n/a
1c56b0ee-8337-456a-82df-22280db613e3,not_disclosed,male,no,26-35,christian,rwandan,n/a
fd375c0b-1b01-4744-b58e-476a91dc01ae,not_disclosed,male,no,26-35,christian,rwandan,n/a
9fe0a305-9733-46ed-a53a-281988cb5aef,not_disclosed,male,no,46-55,christian,rwandan,n/a
c6d96945-411b-47b7-b8c7-8f41a57b4757,not_disclosed,female,no,26-35,christian,rwandan,n/a
0db9ca75-e006-448e-860f-7dab2ee0131b,not_disclosed,female,no,46-55,christian,rwandan,n/a
74c3fe1c-2587-45eb-adca-9ebef81a016d,not_disclosed,male,no,56-65,christian,rwandan,n/a
e80170d6-988e-4caa-a801-99976f0e2b5b,not_disclosed,female,no,46-55,none,rwandan,n/a
fd532e39-f086-4953-ac03-deecc698136d,not_disclosed,male,no,66+,christian,rwandan,n/a
529fddd5-3769-49f7-8e92-bb963e88f256,not_disclosed,male,no,66+,none,rwandan,n/a
bc8b52aa-fa4d-4dfa-b2e7-d4dd14c5176d,not_disclosed,male,no,36-45,christian,rwandan,n/a
3c73156e-c7c1-4d79-a95b-3f19c14f923c,not_disclosed,male,no,26-35,christian,rwandan,n/a
7c916ac9-b1cc-45e7-aa01-6e3983052729,not_disclosed,male,no,36-45,christian,rwandan,n/a
2d274edb-eaaf-47a4-a6c0-ae59b287b544,not_disclosed,female,no,26-35,christian,rwandan,n/a
dcb169ea-aae2-49e9-b8eb-2756aef54eaa,not_disclosed,female,no,56-65,christian,rwandan,n/a
699720b2-d40a-443a-8cb0-f67f347a5cb0,not_disclosed,male,no,66+,christian,rwandan,n/a
868a04bc-c132-48e6-9beb-b3006d89bf47,not_disclosed,male,no,18-25,christian,rwandan,n/a
1e65e4a8-f073-4775-9c80-bf00eb51f34b,not_disclosed,male,no,46-55,christian,rwandan,n/a
6d153d32-8ebd-419b-9fc1-1a8101aacc17,not_disclosed,male,no,26-35,christian,rwandan,n/a
16ceb501-054c-4e0c-8a13-17f6f4224548,not_disclosed,male,no,26-35,christian,rwandan,n/a
f264d0d2-dea7-4b3a-87ff-9b886204e875,not_disclosed,female,no,18-25,christian,rwandan,n/a
b6442368-7e0b-47f0-8ba1-ab8fa762aa56,not_disclosed,male,no,66+,other,rwandan,n/a
f5c79caf-b589-4678-9fa3-9a47df65cf3a,not_disclosed,male,no,18-25,christian,rwandan,n/a
f6ce677f-247d-4e16-9a8b-9d1c661e6e60,not_disclosed,male,no,18-25,christian,rwandan,n/a
1a27738b-c384-4838-9938-38a3ca7a064c,not_disclosed,male,no,66+,christian,rwandan,n/a
b68abc73-a4ff-4e88-a73d-fa85fb98c521,not_disclosed,female,no,36-45,christian,rwandan,n/a
d6147d03-c759-4925-bd55-b36bfbe86932,not_disclosed,male,no,66+,none,rwandan,n/a
34b73a2b-3b9f-4140-a427-f0addba27a12,not_disclosed,male,no,18-25,christian,rwandan,n/a
9856ae94-c014-4020-a10a-39547a569db4,not_disclosed,male,no,36-45,christian,rwandan,n/a
0b44044c-e517-4df9-8c06-a914617bb513,not_disclosed,male,no,26-35,christian,rwandan,n/a
0b503c58-0b92-48e4-94fc-2177d78d5719,not_disclosed,male,no,18-25,christian,rwandan,n/a
0b4f0600-bd8a-4b7b-8035-f4d58681b410,not_disclosed,female,no,26-35,christian,rwandan,n/a
e315600c-de44-4695-9e22-0d9fee8b25b6,not_disclosed,male,yes,46-55,christian,rwandan,n/a
17c20675-0528-4c82-8898-76cd99be69bd,not_disclosed,male,no,18-25,christian,rwandan,n/a
7665cc19-a9ea-4a08-87de-8eeb36dba7e7,not_disclosed,male,no,26-35,christian,rwandan,n/a
0abe6dcd-0209-4faa-9eab-eb5ea94c7631,not_disclosed,male,no,66+,christian,rwandan,n/a
80ed81f7-4829-448a-a66c-daca262859af,not_disclosed,male,no,56-65,christian,rwandan,n/a
1b09ba35-e5f6-4bfd-9eda-d52d4b4e0a16,not_disclosed,female,no,66+,christian,rwandan,n/a
4fad4d6b-a63b-447c-b439-b3eb2e683af7,not_disclosed,male,no,26-35,christian,rwandan,n/a
713a634c-0c51-4fc1-acdd-210555b23c29,not_disclosed,male,no,36-45,other,rwandan,n/a
d8e26229-1bf1-45ad-b700-fcc6c56a48c1,not_disclosed,male,no,56-65,christian,rwandan,n/a
ac2496a7-e674-4d20-8938-53106b613482,not_disclosed,male,no,36-45,other,rwandan,n/a
18e69b46-66db-4279-860a-754650396f4d,not_disclosed,male,no,46-55,christian,rwandan,n/a
dae14b5d-f0bd-406d-b999-daca85529225,not_disclosed,male,no,18-25,christian,rwandan,n/a
48f7a0dd-5734-43c8-a35b-716c5fbf545d,not_disclosed,male,no,26-35,christian,rwandan,n/a
54503042-a49d-4d4b-a4c0-16d72aa09ac8,not_disclosed,male,no,56-65,christian,rwandan,n/a
b75b469a-15f2-43bd-881f-ea9027eec0d2,not_disclosed,male,no,36-45,muslim,rwandan,n/a
de8dbb07-3899-45a8-89fa-32fd4e3e861f,not_disclosed,male,no,46-55,christian,rwandan,n/a
d762ebc3-f27a-4b7c-88bf-ab46f49541e2,not_disclosed,female,no,26-35,other,rwandan,n/a
3fcb0208-569d-426a-a82f-9f35e070560f,not_disclosed,female,no,46-55,christian,rwandan,n/a
336a70d5-6951-4c53-8a49-ea8d6de97995,not_disclosed,male,no,26-35,christian,rwandan,n/a
fa45f754-21b1-41bd-8910-1a0809c326c5,not_disclosed,male,yes,26-35,christian,rwandan,n/a
3566741b-0c12-4794-92ff-24b0c7f6e47d,not_disclosed,male,no,18-25,christian,rwandan,n/a
e862a1da-aeac-45b1-8c9d-04dbb8757e04,not_disclosed,female,no,46-55,christian,rwandan,n/a
85f055c8-a625-4a7f-8c1e-e892f9034b0a,not_disclosed,male,no,36-45,christian,rwandan,n/a
010dba2f-110d-4328-92a8-b98cac132ac4,not_disclosed,male,no,26-35,other,rwandan,n/a
8562c4c3-30a0-4252-b017-751ed814d35f,not_disclosed,female,yes,26-35,christian,rwandan,n/a
8cfa02b8-ced1-4176-a2e1-7c064684ccbe,not_disclosed,male,no,46-55,christian,rwandan,n/a
31b08ba9-d71b-494c-b5e6-0d7aa04980c3,not_disclosed,male,no,46-55,christian,rwandan,n/a
04e13993-0f6d-45fc-a528-1f53fdf18da2,not_disclosed,female,no,36-45,christian,rwandan,n/a
46d40a71-4a5b-488f-8dd4-dfaf0b96f9a5,not_disclosed,male,no,66+,other,rwandan,n/a
cbea48ae-25a9-45eb-92f3-3928a98a903c,not_disclosed,female,no,56-65,christian,rwandan,n/a
dcc1a184-57ba-43fb-abee-2c28acf190fb,not_disclosed,female,no,46-55,christian,rwandan,n/a
d2132643-2db9-448c-8734-6adc31163931,not_disclosed,female,no,26-35,christian,rwandan,n/a
3f135353-b639-4b8a-b24b-4ce64f9541c5,not_disclosed,female,no,46-55,christian,rwandan,n/a
67b7b08a-f6e5-46b2-9faa-09d7f5431a9b,not_disclosed,female,no,18-25,christian,rwandan,n/a
8b78cfa0-36cf-4d2c-9de5-a2a00c7113bf,not_disclosed,male,no,26-35,christian,rwandan,n/a
2a997295-7d9f-4883-89cf-3f2e0b9c48ce,not_disclosed,male,no,36-45,christian,rwandan,n/a
bea94153-d16d-4b18-8dee-5dbfbde15564,not_disclosed,male,no,66+,christian,rwandan,n/a
d9b63b3c-baa5-4be8-8706-ab4da890d2ae,not_disclosed,female,no,26-35,christian,rwandan,n/a
54dde795-a2d6-411e-a453-7bdc387fb010,not_disclosed,male,no,18-25,christian,rwandan,n/a
17b16840-c161-40b1-ba1e-3e64f3c704e3,not_disclosed,male,yes,56-65,christian,rwandan,n/a
422cafeb-f5e9-4055-a2d1-e0855c07c781,not_disclosed,male,no,46-55,christian,rwandan,n/a
48ed40b5-2568-4887-8c7d-ca07b497701a,not_disclosed,male,no,36-45,christian,rwandan,n/a
328429da-0c89-42b6-aa18-96af44abe345,not_disclosed,male,no,46-55,christian,rwandan,n/a
cf184acf-6425-4c88-98a7-8fefe4365bb3,not_disclosed,female,no,56-65,christian,rwandan,n/a
de996029-fb5f-46a0-bae2-e8b170c3f3e3,not_disclosed,male,no,66+,christian,rwandan,n/a
f1aabeab-6498-4cd6-96fc-15077f90f352,not_disclosed,female,no,26-35,christian,rwandan,n/a
85724e0d-4280-422c-a75e-89a829100b92,not_disclosed,male,yes,56-65,christian,rwandan,n/a
0a23e255-b73c-4dc3-afcc-962f54288ba7,not_disclosed,male,yes,18-25,christian,rwandan,n/a
454c8ae7-81bc-4208-b18c-53dd677e6479,not_disclosed,female,no,66+,christian,rwandan,n/a
96a900f0-3ebc-4227-94c4-851968875ba5,not_disclosed,male,no,36-45,christian,rwandan,n/a
37b67dfa-68f8-40d5-9d5a-a2bcb9328d95,not_disclosed,male,no,66+,christian,rwandan,n/a
940276cb-e675-4995-965d-f5246d8e2531,not_disclosed,male,no,66+,christian,rwandan,n/a
159510bd-af8f-4dd5-97d3-568dad0d82c9,not_disclosed,female,no,36-45,christian,rwandan,n/a
1ff8e436-8112-40fd-b346-32f7d9fccd63,not_disclosed,male,no,26-35,other,rwandan,n/a
225081e4-393a-4ef3-96e9-c956f3e154cb,not_disclosed,male,no,46-55,christian,rwandan,n/a
60f16f75-760f-474a-878a-53b83232e359,not_disclosed,male,no,46-55,christian,rwandan,n/a
82a9f663-60fa-40ce-99fc-1a60ed341bba,not_disclosed,female,no,66+,christian,rwandan,n/a
277c9c86-7da5-4d4d-85d9-eba83c7ae9a8,not_disclosed,male,no,46-55,muslim,rwandan,n/a
1cab17d3-b5b3-440c-9822-04859e99d6a4,not_disclosed,female,no,46-55,christian,rwandan,n/a
327990af-97a9-412a-8f2d-d4bc1e991714,not_disclosed,male,yes,56-65,christian,rwandan,n/a
7eaacd9f-ff17-40db-abfe-a46e6e388e90,not_disclosed,male,no,26-35,christian,rwandan,n/a
72b27596-b296-4bbb-b813-190ab74992e1,not_disclosed,female,no,46-55,christian,rwandan,n/a
d627e44a-48ae-4990-ad11-874955b31c7a,not_disclosed,male,yes,56-65,christian,rwandan,n/a
8d86a42a-06ea-4fe9-b166-a5d24f58b854,not_disclosed,female,no,18-25,christian,rwandan,n/a
caae40f4-c2de-427d-bbe0-5c94d1ed76d8,not_disclosed,male,yes,26-35,christian,rwandan,n/a
56f6645d-ffef-47e6-a410-e5f0c5a219a6,not_disclosed,male,no,26-35,other,rwandan,n/a
130355e6-4e33-48da-a90c-25b045f6957a,not_disclosed,male,no,36-45,christian,rwandan,n/a
42d25b23-2e70-4fe7-9fc8-231911d46e13,not_disclosed,female,no,18-25,christian,rwandan,n/a
0b6a235d-34b5-4690-93fb-7dc30d67b47b,not_disclosed,female,no,36-45,christian,rwandan,n/a
80b96d55-b279-4cd0-a21f-9d5dde9d10a0,not_disclosed,male,yes,36-45,christian,rwandan,n/a
ae3b93d5-b72b-49c8-a235-3cf63044e9b4,not_disclosed,female,no,36-45,christian,rwandan,n/a
8bf2fc03-1340-4422-85fd-b12a39c24a6d,not_disclosed,male,no,56-65,christian,rwandan,n/a
735a6bfc-e03d-499d-8b42-57c129bfca5a,not_disclosed,female,no,56-65,christian,rwandan,n/a
71a18329-2490-45a9-8122-42d4150206ce,not_disclosed,male,no,18-25,christian,rwandan,n/a
ffe8acab-2a7b-49e5-87ba-462deff5e8aa,not_disclosed,female,no,56-65,christian,rwandan,n/a
0bf8b7cf-c6fe-4f05-8b81-eaa7b5f0a135,not_disclosed,male,no,46-55,christian,rwandan,n/a
d04c992c-7960-4a6d-b7c8-2a579f6c52ec,not_disclosed,female,no,66+,christian,rwandan,n/a
6eef87a6-bdff-4ccd-a685-00e70a1a074f,not_disclosed,female,no,36-45,christian,rwandan,n/a
c261740f-6275-46cf-9faa-cc7057c852dd,not_disclosed,male,no,26-35,christian,rwandan,n/a
15b4519e-1fba-49c7-bf4f-f14ff63a3988,not_disclosed,male,no,46-55,christian,rwandan,n/a
65ee1edd-efc6-4e50-a469-bb2aa899a7ed,not_disclosed,female,no,18-25,christian,rwandan,n/a
4b88240e-df46-4c29-8d51-660ef249ea18,not_disclosed,female,no,36-45,none,rwandan,n/a
8fa3e6fe-9e7a-4b45-8fda-e610089a2c99,not_disclosed,female,no,36-45,christian,rwandan,n/a
bbd19bb9-396e-4711-84d0-e3dd9533a211,not_disclosed,male,no,46-55,christian,rwandan,n/a
bbf80769-d653-45ce-9569-992b86871d4b,not_disclosed,female,no,56-65,christian,rwandan,n/a
8a943f31-cef0-47fa-abc3-bb93bb773d83,not_disclosed,female,no,46-55,christian,rwandan,n/a
8ff9a8b4-175f-4dfb-87ce-61acb1414a93,not_disclosed,female,no,56-65,christian,rwandan,n/a
8337c5de-db85-4cf5-b655-35b2009bd008,not_disclosed,male,no,26-35,christian,rwandan,n/a
b5c9e5ae-a6bb-43cb-bd25-04f5a49d5bd6,not_disclosed,male,no,46-55,christian,rwandan,n/a
cf0c3597-c82f-41c2-bcfc-0d41887a4763,not_disclosed,male,no,46-55,christian,rwandan,n/a
8d982d22-5309-4a4c-b189-9084b1253ad7,not_disclosed,female,no,26-35,christian,rwandan,n/a
b172afb8-f254-4178-9db3-0ca806f252f8,not_disclosed,male,yes,26-35,christian,rwandan,n/a
55702735-d03e-4ca0-b1eb-15030da42ba8,not_disclosed,male,no,56-65,christian,rwandan,n/a
a0743b84-fab6-4b22-ae4c-4711b89ddb87,not_disclosed,male,no,26-35,christian,rwandan,n/a
1ab85557-de22-44d0-a3df-5eb54481afed,not_disclosed,female,no,46-55,christian,rwandan,n/a
062cdaac-b80e-4338-8e43-6035d667253a,not_disclosed,male,no,26-35,christian,rwandan,n/a
6716c423-fd68-4e3c-86fd-0eacc6019dba,not_disclosed,female,no,46-55,other,rwandan,n/a
3b25b3bf-ddc1-4eeb-b39c-86f31c0929d0,not_disclosed,male,no,26-35,none,rwandan,n/a
74571bf8-af6e-4227-a153-649550156e3a,not_disclosed,male,no,18-25,christian,rwandan,n/a
6856cca1-4a69-441f-a574-5ff00c53df42,not_disclosed,male,no,36-45,christian,rwandan,n/a
99668888-47a0-46db-bb00-aefa0ca9c2e1,not_disclosed,male,no,56-65,christian,rwandan,n/a
f8168ca3-eed7-45bf-a96f-dfbc5af95aaf,not_disclosed,male,no,26-35,christian,rwandan,n/a
d1bb6ae8-ec2b-4dbb-a246-0e943d02c555,not_disclosed,male,no,36-45,christian,rwandan,n/a
590b0246-d5bc-41ca-883e-f401d17d7776,not_disclosed,female,no,36-45,christian,rwandan,n/a
89989ca4-b800-4e06-b0a3-213c848abfa3,not_disclosed,female,no,26-35,christian,rwandan,n/a
300b09b4-99e4-4771-96da-65002677fe05,not_disclosed,female,no,46-55,christian,rwandan,n/a
75f01ea3-ae76-4b20-bac3-180e845af9d1,not_disclosed,male,no,26-35,christian,rwandan,n/a
6a8df69e-cafb-4ffc-a47e-3114cefc1031,not_disclosed,male,no,36-45,none,rwandan,n/a
01ee94ed-dacf-4bf5-91e4-6271a9c945e7,not_disclosed,male,no,36-45,christian,rwandan,n/a
43b7044f-c5ba-4f38-81e4-f3c0e6661349,not_disclosed,female,no,56-65,christian,rwandan,n/a
ee2099fd-53fd-4b74-85f1-7109245a32da,not_disclosed,male,no,66+,christian,rwandan,n/a
ee8dd108-8871-4295-a3d9-100c4ffe88db,not_disclosed,female,no,56-65,christian,rwandan,n/a
54c2faa4-260e-4ea1-9d2b-47fc078366b2,not_disclosed,female,no,18-25,christian,rwandan,n/a
dba080cf-c976-40fb-af9a-20966a2e36d7,not_disclosed,male,no,36-45,christian,rwandan,n/a
4d9f3945-ea27-4cce-8efd-77cbce4a5134,not_disclosed,male,no,18-25,christian,rwandan,n/a
44d1d904-59fe-4397-8515-3cb8b7b375c1,not_disclosed,male,no,46-55,christian,rwandan,n/a
52fe60b0-2fdc-4155-9e10-db75e3666b95,not_disclosed,female,no,56-65,other,rwandan,n/a
bfd8ee79-078e-41cc-9777-85e36a630d01,not_disclosed,male,no,46-55,other,rwandan,n/a
d3e8f299-102b-4ada-9988-1360a6ba28eb,not_disclosed,male,no,26-35,christian,rwandan,n/a
9ac5ccae-6eb9-4d4f-a173-e4cbb45a97d5,not_disclosed,male,no,66+,christian,rwandan,n/a
4c7fc800-2531-4cec-a516-fcdde6daec3b,not_disclosed,female,no,26-35,christian,rwandan,n/a
80461ae8-ff9b-4e0a-b19f-9f4ddc6d1544,not_disclosed,female,no,46-55,christian,rwandan,n/a
a235760b-466b-4af4-a53b-446963539e31,not_disclosed,female,no,18-25,christian,rwandan,n/a
4453364b-fb87-4b9f-a638-a6960316d28f,not_disclosed,male,no,36-45,christian,rwandan,n/a
bb1e12f9-6198-4f39-a683-fa28c065aa02,not_disclosed,female,no,56-65,christian,rwandan,n/a
b505bf2c-bb09-4d28-bb0f-6d3cb708ba22,not_disclosed,female,no,46-55,christian,rwandan,n/a
161cb794-b231-4b37-971b-ebb81657b47b,not_disclosed,female,no,36-45,christian,rwandan,n/a
323d9897-8006-4fe6-a222-018c04aa5629,not_disclosed,male,no,46-55,christian,rwandan,n/a
ae63cc4d-fb09-407d-a3fa-d620a6071253,not_disclosed,female,no,26-35,christian,rwandan,n/a
9cc91eb8-c2ae-43ed-9bd3-3ac0e237d7be,not_disclosed,male,no,66+,christian,rwandan,n/a
87192bb3-373f-401e-9c76-367b5eeaf627,not_disclosed,female,no,18-25,none,rwandan,n/a
94d8243f-0a4e-4b8b-9251-01d4c51168d3,not_disclosed,female,no,56-65,christian,rwandan,n/a
82e033a7-29fd-4d61-95dd-aa1087869ec2,not_disclosed,female,no,26-35,muslim,rwandan,n/a
91e138fa-4824-4637-b9f3-5df6b03ea207,not_disclosed,male,no,46-55,christian,rwandan,n/a
48ffbfa8-9ade-46ec-9a9a-d157327ff821,not_disclosed,male,no,46-55,christian,rwandan,n/a
db217e3a-50a1-484d-a5f0-85e1692f58d5,not_disclosed,female,no,56-65,christian,rwandan,n/a
4216972c-508f-4bf5-b4b4-275f326b7d1a,not_disclosed,male,no,36-45,christian,rwandan,n/a
d92cd083-67f4-4c9c-afd7-ce0bbf32e84a,not_disclosed,male,no,36-45,christian,other,n/a
ada10f50-6f81-4ec0-9329-3e39a119d0e7,not_disclosed,male,no,56-65,christian,rwandan,n/a
26941414-8245-42a8-95ba-dea68982b954,not_disclosed,male,no,46-55,none,rwandan,n/a
3083cbeb-a540-422d-8b0b-c6d1f5cdbfef,not_disclosed,male,no,66+,christian,rwandan,n/a
ffc5dda9-3e9c-409e-822b-367b9ff4f558,not_disclosed,female,no,36-45,muslim,rwandan,n/a
1f980a6d-b881-4cbd-a86c-62ff5e720cde,not_disclosed,female,no,46-55,christian,rwandan,n/a
8cdb9cfd-4f01-4df7-9768-0ba760633a39,not_disclosed,female,no,26-35,christian,rwandan,n/a
1e8d5efa-e1cf-4863-977f-2b66df85c5f3,not_disclosed,male,no,56-65,christian,rwandan,n/a
3d67445f-2e87-465f-a329-cd478a83a044,not_disclosed,male,no,56-65,christian,rwandan,n/a
ba094740-db3d-4673-9198-a8c310060f68,not_disclosed,male,no,18-25,christian,rwandan,n/a
5b7d1edf-8f3b-484c-bd98-d829d202ce79,not_disclosed,male,no,46-55,muslim,rwandan,n/a
d2119e73-5c6c-4beb-85ce-283d03950ea9,not_disclosed,male,no,36-45,muslim,rwandan,n/a
52088fbd-ded6-4844-9292-8cf2241cfe39,not_disclosed,male,no,36-45,christian,rwandan,n/a
ff4634cd-1c74-4344-bb6a-fcb93c5f3c41,not_disclosed,male,no,56-65,christian,rwandan,n/a
73f0de6d-703b-4e70-94d6-e5b9844d7760,not_disclosed,male,no,36-45,christian,rwandan,n/a
51b58aa5-bd71-4e48-932b-b2f4ac5160ef,not_disclosed,male,no,18-25,christian,rwandan,n/a
e184156e-de98-48dd-9b54-dbe8b122ec14,not_disclosed,male,no,56-65,christian,rwandan,n/a
c715831b-a518-419b-8a71-bf1027057a66,not_disclosed,male,no,66+,christian,rwandan,n/a
95ba02ec-9ef9-40bc-b4b0-fc30ac819851,not_disclosed,male,no,46-55,none,rwandan,n/a
540f6ca3-8fcf-4d7c-9443-4bd57314fe8e,not_disclosed,female,no,36-45,christian,rwandan,n/a
c5f31965-6055-46a8-a9ab-f3b7122bdc56,not_disclosed,male,no,46-55,christian,rwandan,n/a
d1d77ebb-363c-4152-ba6f-d247bd0e8c66,not_disclosed,male,no,36-45,christian,rwandan,n/a
283e3aef-d3ee-44b9-bbd6-2850be3db336,not_disclosed,female,no,36-45,christian,rwandan,n/a
563ee510-cae7-4fbb-a0c5-970808982c60,not_disclosed,male,no,36-45,christian,rwandan,n/a
a45be5ba-e8da-4bee-9e78-3ad2052d0a4b,not_disclosed,male,yes,26-35,christian,rwandan,n/a
07507c6a-38a8-422b-b0cb-0b073986d7ae,not_disclosed,female,no,46-55,christian,rwandan,n/a
de27f582-ba4b-41c4-9184-aaf765b482f6,not_disclosed,male,no,18-25,christian,rwandan,n/a
76a09177-bf6d-4215-93c1-c7537c382f85,not_disclosed,male,no,46-55,christian,rwandan,n/a
7a67d5ef-f047-401a-886c-bdf498ef0ec5,not_disclosed,male,no,36-45,christian,rwandan,n/a
120279a2-dd6a-4fc6-994f-e40ec4263114,not_disclosed,male,no,36-45,other,rwandan,n/a
71662e5f-4473-4773-ae58-1a7ef3454363,not_disclosed,male,no,36-45,christian,rwandan,n/a
44ab7bb1-65b8-42b3-84fe-9f07a209871a,not_disclosed,female,no,26-35,christian,rwandan,n/a
f3e13002-a667-4833-a3bd-e54c0a1c66e4,not_disclosed,female,yes,56-65,christian,rwandan,n/a
dd946848-f2e4-4977-b4c0-0024381ad5c9,not_disclosed,male,no,26-35,christian,rwandan,n/a
2ef4b00b-8599-4c80-abf8-3d12b0241a9c,not_disclosed,female,no,18-25,none,rwandan,n/a
dbc4ae7a-23f0-4a5d-a49e-741c1f7b9985,not_disclosed,male,no,26-35,christian,rwandan,n/a
29d97138-6221-441e-8c1d-adf9a1a917f3,not_disclosed,male,no,56-65,other,rwandan,n/a
98776b34-eeaf-44a7-b258-0701d9e0f877,not_disclosed,female,no,56-65,christian,rwandan,n/a
5d0d852f-b12e-4b3a-8cfd-b44039c056b7,not_disclosed,male,no,46-55,christian,rwandan,n/a
d517d1bc-5751-4da4-890e-c7523445e18e,not_disclosed,female,no,66+,christian,rwandan,n/a
19fe051c-8942-42d8-b4e7-7a8bc2d5f8a6,not_disclosed,female,yes,66+,christian,rwandan,n/a
0afaec1a-e210-42b9-b1cd-8eca59ff0ef9,not_disclosed,male,no,36-45,christian,rwandan,n/a
49389a0a-b451-4058-a688-fad050bc42a2,not_disclosed,male,no,36-45,christian,rwandan,n/a
ce028833-6c4c-4a91-905a-da50d2603412,not_disclosed,female,no,66+,other,rwandan,n/a
5c4b31aa-3833-4029-bcc8-ee1c2f97dd85,not_disclosed,male,no,36-45,christian,rwandan,n/a
c47e56c6-cae1-4669-8603-ae39455a4bb2,not_disclosed,female,no,26-35,none,rwandan,n/a
13b0052b-16dd-4b71-8ba0-089a70f3ea25,not_disclosed,male,no,66+,christian,rwandan,n/a
21be51a3-a7de-4e7f-bb4d-944f30174901,not_disclosed,female,no,46-55,christian,rwandan,n/a
ab999a97-4970-4870-82f4-d5b4e98a629e,not_disclosed,female,no,56-65,muslim,rwandan,n/a
afc44b89-b63e-4984-b55d-50e38e660b50,not_disclosed,male,no,46-55,christian,rwandan,n/a
690c4bd5-90eb-49dd-be46-d4ee9106e312,not_disclosed,male,yes,18-25,christian,rwandan,n/a
06e22ddd-7a93-4407-8d22-9dcdafe9097c,not_disclosed,male,yes,66+,christian,rwandan,n/a
b56d9866-e5ca-4e76-9644-90d432632887,not_disclosed,male,no,46-55,christian,rwandan,n/a
ea3954fe-403a-4590-9e67-0fe54fb10c52,not_disclosed,female,no,26-35,christian,rwandan,n/a
339b817d-cb3f-40e1-9848-7cee033edb42,not_disclosed,male,no,26-35,other,rwandan,n/a
70bf305c-0aa3-4d41-beb8-a6ecf2cc277f,not_disclosed,female,no,36-45,christian,rwandan,n/a
0c192d7e-ec68-437b-a2c3-6ca88c7da0c6,not_disclosed,male,no,36-45,christian,rwandan,n/a
ca27d816-99c8-476b-94c6-9cb8a7d093e8,not_disclosed,male,no,36-45,christian,rwandan,n/a
6b887283-c620-498c-8b60-128cd7b94dc9,not_disclosed,male,no,26-35,christian,rwandan,n/a
bcc97942-b5d0-4371-81a9-ea8b2c3e2ab1,not_disclosed,male,no,66+,other,rwandan,n/a
5d7642b5-d4fe-4c5a-b17b-ba9cca4cd492,not_disclosed,male,no,66+,christian,rwandan,n/a
d22bfe2b-3286-43b9-8dde-d63f9c89a7eb,not_disclosed,male,no,18-25,christian,rwandan,n/a
c889d1b4-7ab2-4e2a-9b27-9c4bd4ef16d3,not_disclosed,female,no,46-55,christian,rwandan,n/a
c8762155-349a-4295-9b4b-f60a8c80430c,not_disclosed,male,no,36-45,christian,rwandan,n/a
784b3768-93d5-4d91-aae5-a468b21c5f01,not_disclosed,male,no,56-65,christian,rwandan,n/a
05b103a9-7e0e-41ed-a903-fe3ccfb71964,not_disclosed,female,no,36-45,christian,rwandan,n/a
f4e2e556-bc91-4ca2-a1b8-f5c7df80a386,not_disclosed,female,no,56-65,christian,rwandan,n/a
676e86b3-7ee0-4d21-b20e-f816f03370f6,not_disclosed,male,no,36-45,christian,rwandan,n/a
6d97a6aa-6358-4457-9b08-581db393881b,not_disclosed,male,no,36-45,christian,rwandan,n/a
c0354e46-17d2-49fe-bb0c-c40e2728cab5,not_disclosed,female,no,46-55,muslim,rwandan,n/a
acc09e46-d016-452f-851a-f3ed10a6c829,not_disclosed,female,no,36-45,christian,rwandan,n/a
caba00c2-a60e-4ceb-9d90-006495ce366c,not_disclosed,male,no,26-35,christian,rwandan,n/a
f4ca800f-22f6-48a7-b8ff-f5168c6961aa,not_disclosed,male,no,26-35,christian,rwandan,n/a
3f0453f9-cf68-4b80-b31f-8d904e44ad98,not_disclosed,male,no,26-35,christian,rwandan,n/a
459a2877-dd54-4f41-af43-330768b4953e,not_disclosed,male,no,56-65,christian,rwandan,n/a
6f82ec9b-83e1-4971-93ef-bdb4ddc79c80,not_disclosed,male,no,46-55,christian,other,n/a
16abf92c-6802-4989-96e8-73814b9c38e6,not_disclosed,female,no,66+,other,rwandan,n/a
1220a361-43a6-49f9-941c-44a5809a07dd,not_disclosed,male,no,36-45,christian,rwandan,n/a
27e96fad-ed80-4fe0-8b84-19945c2d3d92,not_disclosed,female,no,66+,christian,rwandan,n/a
c1ea3ad6-94a3-4da7-ab79-f979e8d7fd1e,not_disclosed,male,no,46-55,christian,rwandan,n/a
82b7d85f-c4c5-4599-9d78-ded70fc859b7,not_disclosed,male,no,36-45,christian,rwandan,n/a
299d73b6-4821-4ae6-8e46-5d5972805902,not_disclosed,male,no,18-25,christian,rwandan,n/a
7eaaf831-f0f5-4331-907c-28417b9dc1c9,not_disclosed,male,no,56-65,christian,other,n/a
00e81a46-08e7-4ed4-b3ef-c7c3dbbc778a,not_disclosed,male,no,26-35,christian,rwandan,n/a
b57ec612-6294-46a8-86ba-1f03fc097599,not_disclosed,male,no,18-25,christian,rwandan,n/a
58e5637c-969b-4b3c-a6d2-716cd8ab3576,not_disclosed,female,no,26-35,christian,rwandan,n/a
c6dcdb64-78c8-4235-a8c1-9be7aa873667,not_disclosed,male,no,46-55,christian,rwandan,n/a
4e12d3d5-91e3-4067-ab09-92815c801a20,not_disclosed,male,no,56-65,christian,rwandan,n/a
54574d63-9ba2-4c27-a97c-d97e2765dd65,not_disclosed,male,no,56-65,christian,rwandan,n/a
5eaa9acc-e98b-4c81-987a-869bbb96002a,not_disclosed,male,no,56-65,christian,rwandan,n/a
6bc020c2-94c2-4a6d-9f28-7036696fadb5,not_disclosed,male,no,26-35,christian,rwandan,n/a
d5b9be0c-e032-46aa-bcbd-2a36444e732d,not_disclosed,male,no,46-55,christian,rwandan,n/a
d8c88bcf-bdc1-4c57-a96e-9321d1bff145,not_disclosed,male,no,36-45,christian,rwandan,n/a
964c27d8-927a-48f8-97e9-2c22ec2aaf1b,not_disclosed,male,no,66+,christian,rwandan,n/a
cdfe9d8c-2427-4866-b39c-f1f94b4d977b,not_disclosed,male,no,18-25,other,rwandan,n/a
7fd5b430-7905-4669-8742-7573be4a48c0,not_disclosed,female,no,26-35,christian,rwandan,n/a
cd31a66e-bf99-4aff-8fa7-6338f62f5279,not_disclosed,male,no,26-35,christian,rwandan,n/a
ee6bd792-2a7f-43c5-921f-6516ad49f29d,not_disclosed,male,no,26-35,muslim,rwandan,n/a
2a2a7eb6-1d10-482c-8682-41692cff7cbd,not_disclosed,male,no,46-55,christian,rwandan,n/a
a68b453a-246a-4756-9035-37f96331911f,not_disclosed,male,no,36-45,christian,rwandan,n/a
fd72b97e-fb24-454d-9d6e-33b6ddabe555,not_disclosed,female,no,66+,christian,rwandan,n/a
98cc06e7-3565-47ff-991e-d582af6c8f00,not_disclosed,male,no,66+,christian,other,n/a
64503d28-5520-4209-9144-57978434ecbc,not_disclosed,male,no,18-25,christian,rwandan,n/a
0fdcb59e-5308-48cc-996a-cd753f3dcfc5,not_disclosed,female,no,36-45,christian,rwandan,n/a
fd78260c-51df-4caf-b99d-c3818f43be19,not_disclosed,male,no,66+,christian,rwandan,n/a
093d848e-0662-44c2-a4f0-b2a7b2c14816,not_disclosed,female,yes,26-35,christian,rwandan,n/a
88251e66-2001-4474-93f7-bc7831957eb5,not_disclosed,female,no,26-35,christian,rwandan,n/a
8002db77-5978-47c4-96e0-5717dad20562,not_disclosed,male,no,26-35,christian,rwandan,n/a
40c8803c-0235-4f0f-a208-62cc4a7bb962,not_disclosed,female,no,36-45,other,rwandan,n/a
fc4a6133-9bd1-47d8-8763-a3ac8741ecef,not_disclosed,male,no,36-45,christian,rwandan,n/a
7ec76047-72e2-4db6-9fe0-3e53d5c5a54b,not_disclosed,female,no,56-65,christian,rwandan,n/a
c0fa079e-ea48-44bf-a252-89fdaa7b0bd3,not_disclosed,male,no,66+,christian,rwandan,n/a
3c5307b7-0580-4b67-9db3-5e8862b0d814,not_disclosed,female,no,66+,christian,rwandan,n/a
189f6201-ab47-4d98-92f3-acf36e2bd26e,not_disclosed,female,no,26-35,christian,rwandan,n/a
67be1aa0-6420-4d67-a404-63b5a1d995f1,not_disclosed,female,yes,66+,christian,rwandan,n/a
5a2bf3db-6ba8-4db3-b5bf-03ea0c68ff83,not_disclosed,male,no,66+,christian,rwandan,n/a
9223297b-75d9-4ec0-ac2c-35019db22ba7,not_disclosed,male,yes,26-35,christian,rwandan,n/a
3f673864-18f8-482c-88a4-2672efbe703f,not_disclosed,male,no,18-25,christian,rwandan,n/a
49c9df24-325d-4aa8-99d1-34670ffe13cf,not_disclosed,male,no,26-35,christian,rwandan,n/a
dfc39bbb-2f5f-4a8f-bc45-d9373cf9e948,not_disclosed,male,no,26-35,christian,rwandan,n/a
a32c6f86-ba50-411a-aa4b-8b8219c3f475,not_disclosed,female,no,36-45,christian,rwandan,n/a
29ff0355-4972-485a-8961-5658bb714947,not_disclosed,male,no,56-65,christian,rwandan,n/a
10fd46ad-ff46-43b7-981e-75c482710810,not_disclosed,female,no,46-55,christian,rwandan,n/a
a296f2fb-c3bf-468a-9db6-fd9326bd8aee,not_disclosed,male,no,56-65,muslim,rwandan,n/a
ab104b9a-14b1-4bd0-bf22-169c99feafb0,not_disclosed,male,no,56-65,christian,rwandan,n/a
c358513e-5af1-4eb4-8d63-21e4389c99ba,not_disclosed,male,no,46-55,christian,rwandan,n/a
1459aaa7-96d6-4bd0-9ac3-b9002889d432,not_disclosed,male,no,56-65,none,rwandan,n/a
5eff645d-b6db-4581-9855-b737fda91a92,not_disclosed,female,no,66+,christian,rwandan,n/a
5abfd39b-d832-4bd3-a077-aa49c2fba1a3,not_disclosed,male,no,66+,christian,rwandan,n/a
49a26b23-bcf1-4085-a6d1-7cf5ac436dd4,not_disclosed,female,no,56-65,christian,rwandan,n/a
b03e72fd-d0c1-4b01-b51c-6a7df6f1684b,not_disclosed,female,no,18-25,christian,rwandan,n/a
9b53cc93-c78b-4927-a802-1dac60009e6c,not_disclosed,male,no,66+,christian,rwandan,n/a
9d2130b1-68d1-445f-b6ac-f1847fc66613,not_disclosed,female,no,26-35,christian,rwandan,n/a
4b1690d7-7eb7-4cc0-83f3-c0f2d4851d5f,not_disclosed,female,no,26-35,christian,rwandan,n/a
28956d7a-a0cb-493d-bdbc-fa741f8656d6,not_disclosed,female,no,26-35,muslim,rwandan,n/a
a2da2809-7efb-466b-bf36-e1c8c4f0a6a0,not_disclosed,female,no,56-65,none,rwandan,n/a
8b92f6d2-7227-4bed-b001-67aff7562789,not_disclosed,male,no,46-55,christian,rwandan,n/a
687c6f31-088f-4c85-b055-cf11e53ebe48,not_disclosed,female,no,36-45,other,rwandan,n/a
05265384-0d80-4b31-9564-687749922cb0,not_disclosed,male,no,36-45,christian,rwandan,n/a
f135ab98-fb35-4a28-b449-5737d87d5263,not_disclosed,male,no,26-35,christian,rwandan,n/a
30f4020d-fc29-4eae-b6d4-16f84922b829,not_disclosed,female,no,26-35,muslim,rwandan,n/a
8ac120be-837f-4485-b337-953d1ed96565,not_disclosed,male,no,26-35,christian,rwandan,n/a
a5431b04-7203-4b2d-b459-bf5ef2c670af,not_disclosed,male,no,26-35,christian,rwandan,n/a
d529d8a9-dc68-4876-ae0c-c4b6d7528f87,not_disclosed,female,no,66+,christian,rwandan,n/a
06a30b89-ca0d-43de-81df-6eedf24116cb,not_disclosed,female,no,46-55,christian,rwandan,n/a
0af290d4-4df3-4823-b8e6-b218577bda14,not_disclosed,male,no,56-65,christian,rwandan,n/a
dcf7f29b-e7e5-4b15-8a00-39ca7840aa1b,not_disclosed,male,no,46-55,christian,rwandan,n/a
d0c7e2ac-c633-4487-be4a-ed9be45593d0,not_disclosed,female,no,36-45,other,rwandan,n/a
d2df9f03-32c6-4303-bbda-dfd6a4e4f360,not_disclosed,male,no,46-55,muslim,rwandan,n/a
68816d2d-1c88-4502-b12b-549f0d563478,not_disclosed,male,no,66+,christian,rwandan,n/a
8dd3a961-c023-4424-a526-c782876070a4,not_disclosed,female,no,66+,christian,rwandan,n/a
96ae4a73-bf17-4ded-a761-ffefb5bb375d,not_disclosed,male,no,36-45,muslim,rwandan,n/a
c9ffd773-226b-4427-a2fe-a6e5533d55f7,not_disclosed,female,no,66+,christian,rwandan,n/a
3db4baad-6ee7-4f67-bc68-f9753946fae7,not_disclosed,male,no,46-55,christian,rwandan,n/a
74436172-39b1-4877-805b-977a14326743,not_disclosed,male,no,36-45,christian,rwandan,n/a
986d3be1-232b-4bff-ba69-ef3158e427da,not_disclosed,female,no,56-65,christian,rwandan,n/a
c1a862d4-0dba-47ad-8c55-60f0165291ad,not_disclosed,male,no,56-65,christian,rwandan,n/a
3f5fd135-0519-4a35-88c1-f5a250c227cc,not_disclosed,male,no,46-55,christian,rwandan,n/a
a8dba2d6-dd47-4ce1-aaa2-58a3dbbadb6e,not_disclosed,male,no,46-55,christian,rwandan,n/a
96f9da7f-3e74-48b1-92d3-92e80abd9ed2,not_disclosed,male,no,26-35,christian,rwandan,n/a
32fe8228-855c-4b92-911d-43ea71669a64,not_disclosed,male,no,46-55,christian,rwandan,n/a
b16bfd83-15c4-4261-a8e0-ca7caa65b799,not_disclosed,male,yes,26-35,christian,rwandan,n/a
f79fce2e-3783-4ee3-9764-46cd645f73d7,not_disclosed,female,no,36-45,christian,rwandan,n/a
8ad41634-f466-4075-8c55-5ee4c6c56298,not_disclosed,male,no,66+,christian,rwandan,n/a
4a2aeea2-f48d-490c-99ca-acc1f024c554,not_disclosed,male,yes,46-55,other,rwandan,n/a
1a753b25-96fb-4a97-9ea8-6e4d673fb5db,not_disclosed,male,no,46-55,christian,rwandan,n/a
2319ad2b-ef98-4183-9b52-e2f4eacccf51,not_disclosed,male,no,36-45,christian,rwandan,n/a
baad9a28-cd72-41a4-a92d-9d9cef8179d8,not_disclosed,male,no,18-25,christian,rwandan,n/a
bdffeaf1-06d9-4565-91f8-5750e5bf5a2d,not_disclosed,male,no,36-45,christian,rwandan,n/a
454ad847-7feb-45cd-823c-23157bb1caf7,not_disclosed,female,no,66+,christian,rwandan,n/a
259fbc2d-dd5e-4ddb-9c10-b2efcd567ca5,not_disclosed,male,no,18-25,muslim,rwandan,n/a
b5a461c8-5bfa-4e12-916a-86aa10421d7c,not_disclosed,male,no,46-55,christian,other,n/a
0a90e8c5-f02d-493b-9dea-592581b116c9,not_disclosed,male,no,46-55,christian,other,n/a
8471ae59-e84a-4829-9615-d21a42056cbd,not_disclosed,male,no,56-65,none,rwandan,n/a
77f8181e-47da-4641-82b4-2b56f03e28b9,not_disclosed,female,no,46-55,christian,rwandan,n/a
3cc04b10-9cae-4620-a73e-3016af17ed80,not_disclosed,male,no,56-65,christian,rwandan,n/a
8cb98ace-db8b-4e8f-aca3-f0e644aabccc,not_disclosed,male,no,56-65,christian,rwandan,n/a
17d6e11a-0559-4521-81fd-0b779be3d3fa,not_disclosed,male,no,26-35,other,other,n/a
7bffbff7-0cf3-4d87-b1c9-e4f2f4ae7f2d,not_disclosed,male,no,36-45,none,rwandan,n/a
a9300b33-e2b0-4f91-b635-9293a4c54264,not_disclosed,male,no,46-55,christian,rwandan,n/a
470048c1-5e03-4979-9992-88a0f63ad5a7,not_disclosed,female,no,56-65,christian,rwandan,n/a
4beccfbb-b268-483b-a6dd-6d7683e60afa,not_disclosed,female,no,66+,christian,rwandan,n/a
40cad805-2dd2-4ff6-88c9-bd37e0af8f1c,not_disclosed,male,no,26-35,other,rwandan,n/a
eb856008-5aa9-40d0-b25c-6976c8056275,not_disclosed,male,no,18-25,christian,rwandan,n/a
a5b80b5f-3216-4191-9d03-575ed4d752b7,not_disclosed,male,no,66+,christian,rwandan,n/a
7db0034c-f1fc-4c9a-81d0-f7fdf15bb07f,not_disclosed,male,no,46-55,christian,rwandan,n/a
bb721ec3-cd9e-47ec-b18a-00a955704609,not_disclosed,female,no,36-45,christian,rwandan,n/a
d657152e-2c48-4dac-97a8-7faa1c0da7b0,not_disclosed,female,no,26-35,christian,rwandan,n/a
2dbd6589-0709-460c-a25b-2005fba45048,not_disclosed,female,no,56-65,christian,other,n/a
76a07c7c-fcb8-459c-95b2-49d9fa56de02,not_disclosed,male,no,66+,christian,rwandan,n/a
7c9ad2d6-af3b-40f7-9fcc-ca4d09fe8c27,not_disclosed,female,no,56-65,christian,rwandan,n/a
b9958fa8-7d19-486b-9e1d-b56e380a62a6,not_disclosed,female,no,26-35,christian,rwandan,n/a
a93918ea-6107-409e-b4f9-3048ea5e8f9c,not_disclosed,female,no,66+,christian,rwandan,n/a
07708c58-490d-4519-a300-593ee6c54653,not_disclosed,male,no,36-45,muslim,rwandan,n/a
f31e046e-596f-4c51-af93-4ae4d51c0257,not_disclosed,male,no,46-55,christian,rwandan,n/a
fd9d8a70-94bf-4549-84c2-f12e762b2726,not_disclosed,male,no,46-55,christian,rwandan,n/a
ed46885b-1571-4fdd-99ea-9d5f581455ed,not_disclosed,female,yes,36-45,christian,rwandan,n/a
a97b6852-5306-44c7-abf3-001c53519e12,not_disclosed,male,no,26-35,christian,rwandan,n/a
482e22a5-3246-428a-80e4-8aa3315ca0d0,not_disclosed,male,yes,56-65,christian,rwandan,n/a
b410ef57-028f-4537-a8ca-d16c18d2e9e1,not_disclosed,male,no,26-35,christian,rwandan,n/a
1f760e71-80c0-4d8f-b777-51464d4d50b5,not_disclosed,male,no,26-35,christian,other,n/a
080fddf5-98b9-4af0-bf96-721573d4ba81,not_disclosed,male,no,46-55,christian,rwandan,n/a
b4e286dd-ae9c-44dc-9d1a-3e3936b83c8e,not_disclosed,female,no,36-45,christian,other,n/a
fe80945a-850c-4917-92d1-f9faaf839fb8,not_disclosed,female,no,36-45,christian,rwandan,n/a
2b2ed90d-e308-4d63-ba91-1d56ea244e87,not_disclosed,female,no,66+,christian,rwandan,n/a
2fe5d66d-fd57-4472-ac39-3f1f2a5fed8d,not_disclosed,male,no,36-45,christian,rwandan,n/a
6b44987a-6409-4f6b-b0a1-faf9ee924f4f,not_disclosed,male,no,46-55,christian,rwandan,n/a
aa8e2ba3-5983-4391-8f16-0e4e7ff3e421,not_disclosed,male,no,46-55,christian,rwandan,n/a
696219bc-e516-45a5-9965-2b59c87fcf2f,not_disclosed,male,no,36-45,christian,rwandan,n/a
1b6dde14-19b7-4115-a3f2-563db0a4cf20,not_disclosed,male,no,18-25,christian,rwandan,n/a
e64fa927-3a8c-491c-ac08-cecbf8f034f3,not_disclosed,female,no,18-25,christian,rwandan,n/a
8e50ca3b-299c-46e1-ac96-567b26879484,not_disclosed,male,no,56-65,christian,rwandan,n/a
7a5cc3d4-39a2-403f-8581-a10e7bbc56df,not_disclosed,male,no,36-45,christian,rwandan,n/a
08a5f250-e720-4839-8d13-bd8a57139e56,not_disclosed,female,no,46-55,christian,rwandan,n/a
82d9826f-687c-4cd0-8056-0f77bf44cfa1,not_disclosed,male,no,26-35,christian,rwandan,n/a
11840cd6-376c-41a4-9a40-0f064eeb3a30,not_disclosed,male,no,46-55,christian,rwandan,n/a
cc75a36f-fb6c-4881-b140-9eb717e51850,not_disclosed,female,no,66+,christian,rwandan,n/a
9fa17835-4f01-4887-9721-597b40fee0ee,not_disclosed,male,no,46-55,christian,rwandan,n/a
2abdaeb2-eb7e-4f8b-b7ab-82bcc050ab9d,not_disclosed,male,no,56-65,christian,rwandan,n/a
95fc12d7-a3d5-42ed-820e-b6230cf1b373,not_disclosed,female,no,66+,christian,rwandan,n/a
92fff281-964f-4e25-94dd-dc2a11f7aa57,not_disclosed,male,no,66+,muslim,rwandan,n/a
200f7718-60ff-4b26-9b51-2f996ac7b779,not_disclosed,female,no,56-65,christian,rwandan,n/a
fd938e42-9a16-4fab-8bed-034601367846,not_disclosed,female,no,56-65,christian,rwandan,n/a
aa2d401c-99c8-47cc-afbf-b70dcd03e7a3,not_disclosed,male,no,66+,christian,rwandan,n/a
b405fc79-c8d1-44e1-bdfa-fb7c60f25c55,not_disclosed,male,no,26-35,christian,rwandan,n/a
d766fc82-435c-4264-956e-beadfe6dec22,not_disclosed,male,no,66+,christian,rwandan,n/a
f214eb11-8948-43e3-a9ba-6173e1862e4c,not_disclosed,male,no,56-65,christian,rwandan,n/a
a52cb6e7-3400-403d-b98c-c512cb044b50,not_disclosed,male,no,18-25,christian,rwandan,n/a
a9949521-29e7-4e0b-8472-ef3879c3b86c,not_disclosed,female,no,56-65,christian,rwandan,n/a
5adda275-bd0f-472c-ae1d-f79889e529df,not_disclosed,male,no,36-45,christian,rwandan,n/a
cd268195-ce19-4e77-8c89-f3bbae67560a,not_disclosed,female,no,66+,christian,rwandan,n/a
01cd17de-e621-47ec-9268-d847639b507f,not_disclosed,female,no,36-45,christian,rwandan,n/a
b4ff1bf5-4fb6-4081-ad87-71588694bd65,not_disclosed,male,no,66+,christian,rwandan,n/a
707d604e-8c76-40ef-831e-a6f9edcae373,not_disclosed,female,no,36-45,christian,rwandan,n/a
dfcbb47a-a2b8-4596-b771-a02ec6daaf76,not_disclosed,female,no,26-35,christian,rwandan,n/a
12b98c31-3576-462a-8b48-69feb3381c18,not_disclosed,female,no,18-25,christian,rwandan,n/a
5fb8b81d-4153-41ee-89c6-e58400d499a2,not_disclosed,male,no,36-45,christian,rwandan,n/a
3d85eb7b-5391-4c09-8403-e816ae8f3b58,not_disclosed,female,no,46-55,christian,rwandan,n/a
c809a474-adc6-48d9-a6d7-d0d5acd55c35,not_disclosed,male,no,56-65,christian,rwandan,n/a
b52430e8-cfdc-40e8-ae85-585722e87e11,not_disclosed,female,no,46-55,christian,rwandan,n/a
e6262d74-4070-47c5-913b-3f225eae6b8f,not_disclosed,female,no,56-65,christian,rwandan,n/a
8e5e4d18-3806-4176-9df2-3a770d6d1ac4,not_disclosed,female,no,66+,christian,rwandan,n/a
806347d2-60b4-44a1-88ef-4627bf024553,not_disclosed,female,no,36-45,christian,rwandan,n/a
07657689-9012-4d61-aa87-b44b7df40a24,not_disclosed,male,no,26-35,christian,rwandan,n/a
324b15aa-c0d9-49f1-9555-17611ab4a5e9,not_disclosed,male,no,46-55,christian,rwandan,n/a
be50dad3-0da9-4ced-9e33-ac77b657b1db,not_disclosed,male,no,26-35,christian,rwandan,n/a
4cfc6695-05fd-496b-8047-651da0aafc82,not_disclosed,male,no,18-25,christian,rwandan,n/a
ee93662c-bcfc-4944-9e44-8ff0fdd0dee9,not_disclosed,female,yes,26-35,none,rwandan,n/a
63678b31-29e3-433e-b140-eb58222ae9f1,not_disclosed,male,no,36-45,christian,rwandan,n/a
528e98f5-2169-46ff-a1fd-3431644d8940,not_disclosed,male,no,46-55,christian,rwandan,n/a
bad8a5b7-124d-4c00-8ebb-903b043e9503,not_disclosed,male,yes,66+,christian,rwandan,n/a
292fca21-18c3-43fd-b84b-ffd978ec3896,not_disclosed,female,no,36-45,christian,rwandan,n/a
bf978c21-71f0-434a-a77d-81742266f1cb,not_disclosed,male,no,36-45,christian,rwandan,n/a
fae7280f-5605-4ce3-be92-813bdfc8c613,not_disclosed,male,no,18-25,christian,rwandan,n/a
2e89743c-17e9-4003-ad5a-ac3bdb311254,not_disclosed,female,no,18-25,christian,rwandan,n/a
1c8ac01f-338f-4524-bfe5-32c554397744,not_disclosed,female,no,18-25,christian,rwandan,n/a
891eefe7-4d4f-4bcb-8c1d-d3ef1d4ecaf1,not_disclosed,female,no,26-35,christian,rwandan,n/a
22b0d03d-c4b8-4876-8860-43df064a7d58,not_disclosed,male,no,46-55,christian,rwandan,n/a
e8e588bc-6b75-493e-be21-b77738ae2d39,not_disclosed,male,no,66+,other,rwandan,n/a
4e086344-8ea1-444d-b7a3-4fcb837d2c15,not_disclosed,male,no,56-65,christian,rwandan,n/a
db92b5fe-857e-41ba-a2c5-696eee59bd66,not_disclosed,male,no,46-55,christian,rwandan,n/a
5b6fd112-cd45-4561-a896-d26a089abc79,not_disclosed,female,no,66+,christian,rwandan,n/a
4290add3-2110-4754-96c0-1be824431590,not_disclosed,male,no,26-35,christian,rwandan,n/a
e7cf12f9-d480-46dc-b692-66b048554aa7,not_disclosed,male,no,56-65,christian,rwandan,n/a
f566b94f-9384-4d0e-acb0-30fbd97ee8d5,not_disclosed,male,no,56-65,christian,rwandan,n/a
12f11373-0c53-4703-81b4-fe34b60e8a93,not_disclosed,female,no,66+,christian,rwandan,n/a
b62333f1-b692-4049-bd5d-d2c98cab194e,not_disclosed,male,no,26-35,christian,rwandan,n/a
c368dc49-dc7c-4b2d-8b94-5bc27425d9d2,not_disclosed,male,no,46-55,christian,rwandan,n/a
ee04a8de-5f66-4f43-b81e-b57ccfff8225,not_disclosed,male,no,26-35,christian,rwandan,n/a
749463e7-0e46-45a3-b7b0-8071ef5e806c,not_disclosed,male,no,36-45,christian,rwandan,n/a
a42dcfa0-33e9-4164-ba50-cd6d1f4c1612,not_disclosed,female,no,46-55,none,rwandan,n/a
edbdc962-2146-4192-ac72-fd4262fe00b7,not_disclosed,male,no,56-65,christian,rwandan,n/a
5fe58d24-bb0d-46f6-9d70-4a0df46cd916,not_disclosed,male,yes,46-55,christian,rwandan,n/a
1df7ef53-d8ea-4942-b15f-9fe45ebe2697,not_disclosed,female,no,26-35,christian,rwandan,n/a
9f10ec9b-fb26-4408-8abd-8e2f25ff51cb,not_disclosed,male,no,18-25,christian,rwandan,n/a
c5e4e3f9-a470-4631-a6b8-135d2763e13c,not_disclosed,male,no,36-45,christian,rwandan,n/a
94278d17-88aa-4770-8205-14c37e18ae0c,not_disclosed,male,no,26-35,christian,rwandan,n/a
80a885cb-adc8-46d3-9480-ed1a0dadbae1,not_disclosed,male,no,46-55,christian,rwandan,n/a
e3563403-3791-40f9-8e13-20e97d755199,not_disclosed,male,no,46-55,christian,rwandan,n/a
30109d48-6461-4374-af4b-01557d7e93b6,not_disclosed,male,no,18-25,christian,rwandan,n/a
0c88283c-6e38-4bd3-ad13-5c3f3c0dfee4,not_disclosed,female,no,46-55,christian,rwandan,n/a
7b0bc098-dde0-48ce-ad0c-f9a1a00efb85,not_disclosed,male,no,36-45,christian,rwandan,n/a
16a9ad9e-b60e-46e0-9795-979c423b1506,not_disclosed,male,no,36-45,christian,rwandan,n/a
ffdd199c-6003-4f5a-9933-958cf97ef6ab,not_disclosed,male,no,36-45,christian,rwandan,n/a
dc0f6719-3866-44bb-99ca-077378f9e25b,not_disclosed,male,no,66+,christian,rwandan,n/a
23d5b089-8b5c-450b-9820-00887540aa19,not_disclosed,male,no,46-55,christian,rwandan,n/a
14031de1-3a26-4f45-93c3-a86fbcbe3980,not_disclosed,male,no,46-55,christian,rwandan,n/a
9539e7af-d09d-4016-86b7-c73ab952f8b9,not_disclosed,male,no,56-65,christian,rwandan,n/a
d84676fb-33d9-46d4-9f76-1bcd24a7c182,not_disclosed,male,no,36-45,christian,rwandan,n/a
cb879b09-3646-4cc3-ad2f-199085f15a90,not_disclosed,male,no,56-65,christian,rwandan,n/a
d1484f6f-795a-4b32-8a7b-5a0c0ea77c8c,not_disclosed,male,no,56-65,christian,rwandan,n/a
8369fe08-8313-4bf3-8fec-6ca4213f96a1,not_disclosed,male,no,56-65,muslim,rwandan,n/a
4c5d12df-6677-4583-b373-9aadea06bc8a,not_disclosed,male,no,46-55,muslim,rwandan,n/a
ce2197c2-a0b4-4e02-9e2e-b9898272876a,not_disclosed,male,no,36-45,muslim,rwandan,n/a
3ef68cd7-0d90-46f2-8b1f-7bf52c8ec943,not_disclosed,male,no,66+,christian,rwandan,n/a
26992f51-90f9-4071-9deb-7456af19d326,not_disclosed,female,no,66+,christian,rwandan,n/a
3d3d355f-c9dc-46a9-a17a-01dd76ec0d1d,not_disclosed,male,no,18-25,christian,rwandan,n/a
e04eb05a-d29b-482c-825f-997d6e4a672d,not_disclosed,male,no,18-25,christian,rwandan,n/a
c7a50214-d366-46f0-a4d8-e4738e5817a6,not_disclosed,male,no,66+,other,rwandan,n/a
06e8d304-4d07-40de-b65b-cd05f03cb077,not_disclosed,female,no,46-55,christian,rwandan,n/a
1b1208d9-23aa-49ab-8f1c-4d44f258a8e2,not_disclosed,male,no,46-55,christian,rwandan,n/a
773792e5-416b-4b08-831a-d1789ec0481e,not_disclosed,male,no,46-55,other,rwandan,n/a
9843aa02-2d5b-49fa-a6d0-9f8e214f8412,not_disclosed,male,no,36-45,christian,rwandan,n/a
ae50d9f8-f0cb-4f0d-9009-bf5799f45c7d,not_disclosed,male,no,36-45,muslim,rwandan,n/a
ecedf9fb-6d49-4b88-84ad-38ab1ea8e6d4,not_disclosed,male,no,18-25,christian,rwandan,n/a
e3afe4df-a109-46a7-addc-4df64554d499,not_disclosed,female,no,26-35,christian,rwandan,n/a
81d8ed83-cec7-4a87-a541-7f4862d0de07,not_disclosed,female,no,36-45,christian,rwandan,n/a
da2f61d5-cc9b-414d-9f5f-11dc7e481b88,not_disclosed,male,no,26-35,christian,rwandan,n/a
e06f8949-b794-4798-9fb4-38d874a55b14,not_disclosed,male,no,46-55,christian,rwandan,n/a
283ec8f7-e6a4-4561-89c6-c2efc0453abb,not_disclosed,male,no,26-35,christian,rwandan,n/a
1edb8b7f-adbb-438d-9aef-c26c7e426243,not_disclosed,male,no,46-55,muslim,rwandan,n/a
b97f473f-ab60-4d67-ac9a-9065331a3074,not_disclosed,male,no,26-35,christian,rwandan,n/a
95801df4-f668-4555-badc-dded9e9a419f,not_disclosed,male,no,46-55,christian,rwandan,n/a
8a4208cc-53c1-4a3b-b753-1bf05b00a03a,not_disclosed,male,yes,36-45,christian,rwandan,n/a
3dd0a9d6-1ce2-4dab-9b1e-f12de273f588,not_disclosed,male,no,46-55,christian,rwandan,n/a
087eb84e-f57b-4adf-b369-46fdd6d23160,not_disclosed,female,no,36-45,christian,rwandan,n/a
5e25a9af-25ca-4c12-84df-96659f13f140,not_disclosed,male,no,26-35,christian,rwandan,n/a
513ade3b-5e53-4fb6-bd47-c342b3f6e130,not_disclosed,male,no,36-45,muslim,rwandan,n/a
f89e82dd-d7f4-4641-8df6-9eec42513f12,not_disclosed,female,no,36-45,none,rwandan,n/a
92333ac8-7515-4c34-80df-9c2db90d3c38,not_disclosed,male,no,26-35,none,rwandan,n/a
c82ce6ab-8985-46c7-a58b-f755cca1ef21,not_disclosed,male,yes,46-55,christian,rwandan,n/a
2bec6d92-6c4e-4411-a491-9d385476b3b2,not_disclosed,male,no,56-65,christian,rwandan,n/a
10b98d01-3b1b-4b68-90a4-678b80ed6ea3,not_disclosed,female,no,36-45,christian,rwandan,n/a
27b608d6-8606-4daa-8531-495def736d03,not_disclosed,male,no,36-45,christian,rwandan,n/a
851bcf66-cb28-4be6-b24a-d37d8d9a1d59,not_disclosed,male,no,36-45,christian,rwandan,n/a
cee441d3-b21e-49a9-a2b9-cc54d316a064,not_disclosed,male,no,46-55,christian,rwandan,n/a
5269128c-ed7a-45f8-8ec4-dd8c51a8d3d6,not_disclosed,male,no,56-65,christian,rwandan,n/a
5fca7b78-d6d1-4fa7-a6a7-9329440dcecb,not_disclosed,female,no,26-35,christian,rwandan,n/a
147f628f-de54-4108-b7d4-29cb9fda99df,not_disclosed,male,no,26-35,christian,rwandan,n/a
506b6178-a3ed-48ef-b2cf-12769c700b16,not_disclosed,male,no,36-45,christian,rwandan,n/a
21f0c540-e745-4fbf-8186-1426b42e3050,not_disclosed,female,no,56-65,christian,other,n/a
a6d83756-6817-4644-b672-a4fd07825d46,not_disclosed,female,no,66+,muslim,rwandan,n/a
9620482d-d157-4118-8438-d7e4ebd715a5,not_disclosed,male,no,66+,christian,rwandan,n/a
da0aab46-0448-4fd2-a5ce-f6746fea0704,not_disclosed,female,no,36-45,christian,rwandan,n/a
aea10b1a-cfcf-45de-99e4-ad96cea1ca9c,not_disclosed,female,no,56-65,christian,rwandan,n/a
0ef3a417-95b0-41ce-bf06-46fdd494264c,not_disclosed,male,no,36-45,christian,rwandan,n/a
343154c4-4807-44d9-b2d6-966b88144dc9,not_disclosed,male,no,26-35,christian,rwandan,n/a
513f5a58-e003-4be1-b4e6-b698a99fba7d,not_disclosed,male,no,46-55,muslim,rwandan,n/a
8b241177-1235-4fea-b542-0a0f80f0d38b,not_disclosed,female,no,46-55,christian,rwandan,n/a
b2f1e963-75cb-4f64-8b6a-af130a737937,not_disclosed,male,no,66+,other,rwandan,n/a
6dccd508-a291-4d66-86d1-d200b75453a2,not_disclosed,male,no,56-65,christian,rwandan,n/a
6110157b-ec9a-4492-a40b-63acd1a7bb70,not_disclosed,male,no,36-45,christian,rwandan,n/a
a1607e71-3bfc-4738-ae52-99715bf1ba4c,not_disclosed,male,no,66+,christian,rwandan,n/a
e74fb1e0-3b28-44b8-8bea-42d758686467,not_disclosed,female,no,36-45,christian,rwandan,n/a
1aecfc75-0444-4be4-b91b-98a1baeda864,not_disclosed,female,no,66+,christian,rwandan,n/a
c5f0b162-d9bc-4eb5-b5e4-013111730251,not_disclosed,male,no,26-35,christian,rwandan,n/a
bba4d993-b5db-4b18-bac4-eba4a5a276a8,not_disclosed,male,no,26-35,christian,rwandan,n/a
5e0ae0bf-3d8c-46bb-b861-8ce339fdcbcb,not_disclosed,male,no,56-65,muslim,other,n/a
1ecd6e3d-1c7f-4125-924a-9bf2c05a606c,not_disclosed,male,yes,18-25,christian,rwandan,n/a
d16aec7b-f72f-4f8c-bcf7-775c98c9d01a,not_disclosed,male,no,56-65,christian,rwandan,n/a
880651cb-4ba9-44ad-a91d-3992e499385d,not_disclosed,male,no,46-55,christian,rwandan,n/a
fb3d3bc8-a88b-49cc-9b24-dbdd5295c0d1,not_disclosed,male,no,26-35,christian,rwandan,n/a
3665a327-f93f-4860-b705-c1a0fd7a4695,not_disclosed,male,no,46-55,christian,rwandan,n/a
28ab3ee5-94db-4d72-954d-3f2a4e2f6e36,not_disclosed,male,no,66+,christian,other,n/a
479679a9-3933-4f0a-a60c-f735d73554f8,not_disclosed,female,no,46-55,christian,rwandan,n/a
7efaa139-fc33-4850-bdb7-503603c91f25,not_disclosed,male,no,36-45,muslim,rwandan,n/a
bc0e6fcb-a6b8-45ad-8cd8-5933c7596cd3,not_disclosed,male,no,26-35,christian,rwandan,n/a
1108d0b9-a078-400b-b475-0d9dda9f8015,not_disclosed,female,no,26-35,christian,rwandan,n/a
6fce7243-6237-4327-b40a-c4b88977a305,not_disclosed,male,no,26-35,none,rwandan,n/a
07f45b05-b51b-43e9-a79a-9ec3e6c541b5,not_disclosed,male,no,46-55,christian,rwandan,n/a
8cf4fd39-ff05-4e2e-b48f-52fd20d41fcc,not_disclosed,female,no,26-35,christian,rwandan,n/a
df81ac79-9d4a-401e-80a5-714591b0ce8c,not_disclosed,male,no,36-45,christian,other,n/a
00861632-3504-413d-acbc-07cd6f9f8eb2,not_disclosed,male,no,56-65,christian,rwandan,n/a
9f171440-bf20-49de-ac29-19e84cb86367,not_disclosed,male,no,56-65,christian,rwandan,n/a
782ebfa2-b456-4232-adff-d0668e033e82,not_disclosed,male,no,66+,christian,rwandan,n/a
be00c251-5be6-4912-9c78-996e74a92004,not_disclosed,female,no,18-25,none,rwandan,n/a
aed4c5d7-5700-4f26-9bff-dcae65ac5f1e,not_disclosed,female,no,56-65,christian,rwandan,n/a
a1e802e0-0a4c-44d0-a597-0ac4352c549c,not_disclosed,male,no,46-55,christian,rwandan,n/a
72f4d860-65a3-4562-bfb5-2d803b267940,not_disclosed,female,yes,26-35,christian,rwandan,n/a
6da71c44-cff7-4ecf-a318-8d77a5fe5315,not_disclosed,male,no,26-35,christian,rwandan,n/a
625891f5-90ee-44fb-9c95-b8002f1a206a,not_disclosed,female,no,36-45,christian,rwandan,n/a
6cf82236-9a85-4aee-9363-49e0247722ac,not_disclosed,female,no,56-65,christian,rwandan,n/a
cab84cab-01aa-44d6-87ac-904544a82f7b,not_disclosed,male,no,46-55,christian,rwandan,n/a
c8be0505-c773-476e-b47e-0ef4e69377d9,not_disclosed,male,no,36-45,christian,rwandan,n/a
cd02ab27-347e-410d-ac01-94692c98e00c,not_disclosed,male,no,26-35,christian,rwandan,n/a
07b73d45-4277-4f7a-8c0a-773a94a32452,not_disclosed,male,no,26-35,christian,rwandan,n/a
db4530c7-ede0-4a1d-b15d-d98f6d70c3d0,not_disclosed,male,no,36-45,other,rwandan,n/a
7d79322d-4045-430f-9de8-d2fce693a332,not_disclosed,female,yes,36-45,christian,rwandan,n/a
d1c7f04a-b1ad-4690-a6f2-a230b1478cfd,not_disclosed,male,no,46-55,christian,rwandan,n/a
a6e85efd-3429-41e9-bfba-7622f8735a9b,not_disclosed,female,no,26-35,christian,rwandan,n/a
f7046ce1-1b7e-4c23-8e2a-dc282af53b04,not_disclosed,male,no,56-65,christian,rwandan,n/a
ed0266be-d380-478f-8405-4680627f9d60,not_disclosed,male,no,66+,christian,rwandan,n/a
25f3bf85-dd93-4c26-8ea1-8147dac5eb9d,not_disclosed,male,no,56-65,christian,rwandan,n/a
2d1470cc-2df3-4d3f-b54b-f56fe3f770ea,not_disclosed,female,yes,26-35,christian,rwandan,n/a
7a0304fc-af74-4dfe-a58c-d22cc8e1579c,not_disclosed,male,no,26-35,christian,other,n/a
ae9f2e84-2ee3-407a-bb52-d52a891bd9e2,not_disclosed,male,yes,46-55,christian,other,n/a
c4e39d23-6149-4749-8681-68010b96fb89,not_disclosed,male,no,26-35,christian,rwandan,n/a
af6922f2-f724-41cf-ab0c-84d96d245f12,not_disclosed,female,no,46-55,christian,rwandan,n/a
4da04d73-b335-450a-984b-0dce2d07e301,not_disclosed,male,no,46-55,christian,rwandan,n/a
04b77ba3-cf9c-4afd-b562-613cc769d0d0,not_disclosed,female,no,36-45,christian,rwandan,n/a
bec77842-59b3-4208-af9e-2d1f5fea2211,not_disclosed,male,no,36-45,christian,rwandan,n/a
58343c11-cdac-4bf4-8dd0-221c9f4784b7,not_disclosed,female,no,66+,christian,rwandan,n/a
0837e23d-50b0-47d1-a69a-f1c0ba2727ce,not_disclosed,female,no,18-25,christian,rwandan,n/a
1ef09218-f186-4fc9-afc5-fd29364e3502,not_disclosed,male,no,66+,christian,rwandan,n/a
23ab2d10-c96e-4e37-b867-d4df5ca39087,not_disclosed,male,no,26-35,christian,rwandan,n/a
2a8eaf77-829e-48fe-b7f8-173d6538721a,not_disclosed,male,no,66+,christian,rwandan,n/a
e4e1aa08-317c-4f01-9024-0fce73cdaf23,not_disclosed,male,yes,26-35,christian,rwandan,n/a
348da878-3b78-4705-b65d-5b145ce96a73,not_disclosed,female,yes,26-35,christian,rwandan,n/a
9be0549b-f9b7-4cd4-98e5-b4b0df20a423,not_disclosed,female,no,56-65,christian,rwandan,n/a
059dc0f0-467c-4aae-acb3-ea1898b966f1,not_disclosed,male,no,36-45,christian,rwandan,n/a
91214e4c-b923-442c-9e27-9213cfe7202d,not_disclosed,male,no,36-45,christian,rwandan,n/a
c0a0667a-7b72-4363-ad56-470a1ec9b164,not_disclosed,male,no,36-45,christian,rwandan,n/a
408ceaae-dd3b-4eea-81fc-7793d30a30dd,not_disclosed,male,no,46-55,none,rwandan,n/a
e9183fb2-e034-4d6b-98fe-bfaceb31bcbc,not_disclosed,male,no,26-35,christian,rwandan,n/a
e08dac51-a155-42fb-ac7c-12250990e8c4,not_disclosed,female,no,46-55,christian,rwandan,n/a
cc37d2ee-1d4e-4eec-82da-4307971c2dd9,not_disclosed,male,no,36-45,christian,rwandan,n/a
e9324154-09de-4ad8-acaa-a8d10aaf00de,not_disclosed,male,no,56-65,christian,rwandan,n/a
2d43d1a0-918c-418b-8e30-5d641d5faec7,not_disclosed,male,no,56-65,muslim,rwandan,n/a
19784300-7ea2-42bf-8a25-c890b9e6ca37,not_disclosed,female,no,26-35,christian,rwandan,n/a
1907f09b-0f3e-4714-ba6e-5fdf3181c2fe,not_disclosed,male,no,26-35,christian,rwandan,n/a
df4fd827-51d6-486a-ab8b-7b3edc8c8e38,not_disclosed,male,no,66+,christian,rwandan,n/a
817d2d40-c546-4ff1-afa1-a3de436af5b5,not_disclosed,female,no,36-45,christian,rwandan,n/a
e061f0bd-e5cb-4594-a9e7-951dcdc32839,not_disclosed,female,no,36-45,christian,rwandan,n/a
dcfed403-922b-4415-b72d-250cdc77edd8,not_disclosed,male,no,56-65,christian,rwandan,n/a
3e6c63a9-3b8a-4986-84f2-070b9dd20614,not_disclosed,female,no,46-55,other,rwandan,n/a
ea5152ef-b897-4f7a-ab8f-d017379343c9,not_disclosed,male,yes,36-45,christian,rwandan,n/a
02324d71-2861-4647-930e-55fc56a81541,not_disclosed,female,no,36-45,christian,rwandan,n/a
b167e45f-2889-4b77-a098-43a0e77508f8,not_disclosed,female,no,36-45,christian,rwandan,n/a
5f375660-8b4a-40b2-b1e6-050fe088f33c,not_disclosed,male,no,46-55,christian,rwandan,n/a
4f6a9938-ade7-4999-8546-c4b8083a8290,not_disclosed,male,no,46-55,christian,rwandan,n/a
b1108b76-1538-43c8-8465-2d6a8a0788cd,not_disclosed,female,no,36-45,other,rwandan,n/a
53e14beb-3150-4097-913a-298f0c2138fe,not_disclosed,male,no,66+,christian,rwandan,n/a
04cc1554-4304-40a6-8a9a-4ee10ddb64a4,not_disclosed,female,no,56-65,christian,rwandan,n/a
f14b708d-ff45-42db-a622-6cd6eecb93c5,not_disclosed,female,no,36-45,christian,rwandan,n/a
7fcfb56b-a207-4e4e-b62a-cc4c2b43f1cf,not_disclosed,male,no,36-45,christian,rwandan,n/a
e83028b6-f182-4219-8a4e-97e5adf669a0,not_disclosed,male,no,26-35,christian,rwandan,n/a
41bf9494-02ea-4170-8802-dad447e520e9,not_disclosed,male,no,56-65,christian,rwandan,n/a
66c3b9c2-e8f4-4125-be14-44ea46885a6a,not_disclosed,male,no,36-45,christian,rwandan,n/a
ade0331b-bb17-418f-aa9b-1e0d2b664847,not_disclosed,male,yes,46-55,other,rwandan,n/a
0f518854-9f8d-43fc-96f7-0700e4c9867c,not_disclosed,female,no,46-55,christian,rwandan,n/a
e88dc23f-9b26-4699-b0f1-4f1a217fe166,not_disclosed,male,no,56-65,none,rwandan,n/a
aa48d8fc-d7c0-49b6-a67b-e73721bd114c,not_disclosed,male,no,46-55,christian,rwandan,n/a
264ca1f3-1e5b-43d3-ba29-ffda5eb7e2c1,not_disclosed,male,no,26-35,christian,rwandan,n/a
2ee5cc59-f053-46f3-a7f2-f675e6930386,not_disclosed,male,no,26-35,christian,rwandan,n/a
dd64969f-7095-43cc-aa62-906d2bd0de9c,not_disclosed,male,no,36-45,christian,other,n/a
7a3f6786-8b61-47f5-b8a2-1857db17af4f,not_disclosed,male,no,46-55,christian,rwandan,n/a
8ad8b7a6-b19d-4fe7-a149-3b19d6deab62,not_disclosed,male,no,46-55,muslim,rwandan,n/a
46080282-dc41-4139-bef4-780c06427ab2,not_disclosed,male,no,18-25,christian,rwandan,n/a
cb1b303a-dd8a-49d2-b7df-13c0d42a6337,not_disclosed,male,no,26-35,christian,rwandan,n/a
bcce348c-7d7d-4158-9cbc-5ffb463af90a,not_disclosed,male,no,66+,christian,rwandan,n/a
0d3e079e-aff2-40c2-88fd-925fb00e216d,not_disclosed,male,no,18-25,christian,rwandan,n/a
8128ba88-124a-4885-ba92-39da937e5e47,not_disclosed,female,no,56-65,christian,rwandan,n/a
ee2b4e0f-25ff-4527-bf1c-0a2ded8d6dd2,not_disclosed,male,no,26-35,christian,rwandan,n/a
1a7446c7-6748-4e6a-b4b3-b346e42ef703,not_disclosed,male,no,56-65,christian,rwandan,n/a
9d6ee6c7-3d3c-4c16-90da-65eb39513965,not_disclosed,female,no,46-55,christian,rwandan,n/a
5a790380-c382-4cab-902c-efa2b93bf387,not_disclosed,female,no,36-45,christian,rwandan,n/a
8cf9d5d0-a21e-4070-9b2c-dc60be40edf9,not_disclosed,female,no,26-35,other,rwandan,n/a
6bc494f0-4fdf-4063-ad1f-538b40186dc5,not_disclosed,male,no,46-55,other,rwandan,n/a
66809958-70dd-48e9-ae01-7dc1bfb4e862,not_disclosed,female,no,56-65,christian,rwandan,n/a
2ec0412c-dcf8-458d-ba49-adcae9f6a5c3,not_disclosed,male,no,66+,christian,rwandan,n/a
2535a7eb-b61e-4387-af27-e632fd0833b1,not_disclosed,male,no,26-35,christian,rwandan,n/a
dce45c5a-79c6-40c3-8024-9f1e54e0497b,not_disclosed,female,no,56-65,christian,rwandan,n/a
0874fc4b-639d-4713-b913-a5e2fc9fd352,not_disclosed,male,no,36-45,christian,rwandan,n/a
059a6cc7-8f6f-4dfc-9cc2-39d5b333b9ef,not_disclosed,male,no,56-65,christian,rwandan,n/a
12b3a7d5-4802-49ac-80e9-f0e02aeeae3b,not_disclosed,female,no,66+,christian,other,n/a
77e69442-5724-4639-816e-7b4e2c4cf2dd,not_disclosed,female,no,36-45,christian,rwandan,n/a
a46b30dd-71bf-49c5-928c-68345a8c7921,not_disclosed,male,no,46-55,christian,rwandan,n/a
b616f398-0ce7-480b-a236-cb416b92957d,not_disclosed,male,no,18-25,christian,rwandan,n/a
e108865a-1649-443a-97e4-29f5fcff7ea3,not_disclosed,female,no,36-45,christian,rwandan,n/a
fa845ad4-8c7a-4b3e-a407-c1e79736e45b,not_disclosed,female,no,36-45,muslim,rwandan,n/a
53394acf-d53e-42c5-915f-99186f8592d8,not_disclosed,male,yes,56-65,christian,rwandan,n/a
2da02202-ccdb-4b81-8bdd-75fcae738421,not_disclosed,female,no,36-45,christian,rwandan,n/a
f6cba4b1-042f-426f-ad15-649902ab88c9,not_disclosed,female,no,36-45,other,rwandan,n/a
191b04d8-0805-4d95-9a59-ffaedad13f89,not_disclosed,male,no,66+,christian,rwandan,n/a
d9fed309-0806-4c54-b9db-d2b240a7af4c,not_disclosed,male,no,56-65,christian,rwandan,n/a
e1b69a6b-8182-44c6-ac5c-ed30aa667097,not_disclosed,female,no,36-45,christian,rwandan,n/a
fd5bf2dc-62fd-4361-9be3-90216fbd3d67,not_disclosed,male,yes,36-45,other,rwandan,n/a
b867e1fe-4d61-45ae-9c54-db27c2dd8ff7,not_disclosed,male,no,18-25,muslim,rwandan,n/a
60387c38-8a5d-4843-893a-8b0a055bd4ec,not_disclosed,female,no,26-35,christian,rwandan,n/a
85841b6a-fc08-4c1c-865a-8cef4e9651c8,not_disclosed,female,no,56-65,muslim,rwandan,n/a
3e392fda-f67a-4e6c-a353-46f575675d64,not_disclosed,male,no,26-35,christian,rwandan,n/a
8a1a0367-9b56-447e-8f00-7275e8072d73,not_disclosed,male,no,56-65,christian,rwandan,n/a
87e311e8-2505-486b-9e59-96d5f7261b8a,not_disclosed,female,no,46-55,muslim,rwandan,n/a
7ae8aeee-a485-45a7-92cb-19ccc02d2804,not_disclosed,female,no,36-45,christian,rwandan,n/a
bd5bd9d3-c7e5-4e82-a645-090787183ad8,not_disclosed,male,no,18-25,other,rwandan,n/a
8ccc7326-b0da-4581-9d29-b9ce273367f0,not_disclosed,female,no,36-45,christian,rwandan,n/a
f2c61770-fc44-4de7-921e-0b80742fe269,not_disclosed,male,no,56-65,christian,rwandan,n/a
0097f600-f8d4-42ae-9e08-44f6ba54e7cf,not_disclosed,male,no,46-55,christian,rwandan,n/a
d0a4d309-34f1-4683-8cf6-ec3058f55bd4,not_disclosed,male,no,46-55,christian,rwandan,n/a
cfb7a05f-083a-438a-b6f7-dc64b3cf85be,not_disclosed,male,no,56-65,christian,rwandan,n/a
9549da99-b3e8-4fcf-84f9-565e1291fdb6,not_disclosed,male,no,36-45,christian,rwandan,n/a
6198fd1c-8f4f-4927-9963-96aa116586e4,not_disclosed,female,no,26-35,none,rwandan,n/a
bd947da4-4146-4545-adea-5d319fa8fb3d,not_disclosed,male,no,46-55,christian,rwandan,n/a
242884de-ad1f-41b8-a967-9adf5ab1eb96,not_disclosed,male,no,56-65,christian,rwandan,n/a
782fef71-ece3-462b-b877-27fc7d7a7450,not_disclosed,male,no,46-55,christian,rwandan,n/a
6f5e4fe8-2bbc-4098-b3bd-8c5b04beea55,not_disclosed,male,no,56-65,christian,rwandan,n/a
d64e385e-c932-448a-bcd2-d9cd33089b95,not_disclosed,male,yes,26-35,christian,rwandan,n/a
56bb9f9f-388b-4689-821c-f56ac166d263,not_disclosed,male,no,46-55,christian,rwandan,n/a
e433561e-40f2-42f3-b33c-aaa031527fef,not_disclosed,male,no,18-25,christian,rwandan,n/a
f5ea7db3-d69e-44f9-a898-2494027d7ea9,not_disclosed,female,no,26-35,christian,rwandan,n/a
63b0daf2-3d43-4fe2-acf6-b84feec8f3bf,not_disclosed,female,no,66+,none,rwandan,n/a
8bc87003-cd3d-4e61-a1fc-045d0f00c32d,not_disclosed,male,no,46-55,christian,rwandan,n/a
d55a9398-454e-42d3-b9e9-ca51e9b010d4,not_disclosed,male,no,46-55,muslim,rwandan,n/a
f567f4ae-8c74-4213-a488-a9d6402148df,not_disclosed,male,no,66+,christian,rwandan,n/a
75f04a18-4ba9-487e-84d4-e9e39e032189,not_disclosed,male,no,36-45,christian,rwandan,n/a
2d876474-3857-4ba7-b66e-8295fb2f99af,not_disclosed,male,no,66+,christian,rwandan,n/a
1e46f810-f80c-4229-b10a-be17766b436b,not_disclosed,female,no,66+,christian,rwandan,n/a
a247a0bc-fc51-4fe1-bb9b-5c49049c55b1,not_disclosed,male,no,46-55,christian,rwandan,n/a
c4b2d0a1-17dc-44d0-b0a2-337ca258a1f7,not_disclosed,male,no,36-45,christian,rwandan,n/a
d905d0f4-5b07-40b7-8445-a1f0d6091b71,not_disclosed,male,no,36-45,christian,rwandan,n/a
d0946749-08ca-4fb7-b9a9-b934fa98a25d,not_disclosed,male,no,36-45,other,rwandan,n/a
f7271c1a-6497-4397-adeb-7531b23d687b,not_disclosed,male,no,66+,christian,rwandan,n/a
27c96b11-12d5-4ca6-ad64-3aa3ef33ba1e,not_disclosed,male,no,36-45,christian,rwandan,n/a
33924d10-1d74-4ed3-a804-9f878af548ec,not_disclosed,male,yes,56-65,christian,rwandan,n/a
1d5ee0b9-3cc7-48c1-a730-516d811d39b2,not_disclosed,male,no,26-35,christian,other,n/a
a51dbb36-b306-4115-a534-9595a7317b4f,not_disclosed,male,no,26-35,christian,rwandan,n/a
dd7390ec-153f-4f01-bbba-6b49022d32a0,not_disclosed,male,no,56-65,other,other,n/a
919f1cfb-0bc3-40c3-99b8-0f3de1ca6c6f,not_disclosed,male,no,18-25,christian,rwandan,n/a
7ff0384c-d0c4-47ab-91b0-8396855f3fca,not_disclosed,male,no,46-55,christian,rwandan,n/a
a81ad586-9697-42d7-b412-f1833b57c523,not_disclosed,male,no,56-65,muslim,rwandan,n/a
61af4804-1c2c-4909-b5dd-482f123126d1,not_disclosed,female,no,18-25,christian,rwandan,n/a
7e23a2b1-1e96-4ee8-a13f-c81fc39d3b18,not_disclosed,male,no,26-35,christian,rwandan,n/a
2253ce48-4fae-4910-bf3b-9d8432d8b97f,not_disclosed,male,no,66+,christian,rwandan,n/a
159b771b-621f-4ec8-8efe-f6ae80989332,not_disclosed,male,no,66+,christian,rwandan,n/a
44669bad-ca3c-4e16-a8d9-b8dab48aaaee,not_disclosed,male,no,46-55,christian,rwandan,n/a
e82bfa40-8fa1-474f-9fdc-63d1b19ac1d4,not_disclosed,male,no,26-35,christian,rwandan,n/a
18f463e6-042a-436b-a0b7-b1a9ba3b8ba6,not_disclosed,male,no,36-45,christian,rwandan,n/a
5859c2c1-a275-49a5-bfcf-8708fe730877,not_disclosed,male,no,36-45,christian,rwandan,n/a
aaae9f6b-6ae2-410c-866d-0bc824985944,not_disclosed,female,no,56-65,christian,rwandan,n/a
bf1b0e31-b6e9-4ae0-92d2-07d2a7d32692,not_disclosed,male,no,56-65,christian,rwandan,n/a
51c0bdc7-6400-4790-ac7c-6c07ec0e8a87,not_disclosed,female,no,46-55,none,rwandan,n/a
693c5127-78d5-4cb0-93ab-f8c013e1dc1b,not_disclosed,male,no,26-35,christian,rwandan,n/a
884e0456-1319-4f2e-a9a9-5efc6572d254,not_disclosed,female,no,36-45,christian,rwandan,n/a
4dc7c6a2-fbcf-46f8-b267-b70528542c37,not_disclosed,male,no,46-55,christian,rwandan,n/a
eb3cb9fe-6364-4bb7-befb-f3ce82e80d6a,not_disclosed,male,no,66+,christian,rwandan,n/a
586a4aa9-6230-4970-a087-a3d89b0ad397,not_disclosed,male,no,36-45,christian,rwandan,n/a
9b020b85-b1aa-4ed8-b80c-c918464f02e3,not_disclosed,male,no,18-25,christian,rwandan,n/a
4599c77d-e3c2-4daf-ad23-285ef57b952f,not_disclosed,male,no,46-55,christian,rwandan,n/a
ab7e2910-6ca1-4a5f-91e1-1c1c09f5ccaa,not_disclosed,male,yes,36-45,christian,rwandan,n/a
cd086242-e7b9-463d-abbb-1e39c51ff329,not_disclosed,male,no,46-55,christian,rwandan,n/a
4a002765-b14c-442f-baa5-a4fd2395da0e,not_disclosed,male,no,26-35,christian,rwandan,n/a
9a366211-19c0-41cc-a3c0-2391ff663392,not_disclosed,male,no,36-45,christian,rwandan,n/a
a4f28300-c094-47cf-b07e-437ea4f810f6,not_disclosed,male,no,26-35,christian,rwandan,n/a
1e640eb8-8576-4c18-9987-16bb565e22e1,not_disclosed,male,no,26-35,christian,rwandan,n/a
0fa194ea-270a-489c-b4e2-2d0e228c42d2,not_disclosed,female,no,46-55,christian,rwandan,n/a
18698b35-7915-4fda-bb2f-3631b62a9e34,not_disclosed,male,no,66+,christian,rwandan,n/a
06b39a0c-105e-4cdc-9fd5-62b97ef15438,not_disclosed,male,no,66+,christian,rwandan,n/a
8b09d858-1721-4f22-834a-344be2fee4e0,not_disclosed,male,no,36-45,muslim,rwandan,n/a
79a5d0e4-eb26-4530-8bf4-ad35a9cc53a6,not_disclosed,male,no,66+,christian,rwandan,n/a
74c6dade-7652-431d-ab04-a1cd3f64a780,not_disclosed,male,no,36-45,christian,rwandan,n/a
48c65f35-4b3f-48f7-bf75-5c13a7cec986,not_disclosed,female,no,46-55,christian,rwandan,n/a
8e08c230-ac20-46bb-b8d2-35ecd2460961,not_disclosed,female,no,26-35,none,rwandan,n/a
8a4fa1d8-3085-4014-8c90-17fd40a228dd,not_disclosed,male,no,18-25,christian,rwandan,n/a
171b007e-7934-4d4e-9c71-625953a99bac,not_disclosed,male,no,46-55,christian,rwandan,n/a
087348a2-eed2-47c8-9149-7822757fbc70,not_disclosed,male,no,46-55,christian,rwandan,n/a
b6cfcb1f-dd59-47b7-81fb-9c84b5e32283,not_disclosed,male,no,66+,christian,rwandan,n/a
ed0583de-00a5-42d3-91c0-78d70f5b8e0c,not_disclosed,male,no,18-25,christian,rwandan,n/a
5d5f2885-2bcd-4b2b-9730-af82d078d6bf,not_disclosed,female,no,46-55,christian,rwandan,n/a
abd8f3b6-663b-4d2b-8107-19800e5d7f68,not_disclosed,male,no,56-65,christian,rwandan,n/a
dc2d130e-94d6-44eb-ba16-2d98b8308b30,not_disclosed,female,no,66+,christian,rwandan,n/a
ba175e40-d5c4-4aa4-858e-9b90f5c6eea0,not_disclosed,male,no,26-35,christian,rwandan,n/a
169c815a-bcf3-4090-860c-0c88a8da141f,not_disclosed,male,yes,26-35,christian,rwandan,n/a
6f42e4c4-bc4a-4f9c-8865-30a9eeaae7fd,not_disclosed,male,no,36-45,christian,rwandan,n/a
d7b9e875-dfca-474d-9843-fa34a4f6f5b7,not_disclosed,male,no,66+,christian,rwandan,n/a
2ca91a6c-0146-4dd2-8259-23529010547c,not_disclosed,male,yes,26-35,christian,rwandan,n/a
50b652bc-7758-483b-a8cb-04f1a37b678b,not_disclosed,male,no,36-45,christian,rwandan,n/a
da8ccb62-3f82-41f8-ad85-851e0903c174,not_disclosed,male,yes,36-45,christian,rwandan,n/a
59d0eb4d-f5e4-4b01-8f14-c0335b93bf7a,not_disclosed,male,yes,66+,christian,rwandan,n/a
3c650d65-7f3e-4508-9199-79da8409138f,not_disclosed,male,no,18-25,christian,other,n/a
ccb9581b-3369-47d3-9998-06bf7cbdd645,not_disclosed,male,yes,56-65,christian,rwandan,n/a
dad64f73-4888-4f63-9caa-5f1c4b396e5c,not_disclosed,female,no,36-45,christian,rwandan,n/a
1b124246-f470-4d89-926f-bc8158b1c04f,not_disclosed,female,no,26-35,christian,rwandan,n/a
223f04e7-79c8-4ba9-bdd3-8f8114aecd95,not_disclosed,male,no,36-45,christian,rwandan,n/a
1d4e455b-06e7-4ee3-860f-7f2337cc057c,not_disclosed,female,no,46-55,christian,rwandan,n/a
8a78e886-f42f-4fa5-9240-67d24a86f346,not_disclosed,female,no,66+,christian,rwandan,n/a
20e35605-a913-40be-947a-2d4b30552b62,not_disclosed,female,no,36-45,christian,rwandan,n/a
29ea2336-dd7e-49ee-b998-47ff2aefeeb9,not_disclosed,male,no,36-45,christian,rwandan,n/a
04d588a9-7d5e-4f1a-9807-4881690df865,not_disclosed,male,no,18-25,christian,rwandan,n/a
361660ac-3555-4911-ae4c-bd9d4935530a,not_disclosed,female,no,18-25,christian,rwandan,n/a
5e980cf2-2e45-4250-99bc-9133ba1b7a8b,not_disclosed,female,no,46-55,christian,other,n/a
8da0b4d7-d09d-4fd6-8ee2-3975d470c296,not_disclosed,female,no,66+,muslim,rwandan,n/a
4cee32b5-a4a4-4ebb-9a71-b8ae58c24e86,not_disclosed,male,no,66+,christian,rwandan,n/a
77f8a719-1abb-4ba6-9918-6b734db5230b,not_disclosed,male,no,56-65,christian,rwandan,n/a
7855c362-657b-4b1c-9c73-5c1f47c15c42,not_disclosed,male,no,66+,christian,rwandan,n/a
c5930a3a-3459-4473-bad6-faa2d28fb603,not_disclosed,male,no,66+,christian,rwandan,n/a
475bf2c2-42b8-413a-b060-8200e74975e0,not_disclosed,male,no,26-35,other,rwandan,n/a
f6a0da99-7dde-4342-bbc6-5acfee9d36b2,not_disclosed,male,no,36-45,none,rwandan,n/a
225bba59-2191-454a-83fe-0ac33584d785,not_disclosed,male,yes,46-55,christian,rwandan,n/a
29b9e658-09b8-4c3e-b63c-d76bd7cc2d19,not_disclosed,male,no,36-45,christian,rwandan,n/a
b766ff66-9862-4d2c-9bcd-11277d33c00c,not_disclosed,male,no,26-35,christian,rwandan,n/a
b17ad839-3459-4ab6-a65c-defc751cfa12,not_disclosed,male,no,36-45,christian,rwandan,n/a
c9efc812-3a5f-4b08-823f-4bc62dec5205,not_disclosed,female,no,18-25,christian,rwandan,n/a
70b07874-eb44-4be0-b836-b56ad36a12fb,not_disclosed,male,yes,56-65,christian,rwandan,n/a
00d34f7e-c438-4fff-a5c8-c19dd1fb5eb7,not_disclosed,male,no,66+,christian,rwandan,n/a
7fa4d560-f256-47ca-83b5-ad97fbdae69d,not_disclosed,male,no,26-35,christian,rwandan,n/a
f38f416e-b76f-4a91-a88d-91939780efae,not_disclosed,male,no,46-55,christian,rwandan,n/a
c8922b03-2eed-4b71-a290-cd75c32b03c4,not_disclosed,male,no,18-25,christian,rwandan,n/a
afd87ddf-8f4f-49cc-956c-02e456345a78,not_disclosed,male,no,66+,christian,rwandan,n/a
57d5ab20-0873-4c18-a22e-71d615894acc,not_disclosed,female,no,56-65,muslim,rwandan,n/a
4d3548e0-8030-4ff2-9c35-5af23364aad9,not_disclosed,male,no,46-55,christian,rwandan,n/a
51483017-7e78-4046-8004-487e79271c7a,not_disclosed,female,no,26-35,other,rwandan,n/a
9499c470-15ca-4d78-b8ee-b28681f1f12a,not_disclosed,male,no,26-35,christian,rwandan,n/a
ed6493d0-0d24-4040-aaae-3fedefd061c1,not_disclosed,male,no,66+,christian,rwandan,n/a
c4e271e1-742c-4314-b7a5-81002ac60d79,not_disclosed,female,yes,36-45,christian,rwandan,n/a
a8ec5201-f22d-468c-a6bd-47a77ff66711,not_disclosed,male,no,26-35,christian,other,n/a
0d29d786-017d-4085-b007-9b79e4fa7789,not_disclosed,male,yes,36-45,christian,rwandan,n/a
ed867184-48cd-4385-baf5-77e24c7856f1,not_disclosed,male,no,26-35,christian,rwandan,n/a
9eaa986e-a86b-4e4b-b1d0-205b36273463,not_disclosed,male,no,18-25,christian,rwandan,n/a
2a9d7bd4-d4c1-44ef-8b39-e5e282fb69dc,not_disclosed,female,no,36-45,christian,other,n/a
ae20e001-3d22-4bc2-902e-234975cd433f,not_disclosed,male,no,66+,christian,rwandan,n/a
6ba2f9a7-1065-445c-80de-355b126c8180,not_disclosed,female,no,46-55,christian,rwandan,n/a
7fa26f1c-7090-4bb3-9044-d56115699fb7,not_disclosed,male,no,26-35,christian,rwandan,n/a
9c2ac275-3964-491a-bb54-6c00c8a5cd41,not_disclosed,female,no,56-65,christian,rwandan,n/a
65f092ce-d55c-4183-b975-937901367b7b,not_disclosed,female,no,46-55,christian,rwandan,n/a
41c46e5a-4ccd-4a87-bd54-eca90a4f90e5,not_disclosed,male,no,36-45,christian,rwandan,n/a
30c2bbfb-624f-4e66-a1f4-2dbc0d66da90,not_disclosed,female,no,46-55,christian,rwandan,n/a
4c9217e5-6047-4f7e-a358-0d1c9677c249,not_disclosed,female,no,66+,christian,rwandan,n/a
76f04f1e-7087-4304-b600-474a22697791,not_disclosed,female,no,56-65,christian,rwandan,n/a
c113739b-39e6-4e39-8703-ca8f3c06a818,not_disclosed,male,no,56-65,christian,rwandan,n/a
ee144cb6-cd1c-4a7c-a67a-40f7963d77af,not_disclosed,female,no,66+,christian,rwandan,n/a
290c27d3-81a1-4275-a0c5-63baf6d32437,not_disclosed,male,no,26-35,christian,rwandan,n/a
1dcc8203-bfa6-4218-b584-655544fad5b1,not_disclosed,male,no,66+,christian,rwandan,n/a
1bf47dc5-d5d0-496d-8ed3-b2584a0bb7c2,not_disclosed,male,no,36-45,christian,rwandan,n/a
16ce6abf-f514-436a-adbb-8d8619eeddc8,not_disclosed,female,no,66+,christian,rwandan,n/a
740024e0-ebf1-4920-b682-e3815bfae6e8,not_disclosed,male,no,18-25,christian,rwandan,n/a
a21e1ee0-1587-4a40-b57a-9d3c6654b8fb,not_disclosed,female,no,36-45,christian,rwandan,n/a
f35cbc5f-b2c0-409a-bfee-96e740b39354,not_disclosed,male,no,26-35,christian,rwandan,n/a
b2b20ba7-14a5-4529-af63-7a6b8ac44e71,not_disclosed,female,no,66+,christian,rwandan,n/a
57153ae4-e8d5-4d76-bb84-ffd32fba8510,not_disclosed,male,no,26-35,christian,rwandan,n/a
fc6f9f24-4025-4c70-b1e2-d8086bccf57e,not_disclosed,male,no,26-35,christian,rwandan,n/a
a5d93c63-c6f3-4e40-a2ac-b7564f527eb9,not_disclosed,female,yes,66+,christian,rwandan,n/a
25186d19-cf50-41c1-854e-1f100308fc84,not_disclosed,male,yes,36-45,christian,rwandan,n/a
a61bbec1-bc86-4a78-afa3-e75816848407,not_disclosed,male,no,26-35,christian,rwandan,n/a
0d3e2ca3-df6a-4f48-898b-8ccf2aadb7a1,not_disclosed,female,no,26-35,christian,rwandan,n/a
f0b4ab74-a8b7-4d74-8540-cc332d97fae8,not_disclosed,male,no,18-25,christian,rwandan,n/a
48fc8781-8755-4790-aa0f-ca33ccec213b,not_disclosed,female,no,36-45,christian,rwandan,n/a
afc1d054-6321-479a-bef7-7f554998761e,not_disclosed,male,no,46-55,none,rwandan,n/a
cf90a713-5c88-4a27-a6df-5bc2368cbe60,not_disclosed,male,no,66+,none,rwandan,n/a
3c324400-37d1-49d0-b8fe-6743fd73ec48,not_disclosed,male,no,18-25,none,rwandan,n/a
37ce8a08-2b6f-48e9-b1e3-45741f944091,not_disclosed,male,no,26-35,christian,rwandan,n/a
e3dc3c21-c4da-482c-a382-c5e0e6de5d7a,not_disclosed,male,no,46-55,christian,rwandan,n/a
483a06e1-f644-485c-bb6c-724aae031cb2,not_disclosed,female,no,26-35,christian,rwandan,n/a
24e89dae-23b9-4bb1-a1d1-3b97c675fe19,not_disclosed,female,no,56-65,christian,rwandan,n/a
3d1b01fd-ff08-48ae-ab4f-8a23a5640f05,not_disclosed,male,no,56-65,christian,rwandan,n/a
99d618b7-67c6-402c-bcfa-d8907c59480f,not_disclosed,male,no,66+,christian,rwandan,n/a
0680ba9d-95e5-4d3d-a94d-1bc27ce3bb02,not_disclosed,female,no,66+,christian,rwandan,n/a
8bd44f41-a6cc-4483-9563-3728282a4a92,not_disclosed,male,no,18-25,christian,rwandan,n/a
e3eafc71-e4cb-4a1a-8ca0-caf2355665dd,not_disclosed,male,no,66+,christian,rwandan,n/a
7fb4cf43-fe45-4d97-9404-7323d895fa61,not_disclosed,male,no,18-25,christian,rwandan,n/a
53798b20-91a4-47a2-9ca1-c821cfb6debc,not_disclosed,female,no,26-35,christian,rwandan,n/a
871d1cb5-f476-4070-839a-d7e324c02dde,not_disclosed,female,no,18-25,christian,rwandan,n/a
03d4ea20-ce50-492a-96c7-c23736e1b93a,not_disclosed,female,no,36-45,christian,rwandan,n/a
6b109544-ec0f-42c0-b94e-39963e522ffe,not_disclosed,female,no,56-65,christian,rwandan,n/a
9c5daa6c-f0c7-4ad2-89e8-cf2bcc14a28b,not_disclosed,female,no,46-55,christian,rwandan,n/a
ecf02240-a01f-44d9-9e40-aec223028363,not_disclosed,male,no,26-35,muslim,rwandan,n/a
3d3e47bb-4e4c-4edb-bc4b-93a9dc2d6057,not_disclosed,male,no,66+,christian,rwandan,n/a
290d0084-f96a-4e78-8a65-82d600b4269a,not_disclosed,female,no,46-55,christian,rwandan,n/a
61c3cb6d-ae38-461f-80e3-4d9b51b5c360,not_disclosed,male,no,46-55,christian,rwandan,n/a
67957339-9ed1-4f86-8aae-1d13633b4872,not_disclosed,male,no,56-65,christian,rwandan,n/a
c26f042c-4636-4d07-a8c8-b8138aff202b,not_disclosed,male,no,46-55,christian,rwandan,n/a
1f76f3bb-91e3-43e9-b71e-b654e6cadb89,not_disclosed,male,no,26-35,christian,rwandan,n/a
d6971829-dcf7-45b2-88ce-2af0957c9252,not_disclosed,male,no,56-65,christian,rwandan,n/a
fe0ca7c3-7644-405e-b46a-a74041bfa4ef,not_disclosed,female,no,66+,other,rwandan,n/a
8e6e3329-3dff-4bb5-ad88-841fafa48233,not_disclosed,female,no,46-55,christian,rwandan,n/a
7d27f327-f10f-4d08-bfa2-8959acbb8fd7,not_disclosed,female,no,18-25,christian,rwandan,n/a
a55bf0ce-0e65-4bc7-a532-5b2986e3454f,not_disclosed,male,no,66+,christian,rwandan,n/a
7f7a1a83-9e56-411b-b195-1fcb8a819baa,not_disclosed,male,no,46-55,christian,rwandan,n/a
f3da92af-2027-4ed5-9e27-250c81db8f6d,not_disclosed,female,no,18-25,christian,rwandan,n/a
96e00e84-acd4-4b71-9ab2-7b1426c80a84,not_disclosed,male,no,18-25,christian,rwandan,n/a
f405352c-6a75-4854-978e-217f93ea6498,not_disclosed,female,no,56-65,christian,rwandan,n/a
3b741d01-c91c-4cbd-a6fa-f062cd2c11a4,not_disclosed,female,no,26-35,christian,rwandan,n/a
981b84d6-5ba1-4195-bcbf-ea2602cacc68,not_disclosed,male,no,46-55,christian,rwandan,n/a
3e9c1029-56c1-4fae-8637-7b0f94c693e9,not_disclosed,female,no,66+,christian,rwandan,n/a
9c579323-d286-41d5-bf2f-eaf85e12ad87,not_disclosed,female,no,46-55,christian,rwandan,n/a
a33fa7c9-99b9-4cee-ab6f-4956ad57490d,not_disclosed,male,no,36-45,christian,rwandan,n/a
a97f0468-341a-4d64-8034-1d468cbec77f,not_disclosed,female,no,18-25,christian,rwandan,n/a
53abef57-e7a6-4c47-aa7e-405a4d0a2703,not_disclosed,male,no,56-65,christian,rwandan,n/a
82b6a454-b9bd-4450-93af-0395ead9675d,not_disclosed,female,yes,66+,christian,rwandan,n/a
4977b9a0-461d-447e-aeb3-9e708fe76213,not_disclosed,male,no,26-35,christian,rwandan,n/a
a286e13e-f229-4bb1-ac1e-1f588d733641,not_disclosed,male,no,56-65,christian,rwandan,n/a
4e00f555-11c2-4707-9d9f-0c4de7b7e6c4,not_disclosed,male,no,46-55,muslim,rwandan,n/a
c433272b-542d-4439-ba88-17d74d035061,not_disclosed,female,no,26-35,christian,rwandan,n/a
a439467c-94ec-4f5c-bd57-2a20456fe78f,not_disclosed,male,no,36-45,christian,rwandan,n/a
b87aed2b-278e-4c0a-9856-4564ba4f42eb,not_disclosed,male,no,46-55,christian,rwandan,n/a
cea1ddbb-9ef0-4212-9c44-232884a69cb2,not_disclosed,male,no,56-65,christian,rwandan,n/a
769d8b0c-670b-43fd-b352-79102c5e4f55,not_disclosed,male,no,36-45,christian,rwandan,n/a
41b2c303-1c01-4801-8ef0-ac844d5d3be9,not_disclosed,female,no,26-35,christian,rwandan,n/a
d99ef4c3-8ef0-498a-9a89-ced9950fcf74,not_disclosed,male,no,56-65,christian,rwandan,n/a
0c1b5499-1b7f-4b18-aa17-29612413869c,not_disclosed,male,no,26-35,muslim,rwandan,n/a
21f09019-4c2c-4c2d-a0ff-98a51730668b,not_disclosed,female,no,18-25,other,rwandan,n/a
f0505958-5cbd-4e55-a216-71366db29557,not_disclosed,female,no,56-65,christian,rwandan,n/a
9d594462-5ce2-4b7e-8d60-a43905d53910,not_disclosed,male,no,36-45,muslim,rwandan,n/a
08e85ab3-2cb7-4666-8a9e-e89e11b9a789,not_disclosed,male,no,56-65,christian,rwandan,n/a
a667e680-40ab-4152-9bb3-db1b978ce174,not_disclosed,female,no,56-65,christian,rwandan,n/a
65e5f024-a287-4e8e-958b-f19706394fe4,not_disclosed,female,no,18-25,christian,rwandan,n/a
b77aaa21-bbdd-458a-9b1a-8c4c75326919,not_disclosed,male,no,36-45,christian,rwandan,n/a
2af721bd-4366-4f41-8b90-a2846e33e768,not_disclosed,male,no,46-55,christian,rwandan,n/a
1d4b9bca-18fd-4c61-bb8f-aee04977d757,not_disclosed,female,no,18-25,christian,rwandan,n/a
66009716-9acc-43bd-b6bc-d0057fcd2a2f,not_disclosed,male,no,26-35,muslim,rwandan,n/a
159180f7-099e-46f1-b7c2-8b137c4f961d,not_disclosed,female,no,18-25,christian,rwandan,n/a
ad25b414-9440-41ca-b35b-dddd77c0595d,not_disclosed,female,no,56-65,christian,rwandan,n/a
8ca3238f-86e7-4da6-ae95-52a064920758,not_disclosed,male,no,18-25,none,rwandan,n/a
f909585b-f688-421a-b2c8-59a914b591dd,not_disclosed,female,no,46-55,christian,rwandan,n/a
c1fd49ae-4924-4ae4-b428-56528614a46c,not_disclosed,female,no,56-65,christian,rwandan,n/a
75bfb252-ea7d-45cf-81d5-818e3fe62526,not_disclosed,female,no,18-25,christian,other,n/a
d1a1b8dc-ded8-421a-806a-a9b6834a6346,not_disclosed,male,no,56-65,christian,rwandan,n/a
1d28a6ed-9e69-439d-983a-b5b6a2ba0ea5,not_disclosed,male,no,18-25,christian,rwandan,n/a
af029e35-483f-4da1-9408-9dbac2599f88,not_disclosed,female,no,66+,christian,rwandan,n/a
3d2c5232-7fe2-4147-a6e6-e1946121ba12,not_disclosed,male,no,36-45,christian,rwandan,n/a
733f5570-9e36-400e-bfb0-62b3e3fb9ba3,not_disclosed,male,no,26-35,christian,rwandan,n/a
b551eb07-7061-41be-a946-35d42c831acf,not_disclosed,male,no,56-65,christian,rwandan,n/a
6c1e1b8d-ad5b-4212-868c-0cc675c0def0,not_disclosed,male,no,56-65,muslim,rwandan,n/a
442170f0-3b68-4003-a0af-dd238cc9fa41,not_disclosed,female,no,66+,christian,rwandan,n/a
eec6ecba-9b8e-4142-a3db-8a8703791068,not_disclosed,male,no,26-35,christian,other,n/a
484fe090-6cb4-4af5-a01c-18b6fe4db67d,not_disclosed,male,no,26-35,christian,other,n/a
a16b480d-4349-4f77-be6e-1291235cfb36,not_disclosed,male,no,36-45,christian,rwandan,n/a
9ccb51c5-c815-449b-9c5b-643c1ebae39a,not_disclosed,male,no,18-25,christian,rwandan,n/a
000bb2bb-5276-4a69-93e4-51a5986ac957,not_disclosed,male,no,46-55,christian,rwandan,n/a
eb6205e6-77ba-4a1c-9039-9056501104cb,not_disclosed,female,no,56-65,christian,rwandan,n/a
b854b896-914d-47bd-b4b7-77b3873ae7d5,not_disclosed,male,no,36-45,christian,rwandan,n/a
8fce6628-52f0-4186-84d7-08bf6e474132,not_disclosed,female,no,46-55,christian,rwandan,n/a
2bd1070a-51ea-4c0a-a8ca-d74c78790b3f,not_disclosed,male,no,26-35,christian,rwandan,n/a
531111df-7c77-4079-afe3-6b85acbd6f0b,not_disclosed,male,no,66+,christian,rwandan,n/a
5d0b57db-0fd6-4394-ba53-2cdde0eb7dae,not_disclosed,female,no,46-55,christian,rwandan,n/a
93f38daf-0667-4c3d-acbd-4eb49a509b1b,not_disclosed,male,no,56-65,christian,other,n/a
9d4c9c05-b2bf-4b15-8ed4-4425b70a9bbb,not_disclosed,male,no,26-35,christian,rwandan,n/a
6db39888-3850-4f3d-999f-7cc2cbfccc37,not_disclosed,male,no,66+,christian,rwandan,n/a
588831f8-33e5-4664-bb90-40b96d58cc45,not_disclosed,male,no,26-35,christian,rwandan,n/a
0e1477ac-6518-43e1-8193-009a9c4f9d83,not_disclosed,male,no,36-45,christian,rwandan,n/a
5644e998-e83c-44d4-93b4-c25da5c1fbef,not_disclosed,male,no,56-65,christian,rwandan,n/a
6adc0716-0f75-4f00-8677-c0b0dad47d49,not_disclosed,male,no,66+,christian,rwandan,n/a
df84809b-8055-4b16-9f4e-8a3b974be9ef,not_disclosed,male,no,56-65,christian,other,n/a
f10b7781-6e4a-4e19-99c9-fc0f04ae1137,not_disclosed,female,no,36-45,other,rwandan,n/a
cd86576d-0692-401e-9f71-bfcd88e21b7b,not_disclosed,male,yes,46-55,christian,rwandan,n/a
3d11e634-f191-4060-bd5f-9f4a7006aabc,not_disclosed,male,no,26-35,christian,rwandan,n/a
b3fe9cc7-50ab-4aef-aa0e-8d6afb939a98,not_disclosed,male,no,26-35,christian,rwandan,n/a
a7331ae1-2b01-4fa9-beec-9636fde1b746,not_disclosed,male,no,46-55,other,rwandan,n/a
1558ed51-4be4-4b8a-afba-0921a91440ab,not_disclosed,male,no,46-55,christian,rwandan,n/a
efd368d2-5426-4e6f-943c-a6210aac50ae,not_disclosed,female,no,46-55,christian,rwandan,n/a
6cbe3780-562f-4369-9056-40ee902478c2,not_disclosed,male,no,66+,other,rwandan,n/a
23bdb237-aba0-43cf-b635-6f1d839b4cd4,not_disclosed,male,no,36-45,christian,rwandan,n/a
1b155e6b-5bfa-430b-8f87-b30c344d77ec,not_disclosed,male,no,26-35,christian,rwandan,n/a
e0997814-d638-45da-9e2b-0c51d9703f83,not_disclosed,male,no,56-65,christian,rwandan,n/a
9daeac61-48a3-4971-9c19-e81ae4938abf,not_disclosed,female,no,36-45,christian,rwandan,n/a
e6288ee3-0fd3-4253-8993-b4c2a63dc2b7,not_disclosed,male,no,36-45,christian,rwandan,n/a
00d06178-26d9-46fe-aff9-83a3fa57e458,not_disclosed,male,yes,36-45,christian,rwandan,n/a
25640ae6-ada5-44c8-a23e-f558b1166430,not_disclosed,male,no,26-35,christian,rwandan,n/a
ba0773e4-be40-43d4-847f-622ed16f1ce3,not_disclosed,female,no,18-25,christian,rwandan,n/a
43810754-c18e-44fe-9d9a-4c026c46be1d,not_disclosed,male,no,36-45,christian,rwandan,n/a
e518282b-0004-4ea5-be8b-24d327aa9b59,not_disclosed,male,no,26-35,christian,rwandan,n/a
f60909e9-6525-4aad-8e47-839e8373ede3,not_disclosed,male,no,36-45,christian,rwandan,n/a
d0664507-97bf-492e-8c91-f98c948a1413,not_disclosed,male,yes,18-25,christian,rwandan,n/a
5a2dec26-a817-48ea-8a07-1c5eac061413,not_disclosed,female,no,36-45,christian,rwandan,n/a
29f0e749-9d26-4bdb-b174-b0fec4267f22,not_disclosed,female,no,18-25,christian,rwandan,n/a
80b2918e-45c0-4cff-8ec1-82e358d093d3,not_disclosed,female,no,26-35,other,rwandan,n/a
801e5160-1938-4f9e-bd9e-ad95e0a2bb74,not_disclosed,female,no,46-55,christian,rwandan,n/a
8d0e96dc-ad9b-437b-b859-e5d7e202ee97,not_disclosed,male,no,18-25,christian,other,n/a
f0acb827-9d9e-4b3b-abdb-51258986391e,not_disclosed,female,no,66+,christian,rwandan,n/a
11918972-ade4-4622-a8a7-924115474464,not_disclosed,male,no,46-55,christian,rwandan,n/a
5a80a92b-eb9b-4f15-9c35-3078f137e07a,not_disclosed,male,no,46-55,christian,rwandan,n/a
51a26e15-1e24-48fa-826c-54e2b12be448,not_disclosed,male,no,26-35,christian,rwandan,n/a
33afe81f-8ae7-4173-8b86-2af77788c583,not_disclosed,female,no,36-45,christian,rwandan,n/a
6a825bf3-2af5-4c64-a298-112612691cd9,not_disclosed,male,no,66+,christian,rwandan,n/a
3344fa84-842f-49cf-8269-9a2483f0be86,not_disclosed,male,no,46-55,christian,rwandan,n/a
86125ab8-a16c-44b6-87c0-3ab3585b5cb4,not_disclosed,female,no,56-65,christian,other,n/a
53a9a44c-aa36-4055-8d36-cbfd87d6b9ae,not_disclosed,female,no,36-45,muslim,rwandan,n/a
7d41a6be-47c7-41c4-9980-8ca8e70284d9,not_disclosed,male,no,56-65,christian,rwandan,n/a
5dc5c6b0-2709-4b78-9900-faa00da99749,not_disclosed,male,no,46-55,christian,rwandan,n/a
0633ce33-cbc9-4e76-a1c2-abc808f5777c,not_disclosed,male,no,36-45,christian,rwandan,n/a
ba600d5e-13b6-435a-945f-cef4d4b47b48,not_disclosed,male,no,46-55,christian,rwandan,n/a
314ed787-fd0d-4bd8-afe8-68c468728bfd,not_disclosed,male,no,26-35,christian,rwandan,n/a
c37bc7dc-f3ea-425a-984f-3ed3cde50f82,not_disclosed,male,no,36-45,christian,rwandan,n/a
c41d4ffb-ef05-4c49-91aa-df9a79e21b52,not_disclosed,male,no,56-65,christian,rwandan,n/a
170fe899-7a92-4f4f-8407-d16f94ae5196,not_disclosed,male,no,66+,none,rwandan,n/a
40fdf643-3e9a-4041-a68d-116fc6a8dc13,not_disclosed,female,no,26-35,christian,rwandan,n/a
572d76d6-8397-44bd-9e72-ff60e295a734,not_disclosed,male,no,36-45,christian,rwandan,n/a
484b2cc1-d39f-42b4-b2ed-5b9c1ddeb46f,not_disclosed,female,no,66+,christian,rwandan,n/a
51e6504e-555e-4636-908a-cdd18b4be382,not_disclosed,male,no,18-25,christian,rwandan,n/a
5216ccd7-0e40-48b3-9a0c-561056ad9fb9,not_disclosed,male,no,36-45,none,rwandan,n/a
32d45072-20d2-46e1-b236-2ea53f5bcc7f,not_disclosed,male,no,46-55,christian,rwandan,n/a
6f579656-1636-440d-915a-baa946e252ed,not_disclosed,male,no,66+,christian,rwandan,n/a
5128a3ff-1747-473d-aa11-1bcf7f4dbba2,not_disclosed,female,no,66+,christian,rwandan,n/a
fafedbf3-9794-474c-8444-cf365dcf21f0,not_disclosed,male,no,26-35,christian,rwandan,n/a
d02664d0-da1a-4aef-9d51-39a1b9aa455c,not_disclosed,female,no,18-25,christian,rwandan,n/a
89455e33-01ed-4ff6-a8ff-1d2a59fe9ce8,not_disclosed,male,no,66+,christian,rwandan,n/a
2901e64b-a5aa-4c60-870f-b5e4a49dd772,not_disclosed,male,no,46-55,christian,rwandan,n/a
5e166c0e-1d41-4c34-a706-bdceff03b78b,not_disclosed,male,no,46-55,other,rwandan,n/a
12cbeca9-557c-4c3f-8b72-85ea3485c849,not_disclosed,male,no,26-35,christian,rwandan,n/a
52a3f71a-a002-4004-b22e-30116c19d714,not_disclosed,male,no,46-55,christian,rwandan,n/a
305955f9-0f63-4db3-9c1a-e509d7891639,not_disclosed,female,no,66+,christian,rwandan,n/a
d0a2cefd-3bf4-495f-bdbf-bf5463c0d5e0,not_disclosed,male,no,56-65,christian,rwandan,n/a
afbf318e-8b9b-485f-82f0-5a1de0f58807,not_disclosed,male,no,46-55,muslim,rwandan,n/a
cf7a3cb8-5bb7-41d2-8727-8add2a341ca5,not_disclosed,female,no,26-35,muslim,rwandan,n/a
870c81c2-b472-4810-a3fb-6b0f70658edd,not_disclosed,male,no,46-55,christian,rwandan,n/a
af215ce5-3ba2-4d88-b65f-c9c0c3f4b63b,not_disclosed,female,no,56-65,christian,rwandan,n/a
264c180f-bb61-46f9-bcd7-4e066e25f563,not_disclosed,male,no,56-65,christian,rwandan,n/a
6aaec1bb-3700-4ff2-a3a3-011314698f18,not_disclosed,male,no,66+,christian,rwandan,n/a
2f79d69f-4b80-4979-a911-7b8abedbb0c4,not_disclosed,male,no,66+,christian,rwandan,n/a
c0f65340-5cb1-4300-994b-f1f7df2a02f1,not_disclosed,male,no,66+,christian,rwandan,n/a
839aa794-adff-4ac3-8ed8-08ea8e3744cc,not_disclosed,female,no,66+,christian,rwandan,n/a
b209f09c-fe91-4ed5-9f1f-5830a3c7fe9e,not_disclosed,male,no,36-45,christian,rwandan,n/a
8a9f36a8-b757-40f5-ba35-1c907183ef10,not_disclosed,female,no,26-35,none,rwandan,n/a
a051ef4b-0df8-4026-8c8b-3b900c0aac63,not_disclosed,male,no,26-35,christian,rwandan,n/a
74b7602e-67f7-466f-a0ec-7bbbadfb25fc,not_disclosed,male,no,26-35,christian,rwandan,n/a
aaf752ad-b768-43ff-bd81-fad4b0ce2a25,not_disclosed,male,no,56-65,christian,rwandan,n/a
5d9adb31-8677-4b1f-8536-5174159ca9c0,not_disclosed,male,no,56-65,christian,rwandan,n/a
e6074890-4800-43c8-bab2-57a4bcd83a6d,not_disclosed,male,no,26-35,christian,rwandan,n/a
81c33c01-2af2-4239-8cf8-ea9cc57d457d,not_disclosed,female,no,18-25,christian,rwandan,n/a
7b9a10c5-929d-47bb-8c3b-620e25a71b5a,not_disclosed,male,no,56-65,christian,rwandan,n/a
edd7f7f2-e8a9-424a-a653-e645c1e9e9a6,not_disclosed,male,no,46-55,christian,rwandan,n/a
4fa95b66-e636-4b36-9120-9094b24cca1b,not_disclosed,female,no,56-65,christian,rwandan,n/a
9c00a48c-0477-4d03-a437-8789a7cd622f,not_disclosed,male,no,36-45,christian,rwandan,n/a
d2461872-bf8b-44d7-b09f-506f4fab7b21,not_disclosed,male,no,66+,christian,rwandan,n/a
db317eef-56e5-42f1-855e-9cbc68a101e8,not_disclosed,female,no,46-55,christian,rwandan,n/a
6a2e8319-f1cd-4593-95de-653bb3713f08,not_disclosed,male,no,56-65,christian,rwandan,n/a
d3b0a40f-9fcf-4efe-8f55-fc761b390124,not_disclosed,male,yes,36-45,christian,rwandan,n/a
1e648eb5-2bfb-4ecd-b87a-965b42f7842b,not_disclosed,female,no,26-35,christian,rwandan,n/a
338e9082-07aa-462b-8246-0c093aedaf7c,not_disclosed,female,no,46-55,christian,rwandan,n/a
2d019174-8286-42db-a78d-f37b97319af7,not_disclosed,female,no,56-65,christian,rwandan,n/a
0fd03d5b-926f-44e9-b19a-974bd832f441,not_disclosed,female,no,18-25,christian,rwandan,n/a
7585729a-6d9b-4f55-a3cd-0053fb2cbb62,not_disclosed,male,no,46-55,christian,rwandan,n/a
640b4521-07af-4b57-8299-0864b211d407,not_disclosed,male,no,18-25,christian,rwandan,n/a
02a69798-0e3a-4856-b549-f4339e76a144,not_disclosed,male,yes,26-35,christian,rwandan,n/a
b2911f52-171a-4f14-bf31-bfd041841e98,not_disclosed,female,no,36-45,christian,rwandan,n/a
63b74412-895f-4d70-a86b-aee1ed5121b6,not_disclosed,male,yes,66+,christian,rwandan,n/a
2e0387f6-167a-4430-957d-37d39fc2812e,not_disclosed,male,yes,18-25,christian,rwandan,n/a
a36abe32-4b0e-43c4-9022-611242509a3b,not_disclosed,male,no,46-55,christian,rwandan,n/a
263b22b4-4d08-46cf-9bfe-3e74ebdb1acc,not_disclosed,male,no,46-55,muslim,rwandan,n/a
5c9ae486-5797-4aff-840e-611e0a2f31f7,not_disclosed,male,no,36-45,christian,rwandan,n/a
0a2f5387-5fb2-4d97-afa0-ed7027d0b2f6,not_disclosed,female,no,36-45,christian,rwandan,n/a
f301fe4c-0b6b-4f01-a769-60680d28e3f1,not_disclosed,male,no,46-55,christian,rwandan,n/a
f2781abe-4826-49ce-b4b4-bc6aa3598539,not_disclosed,male,yes,26-35,christian,rwandan,n/a
56ae2928-b1d0-4412-bcf3-59fc441e93fc,not_disclosed,female,yes,56-65,christian,rwandan,n/a
1f64b322-e58a-43a9-84df-2dd27fd4054a,not_disclosed,male,no,66+,christian,rwandan,n/a
d4b2cba3-7476-422b-8107-b27026e1cbf7,not_disclosed,female,no,26-35,christian,rwandan,n/a
9dfad7ae-d672-4791-a5d3-f0a47baa4e4d,not_disclosed,female,no,66+,christian,rwandan,n/a
a3d5edcf-379a-45e6-8b1c-4cd30ad974e4,not_disclosed,male,no,56-65,none,rwandan,n/a
b706a371-9073-4c55-9795-57d00c67d520,not_disclosed,male,yes,36-45,muslim,rwandan,n/a
ef540a1d-57bb-46c8-b1bf-aea504cbc7a4,not_disclosed,male,no,66+,christian,rwandan,n/a
12eb1a80-c6de-4121-86a9-4a3e27ab2e07,not_disclosed,female,no,66+,muslim,rwandan,n/a
4526d03b-4ab7-46e2-9ea4-e55dc60f4ab8,not_disclosed,male,no,46-55,christian,rwandan,n/a
072b43de-b770-4cb9-8a50-8e15d15b8630,not_disclosed,male,no,26-35,christian,rwandan,n/a
45c4c36d-8a6b-4f74-92a0-77507f1d73ab,not_disclosed,male,no,66+,christian,rwandan,n/a
0c36a2da-f57e-4147-8103-3fd792c8ffdd,not_disclosed,male,no,36-45,christian,rwandan,n/a
efda542e-4732-4578-927e-4b4598018648,not_disclosed,male,no,26-35,christian,rwandan,n/a
db4f85bf-45a1-4b79-8ee3-d972a8dc4a6c,not_disclosed,female,no,26-35,christian,rwandan,n/a
d07b51b5-a7cf-4008-aca8-5539a43c6d9d,not_disclosed,male,no,56-65,none,rwandan,n/a
0a0bef63-c07c-44c3-aebd-a0745402e8f5,not_disclosed,male,no,18-25,christian,rwandan,n/a
127c546c-5d91-4950-bd22-51a3379f5e4b,not_disclosed,male,no,36-45,christian,rwandan,n/a
b81f6924-8b7a-48eb-9345-4bda1afdfe6c,not_disclosed,female,no,56-65,muslim,rwandan,n/a
c5b2e3af-3078-464c-86c2-7dd58c6acf64,not_disclosed,female,no,36-45,christian,rwandan,n/a
9914b49e-29ef-42d4-bdd3-3613b2c7e688,not_disclosed,male,no,46-55,christian,rwandan,n/a
daa971c4-2996-4aae-8ec3-e7ce186b3017,not_disclosed,male,no,46-55,christian,other,n/a
0081db19-caa1-4c41-b600-22903a67db05,not_disclosed,male,no,36-45,christian,rwandan,n/a
f0640d5a-e87c-4997-987c-93519bf4b4ad,not_disclosed,male,no,46-55,christian,rwandan,n/a
27258e34-81be-4fdd-a494-bfd5318ce2de,not_disclosed,male,no,26-35,christian,rwandan,n/a
ba9c9c00-8253-4b2c-84f2-c2b3f1af7ea7,not_disclosed,male,no,26-35,christian,rwandan,n/a
ccc8337f-5d33-43a1-9958-59bb01f2ff94,not_disclosed,male,no,56-65,other,rwandan,n/a
2fe7bc31-e4b4-4064-9e56-e6c7e7db29d6,not_disclosed,male,no,66+,christian,rwandan,n/a
b2a7f1b3-16f6-49ec-a40d-a4b13a939e8a,not_disclosed,female,no,26-35,christian,rwandan,n/a
d3bcaca1-d459-4969-b794-59818bfda2a5,not_disclosed,male,no,46-55,christian,rwandan,n/a
da83a181-d733-4abc-86e9-0e5a3ea02f8a,not_disclosed,male,no,46-55,christian,rwandan,n/a
6df4a79b-f9d8-40ff-83e7-a37ac0ac348d,not_disclosed,female,no,66+,christian,rwandan,n/a
5eb499b2-4494-4327-8648-df5df9ed78f7,not_disclosed,female,no,36-45,muslim,rwandan,n/a
4aadd676-67a8-49f5-bb80-519b1432693c,not_disclosed,male,no,46-55,christian,rwandan,n/a
82a8fa63-3841-48e7-b550-0ce1851fbbc2,not_disclosed,male,no,36-45,christian,rwandan,n/a
dded44b4-d832-4956-ab2a-98ed145d027a,not_disclosed,male,no,36-45,christian,rwandan,n/a
72167c91-119d-479c-b63f-4fef6aae3e7e,not_disclosed,female,no,26-35,christian,rwandan,n/a
4d2df02a-65b5-4311-9034-c3232c91815c,not_disclosed,male,no,36-45,christian,rwandan,n/a
fa64e171-e713-4956-b774-ff9146196869,not_disclosed,male,no,56-65,christian,rwandan,n/a
c8eedbef-9897-43e1-943d-c33cdd9c3001,not_disclosed,female,no,26-35,christian,rwandan,n/a
517e6cf3-a412-4cef-9546-aedd89264a7d,not_disclosed,female,no,56-65,christian,rwandan,n/a
3d5acc19-4ba8-4637-93b5-c9076717ea27,not_disclosed,male,yes,56-65,christian,rwandan,n/a
7ee8549e-0273-4094-842c-de25da28dd5c,not_disclosed,male,no,66+,christian,rwandan,n/a
6a321503-9685-4f40-900c-4c8709dec88d,not_disclosed,male,no,18-25,christian,rwandan,n/a
62ff428e-e425-4fa4-95c3-75854d84f7fa,not_disclosed,male,yes,66+,christian,rwandan,n/a
976bf588-1a12-468b-adb8-ffe50d744758,not_disclosed,male,no,56-65,christian,rwandan,n/a
177953ec-2b80-43b9-8c22-91218013662b,not_disclosed,female,no,46-55,christian,rwandan,n/a
a67a971f-96c6-4e03-a887-4f8a2510c96f,not_disclosed,female,no,66+,christian,rwandan,n/a
3505a92b-d40b-4833-a3bf-d3169e811d7d,not_disclosed,male,no,26-35,christian,rwandan,n/a
0aaeaeef-36b3-4454-8148-c91be09b0291,not_disclosed,male,yes,46-55,other,rwandan,n/a
db04b871-d6b2-42fa-b3d6-14aa9ae4ec67,not_disclosed,male,no,36-45,christian,rwandan,n/a
77b050f3-f5a1-4c7e-8fc3-2772d5a87f59,not_disclosed,female,no,46-55,christian,rwandan,n/a
33e04e40-96c3-4094-8c55-572631decd7f,not_disclosed,female,no,18-25,other,rwandan,n/a
df240ee9-5af1-4466-b866-4dde6e2df790,not_disclosed,female,no,66+,christian,rwandan,n/a
8999862e-4fc1-4a66-8a6b-bcde657ed1d9,not_disclosed,male,no,56-65,christian,rwandan,n/a
8e3aea17-d526-4ee5-a53d-b0cde790b7a9,not_disclosed,male,no,18-25,christian,rwandan,n/a
ea97f5f6-7702-4ff1-aa7d-4e20c5de2dd2,not_disclosed,male,no,36-45,christian,rwandan,n/a
6a87a02a-04d9-4c46-8d06-cdab8e976362,not_disclosed,male,no,36-45,christian,rwandan,n/a
7106f3b2-826c-461a-98c6-58a1cf5ea6a4,not_disclosed,male,no,66+,christian,rwandan,n/a
49a68b92-5307-4105-a185-fc3be029aab7,not_disclosed,female,no,56-65,christian,rwandan,n/a
1227105f-4e6b-4cc1-b813-c55928ea375b,not_disclosed,male,yes,46-55,christian,rwandan,n/a
3d8b7305-8899-4778-98d5-56744747b3f2,not_disclosed,female,no,36-45,christian,rwandan,n/a
740a6608-063a-4e38-814b-856bc058f70d,not_disclosed,male,no,36-45,christian,rwandan,n/a
14a7cd27-028c-4295-aecc-3624eda6dcb0,not_disclosed,female,no,26-35,christian,rwandan,n/a
9e4ea908-c8b4-4c58-9fcc-8ee8dfca3304,not_disclosed,female,no,26-35,muslim,rwandan,n/a
f18a4ca3-38f7-4c16-85f8-0650f40526b8,not_disclosed,female,no,26-35,muslim,rwandan,n/a
46f53d00-c51c-4998-bd82-d44bab158487,not_disclosed,male,no,26-35,christian,rwandan,n/a
a7eaaa5a-38fb-4a1d-838e-56ad88a96d27,not_disclosed,female,no,46-55,none,rwandan,n/a
48d9c994-53e4-4dff-9bc8-a33b540d175b,not_disclosed,male,no,36-45,christian,rwandan,n/a
fe2bc7d7-79d3-4a67-bb5e-1325c9e3afaa,not_disclosed,male,no,56-65,christian,rwandan,n/a
bbb380cd-4c94-43a5-b53a-6249d99ae7db,not_disclosed,male,no,18-25,christian,rwandan,n/a
341e604a-c2b5-4f27-9e18-8cf2d09fe7e2,not_disclosed,male,no,66+,christian,rwandan,n/a
2d1dd432-2c47-4044-a6fa-e0ab6bf7cbb0,not_disclosed,male,no,26-35,christian,rwandan,n/a
a068d121-785f-4ba0-97af-85d8b1e5b563,not_disclosed,male,no,36-45,christian,rwandan,n/a
75e2482e-860f-4ab6-995f-8fb387faceb9,not_disclosed,male,no,66+,christian,rwandan,n/a
45f09930-2cfa-4546-ac65-207c2c30eff7,not_disclosed,male,no,36-45,christian,rwandan,n/a
716836ba-8704-4a4c-a5ab-d32157f28027,not_disclosed,male,no,26-35,christian,rwandan,n/a
869641dc-a7e2-42a5-9160-307b2d2893d5,not_disclosed,male,no,26-35,christian,rwandan,n/a
c8ba79c7-6701-43a8-8b9e-9b9c10a1cb98,not_disclosed,male,no,66+,other,rwandan,n/a
87614a68-ef40-4364-9af8-6ef1f4b45501,not_disclosed,female,no,66+,christian,rwandan,n/a
8bd9bf83-382e-497c-aea4-f4f406b8d192,not_disclosed,male,no,18-25,christian,rwandan,n/a
45f7802a-ca71-42f2-853c-54529659df88,not_disclosed,male,no,36-45,christian,rwandan,n/a
b3c55d15-d95e-40ac-aee8-b733cebdeec2,not_disclosed,male,no,26-35,christian,rwandan,n/a
9139b3ca-7323-435e-a7d0-5a9e0b674fc2,not_disclosed,female,no,46-55,christian,rwandan,n/a
e54dc9a7-2d65-46a7-8b1d-7b5716949d61,not_disclosed,male,no,26-35,christian,rwandan,n/a
ad64784e-1014-4e2e-ab87-7dc90c79aac0,not_disclosed,male,no,66+,christian,rwandan,n/a
4ce45f06-3198-43a3-a8ce-d6f7f47c5b78,not_disclosed,male,no,26-35,christian,rwandan,n/a
200dba1d-5a4a-4e84-9a5c-f31f3c671817,not_disclosed,male,no,26-35,christian,rwandan,n/a
1632ba35-6a2f-4c17-adf0-b17c2dbcbdda,not_disclosed,male,no,36-45,other,rwandan,n/a
2ab7d053-102d-43c6-9b25-1e36be4c9979,not_disclosed,male,no,66+,christian,rwandan,n/a
a292ed51-084b-49c1-b3d3-0c8c9d279bfd,not_disclosed,female,no,46-55,christian,rwandan,n/a
b44a3f7a-c3b9-41bb-b587-47dbac4ef4fc,not_disclosed,male,no,26-35,christian,rwandan,n/a
fe574bc1-1ea1-4507-b9ea-e2ed2bb3917b,not_disclosed,male,yes,46-55,christian,rwandan,n/a
6a16839b-3585-4282-900d-aea9555b0f45,not_disclosed,male,no,36-45,christian,rwandan,n/a
a1129ac5-4f7a-4e93-8577-b48a123a7b28,not_disclosed,female,no,56-65,christian,rwandan,n/a
0ab24adc-7c48-453f-845b-877e55f73f1a,not_disclosed,male,no,26-35,christian,rwandan,n/a
f452def6-d692-4feb-89f6-61a9e5dfd2e2,not_disclosed,male,no,26-35,christian,rwandan,n/a
85e30c59-4482-416e-8ee4-64d78a44c503,not_disclosed,male,no,46-55,christian,rwandan,n/a
bd95e830-cff5-45c9-98b3-9cfd3bc744cd,not_disclosed,male,no,36-45,christian,rwandan,n/a
706a5e23-23c7-4a98-b4f9-3095e5130e96,not_disclosed,male,yes,36-45,christian,rwandan,n/a
8299b629-3deb-4da4-bd2b-cb9a05af2d38,not_disclosed,female,no,36-45,christian,rwandan,n/a
da44c51b-d6d1-47d7-a8d1-6b3d1e32389e,not_disclosed,male,no,66+,christian,rwandan,n/a
b5e23556-c238-41e2-8930-43ef11624c18,not_disclosed,female,no,26-35,christian,rwandan,n/a
f837dce0-31b2-4dce-b833-20ce161f18b6,not_disclosed,male,no,36-45,christian,rwandan,n/a
c695cf37-3c38-4255-8a5e-299e4f8aa1c3,not_disclosed,male,no,26-35,other,rwandan,n/a
9b91e779-edb2-4db9-9313-5c848b189893,not_disclosed,male,no,26-35,christian,rwandan,n/a
fb02273c-a208-4d5e-9811-87160c4c91f8,not_disclosed,female,no,66+,muslim,rwandan,n/a
1f843bff-f1c2-4dfa-af71-5826b2506945,not_disclosed,female,no,36-45,christian,rwandan,n/a
296e1f60-5c06-4404-b31c-aa1fdb9c03db,not_disclosed,male,no,56-65,christian,rwandan,n/a
9bffdfdf-fd1b-4d20-9ccc-8830c153358e,not_disclosed,male,no,18-25,christian,rwandan,n/a
65f2bed5-0fe5-4aea-92cd-ec0466abd280,not_disclosed,male,no,56-65,christian,rwandan,n/a
97e2d5d3-f7ea-4ead-bf92-4eb307ceea39,not_disclosed,female,no,26-35,christian,rwandan,n/a
dccf1093-45ff-433e-b7b7-8c9b72cbbeb7,not_disclosed,male,no,46-55,christian,rwandan,n/a
3be8e83a-999f-4512-98d5-bfb06b6da591,not_disclosed,female,no,46-55,christian,rwandan,n/a
30bf1897-8fce-4ef4-af44-b1421ca63c11,not_disclosed,male,no,26-35,christian,rwandan,n/a
446f5105-1804-46d8-aa93-9067c21d9f39,not_disclosed,male,no,18-25,christian,rwandan,n/a
ff13be41-3b7e-4ca0-876a-8fa6f7f12fd7,not_disclosed,female,no,18-25,christian,rwandan,n/a
76eef5d0-880f-4712-aac4-f41e5d8901d7,not_disclosed,female,no,26-35,christian,rwandan,n/a
fc311814-150e-462c-9843-62fac675e194,not_disclosed,male,no,46-55,christian,rwandan,n/a
05de41c9-a363-4b1a-920f-5627a75e0033,not_disclosed,female,no,26-35,christian,rwandan,n/a
c210892b-ddc9-4125-8ffa-3c7985c7f13c,not_disclosed,male,no,36-45,christian,rwandan,n/a
e561424a-2e9c-4dc7-8a4c-2428862bfb87,not_disclosed,female,no,26-35,christian,rwandan,n/a
1a1f5e0e-8a14-4b0f-98c6-dce6e69dd85b,not_disclosed,male,no,18-25,christian,rwandan,n/a
a1bb36f8-9894-47d5-8501-ce9799b13e1d,not_disclosed,male,no,46-55,christian,rwandan,n/a
5436452c-831c-4be5-972a-19333dbc15df,not_disclosed,male,yes,26-35,christian,rwandan,n/a
bf695e39-6bba-4d44-82da-1e4972d671ef,not_disclosed,male,no,26-35,muslim,rwandan,n/a
26f7c881-bb03-4bff-8300-d493de1a15f9,not_disclosed,male,no,66+,muslim,rwandan,n/a
1ac11210-93ac-4f3f-a6eb-87ba21fc8001,not_disclosed,female,no,26-35,christian,rwandan,n/a
d81de48a-2fb4-4ccf-a40f-bbd7484f2fe9,not_disclosed,female,no,36-45,christian,rwandan,n/a
02803886-71cc-4872-8b1e-6bf24ddafa7d,not_disclosed,male,no,56-65,christian,rwandan,n/a
68b113bd-5537-4971-9a80-098d293fce63,not_disclosed,female,no,56-65,christian,rwandan,n/a
4b7dc41c-b987-4941-955f-92ec74b97f19,not_disclosed,male,no,18-25,christian,rwandan,n/a
a5c2a2d4-5df2-465b-80ad-a6767912055f,not_disclosed,male,no,26-35,christian,rwandan,n/a
de36bbf7-4ec4-4b63-ab23-1940b46c29d4,not_disclosed,male,no,26-35,other,rwandan,n/a
2c2710c4-d348-4c4d-884a-4d419d4d090a,not_disclosed,male,no,36-45,christian,rwandan,n/a
2a555be6-c653-4fb6-be37-e60274cbe446,not_disclosed,male,no,56-65,christian,rwandan,n/a
86938ac7-dea5-4ac0-a29c-260266017975,not_disclosed,male,no,36-45,christian,rwandan,n/a
5f6cb4a5-f0bb-4b45-9d34-416fe0273945,not_disclosed,male,no,56-65,christian,rwandan,n/a
7e1ca03c-e079-4bee-89c1-5fe45f971802,not_disclosed,male,no,66+,christian,rwandan,n/a
e809ca6b-eb01-47e0-9344-9a95c8792260,not_disclosed,male,no,36-45,christian,rwandan,n/a
01000e4d-b85d-4f62-9e98-5096ff9738dc,not_disclosed,female,no,46-55,christian,rwandan,n/a
17bcf563-b22b-494c-a181-0b423bc7d2d2,not_disclosed,female,no,46-55,christian,rwandan,n/a
1c0d3e2e-86f5-473d-9684-3a272ada63f3,not_disclosed,male,no,26-35,christian,rwandan,n/a
1db779af-59ff-43d0-a09d-19b422a5eb63,not_disclosed,male,no,36-45,christian,rwandan,n/a
32c57bf6-a90f-4766-a819-23e556069095,not_disclosed,female,no,46-55,christian,rwandan,n/a
fe2b2678-aa40-4caa-9535-e78efd0b8540,not_disclosed,female,no,66+,christian,rwandan,n/a
74d69daa-0c9f-43d0-a9cd-3dd8ab304b5c,not_disclosed,male,no,36-45,christian,rwandan,n/a
cb290039-b5ce-4aa9-89ef-64fecf582afd,not_disclosed,male,no,46-55,christian,rwandan,n/a
b0f7e06c-6f66-44ca-80cc-ec5055cc4dc1,not_disclosed,male,no,56-65,christian,rwandan,n/a
36377516-98ae-429c-8105-6b40740c9312,not_disclosed,male,no,36-45,christian,rwandan,n/a
706b3ef7-bbae-4b0e-890d-9df0cf35f1c7,not_disclosed,male,no,26-35,christian,rwandan,n/a
8a83de84-a7e5-493c-9239-3c7f3d5ed3e6,not_disclosed,male,no,26-35,christian,rwandan,n/a
709c35ed-b170-47df-a2f3-a707ab773409,not_disclosed,male,no,36-45,christian,rwandan,n/a
3cc739ed-c1a4-4593-9e3f-6f8514cf40a5,not_disclosed,male,no,46-55,none,rwandan,n/a
6e21c62b-fb22-4ffb-89bc-34c0ff376947,not_disclosed,male,no,46-55,christian,rwandan,n/a
fb079232-db71-40f9-94b1-0b49c3d9ed1a,not_disclosed,female,no,26-35,christian,rwandan,n/a
794e09f0-d6b6-45d4-878d-2ac4fe216225,not_disclosed,male,no,46-55,christian,rwandan,n/a
5d1bfd37-c5c7-46e1-8a48-3441c9e767f2,not_disclosed,male,no,66+,christian,rwandan,n/a
dba6f774-dba4-4ef7-9353-2ae26c5b8ca0,not_disclosed,male,no,26-35,christian,rwandan,n/a
98806693-9d6a-4cfb-867f-e56daed5719a,not_disclosed,male,no,56-65,other,rwandan,n/a
fcf631d3-c4f8-4f71-b0be-7eafc389c76e,not_disclosed,female,no,56-65,christian,rwandan,n/a
efe0570a-52c1-4e41-bddf-8224fcbfc21f,not_disclosed,male,no,66+,christian,rwandan,n/a
2a3c7681-b7f2-4898-a657-f6b05cdce1f3,not_disclosed,male,no,18-25,none,rwandan,n/a
96f8d831-06d8-4c45-887b-91e183ece50f,not_disclosed,male,no,66+,christian,rwandan,n/a
069bd3b4-47fa-4e98-99c1-28c2567c4817,not_disclosed,male,no,56-65,christian,rwandan,n/a
c82cd7e2-b0f1-40e1-ada3-fb33bd129dd6,not_disclosed,female,no,36-45,christian,rwandan,n/a
7c32a0ff-5443-4f0f-b9e4-a0de8543c23d,not_disclosed,male,no,36-45,christian,rwandan,n/a
ddefaed3-634a-4702-b001-d6e8726b51af,not_disclosed,male,no,46-55,christian,rwandan,n/a
c3d7a0e5-6842-4b8b-9aa1-afa8fa6187ce,not_disclosed,male,no,18-25,other,rwandan,n/a
479e9942-c259-414a-8004-a1989a5097b0,not_disclosed,male,no,26-35,christian,rwandan,n/a
8ad62a1d-e0f2-4969-b086-d486efef54aa,not_disclosed,male,yes,18-25,christian,other,n/a
d8944e45-1f0c-47a3-94fa-50c0f3ab9c98,not_disclosed,female,yes,36-45,christian,rwandan,n/a
3903ad9f-8791-4a01-86aa-42322538e0fb,not_disclosed,female,no,26-35,christian,rwandan,n/a
da1d1c42-840f-4b43-9835-a50b635d946d,not_disclosed,male,no,46-55,christian,rwandan,n/a
e66f81fc-e9ad-41fb-87d7-61993a2b7859,not_disclosed,male,no,26-35,christian,rwandan,n/a
d90dfe51-744b-4e78-8de7-961c3ac03dd3,not_disclosed,male,no,56-65,christian,rwandan,n/a
4d1a5f4e-a256-4db8-be20-da83e7204c13,not_disclosed,male,no,26-35,christian,rwandan,n/a
3ad151a6-0690-4128-85a9-6725a1725a70,not_disclosed,male,yes,18-25,christian,rwandan,n/a
189634c7-e62d-44b1-8c10-2355457908cd,not_disclosed,male,no,36-45,christian,rwandan,n/a
8a961cd4-d29a-4c3d-8a74-0c491c506047,not_disclosed,male,no,46-55,christian,rwandan,n/a
b955f9c1-a8f4-4105-8c7b-87d99e3eec85,not_disclosed,male,no,46-55,christian,rwandan,n/a
071f3ceb-0fd4-4d84-98b4-48ec8f651aa8,not_disclosed,male,no,36-45,christian,rwandan,n/a
04b6489c-d698-42ff-b2a4-e9389c8f1da6,not_disclosed,female,no,46-55,christian,rwandan,n/a
741691fb-79a9-41a2-a4c3-5dbbc958f4a4,not_disclosed,female,no,36-45,christian,rwandan,n/a
1f097354-93db-462e-bd94-f4a869266912,not_disclosed,male,no,56-65,christian,rwandan,n/a
a0ba570a-8b3a-4b06-b804-39fe5df816da,not_disclosed,male,no,26-35,christian,rwandan,n/a
d22e9ccc-7133-4e10-b145-390541998683,not_disclosed,male,no,46-55,christian,rwandan,n/a
9e27f73d-ff5c-4c0b-afc7-c1561999fee6,not_disclosed,female,no,46-55,christian,rwandan,n/a
4c2a8a51-8e8a-48c0-97c6-9da3a9e79d42,not_disclosed,male,yes,46-55,christian,rwandan,n/a
fb9677b2-c7d8-4fc8-99ed-c368292fce80,not_disclosed,male,no,56-65,none,rwandan,n/a
5b2ca712-e730-41e8-927a-fd590d772fa6,not_disclosed,male,no,26-35,christian,rwandan,n/a
a890b822-b9ef-4cbf-9aa2-e7bd92550fcc,not_disclosed,male,no,26-35,christian,rwandan,n/a
0cffe060-cd78-4abe-a6d3-1706c14e0572,not_disclosed,male,no,46-55,christian,rwandan,n/a
0a9fd23b-7272-4dc4-8da1-ea6c614521cf,not_disclosed,female,yes,36-45,christian,rwandan,n/a
be3f5a05-4c45-4de9-ace5-4b9fbda62d22,not_disclosed,male,no,26-35,christian,rwandan,n/a
5cfecaef-61a1-40a5-a458-95a6e1da2f0a,not_disclosed,female,no,36-45,christian,rwandan,n/a
33464f78-13c6-4c77-bf47-07fcfec56239,not_disclosed,male,no,26-35,christian,rwandan,n/a
4a9688c4-9e7e-475b-bbe9-836910a62668,not_disclosed,female,no,56-65,none,rwandan,n/a
85bed4c0-0ef2-43bd-8d61-9fa46be15d14,not_disclosed,female,no,18-25,christian,other,n/a
85c767fe-a3b9-4874-9320-6b73283e8f15,not_disclosed,male,no,66+,christian,rwandan,n/a
b1291be3-a063-45e3-9964-962824252976,not_disclosed,male,no,56-65,christian,rwandan,n/a
9c035846-1a09-4e14-891f-4162bf017013,not_disclosed,female,no,26-35,christian,rwandan,n/a
8019eade-3209-443f-a3fa-4bc64ed9741b,not_disclosed,male,no,26-35,christian,rwandan,n/a
b53acc15-c3da-4cd4-a16f-3162229ee561,not_disclosed,female,no,26-35,christian,rwandan,n/a
b6ff2d9f-64d8-4d6d-a1fd-158b861d982b,not_disclosed,male,no,56-65,christian,rwandan,n/a
7e085323-eeba-44ea-9fe4-7a0600906606,not_disclosed,male,no,56-65,christian,rwandan,n/a
b41c7d48-6713-4d48-a166-c56654773724,not_disclosed,female,no,46-55,christian,rwandan,n/a
77686d37-d3d5-4a9b-bafe-151ad00bc69e,not_disclosed,male,no,26-35,christian,rwandan,n/a
f1a8b1a9-964f-48aa-a30b-0fd946468002,not_disclosed,male,no,26-35,christian,rwandan,n/a
00a23abe-5666-4100-8b78-94776586c647,not_disclosed,male,no,26-35,christian,rwandan,n/a
c3cf7fab-f971-4199-b3d3-dbeee558d4b4,not_disclosed,male,yes,56-65,christian,rwandan,n/a
a6ae310b-b9ab-4485-a250-2c4d03497dec,not_disclosed,male,no,56-65,christian,rwandan,n/a
fea7e591-dce8-4014-aead-e746e842c1ab,not_disclosed,male,no,26-35,christian,rwandan,n/a
463ce8ff-49f5-45c0-963a-ddae5fde7faa,not_disclosed,male,no,18-25,christian,rwandan,n/a
9e100f2c-ab4e-4857-8bfb-46736e1a8b05,not_disclosed,female,no,66+,christian,rwandan,n/a
cb102a20-313b-43c8-9928-c76a4f7403b9,not_disclosed,male,no,66+,christian,rwandan,n/a
0f41c1f0-b023-485d-92f8-c09c6fd4a5eb,not_disclosed,female,yes,56-65,christian,rwandan,n/a
09eeb2cd-9a16-42d3-a418-a19d5a37cd84,not_disclosed,male,no,36-45,christian,rwandan,n/a
9a65a516-1f99-4e9e-88f1-b365955915f7,not_disclosed,male,no,18-25,christian,rwandan,n/a
f1ec1c1f-f666-439d-a819-d37775d02938,not_disclosed,male,no,26-35,christian,rwandan,n/a
c24a9250-2b0c-488b-9ef5-bcbadd3e7ff9,not_disclosed,male,no,66+,christian,other,n/a
6c4614bf-b83f-4e00-baaf-44bd2738d9cf,not_disclosed,male,no,66+,christian,rwandan,n/a
bcfa7265-d840-457f-b0b7-747e17c86eb9,not_disclosed,female,no,18-25,christian,rwandan,n/a
73356162-9871-4e82-aeb5-0e7c7024b1e3,not_disclosed,male,no,46-55,other,rwandan,n/a
7fec68f2-035a-4a34-95d8-6401b2c0aefe,not_disclosed,female,no,26-35,christian,rwandan,n/a
b2a81e46-e702-4e0a-b2fa-a85e488dc038,not_disclosed,male,no,56-65,christian,rwandan,n/a
f203ffa7-c0ca-41ec-a411-2ecb4d07b2fc,not_disclosed,male,no,46-55,christian,rwandan,n/a
1ec7c9aa-fea3-46d3-99f5-6061a461888a,not_disclosed,male,no,26-35,other,rwandan,n/a
f3bc2afb-656d-4042-a9b9-6378ba5b1b9d,not_disclosed,male,no,26-35,christian,rwandan,n/a
fcddf31b-a71c-46db-ae14-b4c0c3c30076,not_disclosed,male,yes,46-55,muslim,rwandan,n/a
4ba279f0-e732-4272-a080-05db6495390e,not_disclosed,female,no,46-55,christian,rwandan,n/a
a051f60b-7ea1-4430-bc96-33e3b0694562,not_disclosed,male,no,46-55,christian,rwandan,n/a
f23bf9c0-575b-41cf-9a1c-3fce41a1b2d2,not_disclosed,male,no,46-55,christian,rwandan,n/a
7ae4a9a8-c76e-4798-ac86-b7b8350e8ef7,not_disclosed,male,no,46-55,christian,rwandan,n/a
bf42a8b1-4f20-4384-91d7-485dabb652f1,not_disclosed,male,no,56-65,christian,rwandan,n/a
19b22fde-52dd-430d-893d-c11f3d08f204,not_disclosed,male,no,36-45,christian,rwandan,n/a
5d070769-ded0-4cf0-b7bb-edbf9c6d6953,not_disclosed,female,no,46-55,christian,rwandan,n/a
6f1837e1-7633-43ed-a19c-7f70faea923c,not_disclosed,female,no,46-55,christian,rwandan,n/a
39c0a211-a178-42ca-9a13-f2f13e7f9fcb,not_disclosed,male,no,26-35,other,rwandan,n/a
a48fdc7e-c879-47c3-b24f-5617ae654e99,not_disclosed,male,no,36-45,muslim,rwandan,n/a
c47ec71b-a982-41ca-951a-9ccf37d2756c,not_disclosed,male,no,36-45,muslim,rwandan,n/a
922c73a4-3ba9-45ce-97fd-3b41c6559bc4,not_disclosed,male,no,26-35,christian,rwandan,n/a
78098a9e-3ff0-405c-a7e2-3111a8364d43,not_disclosed,male,no,26-35,christian,rwandan,n/a
9b429d9a-b27d-449f-88de-6520e311db20,not_disclosed,male,no,36-45,christian,rwandan,n/a
e5221a60-3348-4b33-b0d3-e3e00389bbb5,not_disclosed,male,no,26-35,christian,rwandan,n/a
8cf50098-016a-43e2-8790-23ac2c355a7b,not_disclosed,female,no,36-45,christian,rwandan,n/a
ebfbdb2e-094e-4734-99a3-fb7e38073cf1,not_disclosed,female,no,36-45,christian,rwandan,n/a
0f8eb1bc-7707-4c46-ad3f-91be3dcf18f9,not_disclosed,male,no,26-35,christian,other,n/a
03952c4f-2f9e-469f-8996-bcef179696c4,not_disclosed,male,no,66+,christian,rwandan,n/a
dfe8d515-4410-4714-8a0b-8271e9a91c4e,not_disclosed,male,no,46-55,christian,rwandan,n/a
87223a5a-af5c-4c46-af5c-13b2bb30f76a,not_disclosed,male,no,56-65,none,rwandan,n/a
40d9614a-b254-4417-88a6-0bc747bf5d2b,not_disclosed,female,yes,36-45,christian,rwandan,n/a
e3e6e93d-161b-4ed5-976f-b5c50b20cc65,not_disclosed,female,no,46-55,christian,rwandan,n/a
aed126f8-5237-4ace-88ef-69ad68944bdf,not_disclosed,male,no,36-45,christian,rwandan,n/a
c23992fd-fe2a-4a8d-9435-e1547eda8ae5,not_disclosed,female,yes,56-65,christian,rwandan,n/a
3964e76c-6e02-475e-81bd-599df76703a1,not_disclosed,male,no,36-45,christian,rwandan,n/a
084fdd38-da49-48e4-a74d-8b9b982f39ef,not_disclosed,male,no,46-55,christian,rwandan,n/a
cc1a758e-c0bc-4faf-9bf2-8d9ad3686b36,not_disclosed,female,no,36-45,christian,rwandan,n/a
83cd35f9-adcd-4c42-9bc0-e41ef5adf5a6,not_disclosed,male,no,46-55,christian,rwandan,n/a
912c5c19-d6bb-4d51-8a9e-1b36db74fc22,not_disclosed,male,no,26-35,christian,rwandan,n/a
d8010adc-c606-4520-9198-01bc2f32cf13,not_disclosed,female,no,26-35,none,rwandan,n/a
9746ccf7-6ddf-4364-9230-4c7e3a464198,not_disclosed,male,no,26-35,christian,rwandan,n/a
c0134545-8c9a-4403-af1e-6d484fc06ba3,not_disclosed,female,no,66+,christian,rwandan,n/a
3be9b0ab-3db6-4cb3-9221-7a0bfead0f1d,not_disclosed,male,no,36-45,christian,other,n/a
1167c2ae-3556-44ae-aeae-35a30aef233c,not_disclosed,male,no,56-65,christian,rwandan,n/a
f26f79c9-1d22-4d46-b608-71be3ba56c7f,not_disclosed,male,no,26-35,christian,rwandan,n/a
9bd6167e-9acc-4678-a1a4-e2e23dea279e,not_disclosed,female,no,26-35,christian,rwandan,n/a
fe65619d-91e0-42e2-bd44-f0e20e08e360,not_disclosed,male,no,66+,christian,rwandan,n/a
ba74ed09-20f4-4b45-9b90-1b7034fd3049,not_disclosed,male,no,46-55,christian,rwandan,n/a
6af3cb65-ed14-4684-9d86-28da1e19f7ba,not_disclosed,male,no,36-45,christian,rwandan,n/a
0cb15586-c1d5-4d40-9876-8445f3ff8d3b,not_disclosed,male,no,36-45,christian,rwandan,n/a
50293cfd-ad7d-4242-895e-8062fabec6a5,not_disclosed,female,no,56-65,christian,rwandan,n/a
be34951f-2bb7-4347-8282-f80f29f1f00a,not_disclosed,male,no,26-35,christian,rwandan,n/a
190022cc-56e2-4d2b-8a5f-44a4d09c493e,not_disclosed,female,no,36-45,christian,rwandan,n/a
89ec64b9-5845-4bf3-924e-05efafe397ff,not_disclosed,male,no,46-55,christian,rwandan,n/a
bea00d81-0dc5-47b8-8d2d-261c1ed194ee,not_disclosed,female,no,26-35,christian,rwandan,n/a
d182aad5-f91f-4158-be23-7b5f623f2fec,not_disclosed,male,yes,26-35,none,rwandan,n/a
dca98170-09aa-48ee-a030-bb85571704a8,not_disclosed,male,no,46-55,christian,rwandan,n/a
ce193f45-2a25-4eb2-9d5b-0a63684afe07,not_disclosed,male,no,36-45,christian,rwandan,n/a
8876da9b-cff4-4c1f-b5d6-4580b1678b23,not_disclosed,male,no,46-55,christian,rwandan,n/a
e1456b6d-2486-4aab-bf28-733df5b2e32a,not_disclosed,female,no,26-35,other,rwandan,n/a
eb7d9acc-fdea-4073-9722-9acb8b41cdae,not_disclosed,female,no,46-55,christian,rwandan,n/a
bb58ed8b-5625-4aa2-840b-dc3a387bc76e,not_disclosed,male,no,18-25,christian,rwandan,n/a
deae3718-0341-4b7c-b750-5e95eb255279,not_disclosed,male,no,36-45,christian,rwandan,n/a
03d4dd46-b7d4-41c1-b31f-a2c8f5ba48c3,not_disclosed,male,no,36-45,christian,rwandan,n/a
cbf46920-6ef6-449a-bb5d-24aa5e879ef0,not_disclosed,female,no,18-25,christian,rwandan,n/a
201489d3-e311-49db-b8b2-9ca95fc465e8,not_disclosed,female,no,56-65,christian,rwandan,n/a
656ddc27-ff70-4a1c-9c44-62b2456e3752,not_disclosed,male,no,46-55,christian,rwandan,n/a
c0195687-5dcb-40f6-85b5-e5ee82ecd2fa,not_disclosed,female,no,46-55,christian,rwandan,n/a
ec3ef3bb-7bf0-43d2-9b74-8fbc16dfaa43,not_disclosed,male,no,46-55,christian,rwandan,n/a
e9f2c7b6-ef51-4400-a11b-eedcaac1f5a1,not_disclosed,female,no,46-55,christian,rwandan,n/a
309c489a-fe57-4e72-b863-ae4d4796b818,not_disclosed,male,no,26-35,christian,rwandan,n/a
f24bb6a6-69b3-46fb-8d88-4cb7d1db894e,not_disclosed,male,yes,36-45,christian,rwandan,n/a
898c8b49-9f74-41d7-98b8-512f9fcf3d47,not_disclosed,male,no,36-45,christian,rwandan,n/a
99c0bb63-5dac-4a84-a194-333e420a9805,not_disclosed,male,no,26-35,christian,rwandan,n/a
fd38d701-1fe3-4c45-90d9-30de5c70a563,not_disclosed,female,no,36-45,christian,rwandan,n/a
5ecc63f0-7587-4c2f-b360-d8a260261d54,not_disclosed,male,no,36-45,christian,rwandan,n/a
bee7f592-1bb1-48df-9462-56ad1c6a70ac,not_disclosed,male,no,36-45,christian,rwandan,n/a
97905245-d741-4e3d-97e6-b0caec35aa2f,not_disclosed,female,yes,26-35,christian,rwandan,n/a
5787e1b3-dd8f-4a30-b076-ad5ea937bda9,not_disclosed,female,no,36-45,christian,rwandan,n/a
563f82f0-6c6c-439c-b23f-438365599571,not_disclosed,female,no,46-55,christian,rwandan,n/a
fa1b7fc8-f187-4a99-a237-eec9ee1cb4f9,not_disclosed,female,no,46-55,christian,rwandan,n/a
df0138f3-e4e4-4ca9-868d-5745676f909d,not_disclosed,male,no,56-65,christian,rwandan,n/a
75afcb9e-4ba9-4f03-94d2-e6c77c2d124a,not_disclosed,male,no,26-35,christian,rwandan,n/a
83b29ca5-2a6d-43eb-9261-0416d7a931de,not_disclosed,female,no,36-45,christian,rwandan,n/a
36dcc9da-a33b-4a45-866e-ff9fbca723ee,not_disclosed,female,no,26-35,christian,rwandan,n/a
0c995d00-d514-4c98-99b3-2d87d9982c8b,not_disclosed,male,no,26-35,christian,rwandan,n/a
e0eebd79-4eb1-4a56-b2f7-6b35a9702a9e,not_disclosed,male,no,26-35,christian,rwandan,n/a
ed5e5dca-8b90-483b-9608-184038a59d56,not_disclosed,male,no,66+,christian,rwandan,n/a
6c922600-40b3-45b9-b8dc-e91ff9f20bde,not_disclosed,male,no,18-25,christian,rwandan,n/a
c528fb54-3c6b-436a-8cad-ca030f2043ff,not_disclosed,male,no,26-35,christian,rwandan,n/a
059851f1-fe99-48a4-8bd4-58a5c44ebed4,not_disclosed,male,yes,56-65,christian,rwandan,n/a
47e2b5c3-c96d-424b-ab6f-413aabbad0f9,not_disclosed,female,no,46-55,christian,rwandan,n/a
7951b151-1c9e-4e52-8fce-22cea35e920a,not_disclosed,male,no,56-65,christian,rwandan,n/a
04cf41f0-9e01-4507-856f-c81169f94f33,not_disclosed,female,no,46-55,none,rwandan,n/a
c93e06c3-3232-4b11-b12e-f82fe9a31a86,not_disclosed,male,no,66+,other,rwandan,n/a
470845db-0a85-4983-bb48-57d58e68088d,not_disclosed,male,no,36-45,christian,rwandan,n/a
8b7b893a-ed00-4d5e-9081-463909be4ca1,not_disclosed,male,no,26-35,christian,rwandan,n/a
d9f61f5e-9da2-4e4b-98f8-3bc9eecf3481,not_disclosed,male,no,46-55,christian,rwandan,n/a
c1b058ac-1578-4a72-a350-eb17f31a4ecc,not_disclosed,female,no,26-35,christian,rwandan,n/a
697a8310-49bd-46a7-98ff-04541c7d11fe,not_disclosed,male,no,66+,christian,rwandan,n/a
7cbe89d5-effa-41ea-b072-42a624337241,not_disclosed,male,no,26-35,christian,rwandan,n/a
1ed960af-ad5a-421a-9112-40f553cd70d4,not_disclosed,male,no,18-25,other,rwandan,n/a
39536b84-4817-4253-92cc-d54404d552b2,not_disclosed,male,no,36-45,christian,rwandan,n/a
ae4f9cf4-2b0b-4540-a33a-280fa5f7e55a,not_disclosed,male,no,26-35,christian,rwandan,n/a
f0a046f9-640b-4e97-9631-1a6c7b1b356b,not_disclosed,female,no,26-35,christian,rwandan,n/a
26fc3baf-5972-452e-b2d9-ad095bf3067e,not_disclosed,male,no,18-25,christian,rwandan,n/a
fc2cd074-19b2-4a35-afa7-8ed98f9c6ca0,not_disclosed,male,no,46-55,christian,rwandan,n/a
5a5485c5-24a5-4890-9afa-947683b25041,not_disclosed,female,no,26-35,christian,rwandan,n/a
77ac8495-cf8d-4a0e-9cb1-bfdca79becff,not_disclosed,male,no,46-55,christian,rwandan,n/a
286419ff-600e-4697-86a3-7e450bd1e083,not_disclosed,male,no,26-35,christian,rwandan,n/a
b90feeae-ac24-4494-8404-391446d42a36,not_disclosed,male,no,26-35,christian,rwandan,n/a
0cce88cb-97f3-4498-9cdc-d7c06d1700b9,not_disclosed,male,no,36-45,christian,rwandan,n/a
68c97746-e741-49a4-958b-fef14b41ea70,not_disclosed,male,no,46-55,christian,rwandan,n/a
36e0899c-a5eb-4e30-ba1f-eca4756d8998,not_disclosed,male,no,26-35,muslim,rwandan,n/a
ac2e9eb2-b6db-49e1-b126-b752c2211417,not_disclosed,male,no,26-35,christian,rwandan,n/a
bca534b3-0c04-4812-a3f7-d5190c6addba,not_disclosed,male,no,36-45,christian,rwandan,n/a
6305bdab-72b2-497e-acc0-01e79899fff5,not_disclosed,female,no,56-65,christian,rwandan,n/a
8a0f7abb-a53d-4eb4-b2ec-5c5cf079c39a,not_disclosed,male,no,36-45,christian,rwandan,n/a
3156da0f-b2ea-4364-ab6e-994bda9c8310,not_disclosed,female,yes,66+,christian,rwandan,n/a
10eb8a03-420e-4cbb-8033-e77ee784cae6,not_disclosed,male,no,36-45,christian,rwandan,n/a
4114fc4b-1440-49d9-a1b2-423d47bf6339,not_disclosed,male,no,56-65,christian,rwandan,n/a
0ee204e4-866e-4463-9344-130cb98799f7,not_disclosed,female,no,46-55,none,rwandan,n/a
699b3d83-ef79-4bd0-820b-a476828e6f5d,not_disclosed,male,no,26-35,christian,rwandan,n/a
c8fffe2e-8e90-4e5b-83a5-2cf6c3404bd2,not_disclosed,male,no,66+,christian,rwandan,n/a
c3e8b147-f07c-4476-b772-ce38d9dc4046,not_disclosed,male,no,56-65,christian,rwandan,n/a
964fc3ab-0216-4c52-b670-995978e55907,not_disclosed,male,no,26-35,christian,rwandan,n/a
3102cc66-461a-44d3-b9e0-a85fd69ca8a4,not_disclosed,female,no,66+,christian,rwandan,n/a
a4ceba32-9f55-4b2e-bcc5-9c8cb382bdbb,not_disclosed,male,no,46-55,christian,rwandan,n/a
41c2a6ed-002d-4913-a15e-7688677d4da9,not_disclosed,male,no,46-55,christian,other,n/a
f7aadf6c-9893-4263-97dc-e8c9d1b2619b,not_disclosed,female,no,36-45,christian,rwandan,n/a
e6b92b4a-02af-4a3a-9a5d-d0bf29d8fb0d,not_disclosed,male,no,56-65,christian,rwandan,n/a
fdd3eb4c-7683-424c-b632-4d8079e46e10,not_disclosed,male,no,36-45,christian,rwandan,n/a
53058dbf-424c-4072-a54b-0affe4fc7e5d,not_disclosed,male,yes,26-35,muslim,rwandan,n/a
6876478a-9a46-4d81-a3ee-82472761879e,not_disclosed,male,no,56-65,christian,rwandan,n/a
35f626e6-3c89-4f6c-9699-082e9f40b48c,not_disclosed,male,no,36-45,christian,rwandan,n/a
0be389b7-bf4a-4cb7-9c16-9685a996c477,not_disclosed,male,no,56-65,christian,rwandan,n/a
710a416b-038d-4e85-9b4b-b1f4afba3f0a,not_disclosed,female,no,26-35,christian,rwandan,n/a
56b22b81-04e1-4ddd-b558-716c01838279,not_disclosed,male,no,36-45,none,rwandan,n/a
f0b80582-3075-4299-8117-a1d29899af37,not_disclosed,male,no,36-45,none,rwandan,n/a
1426b0b7-1950-454c-aed4-f6105af7482f,not_disclosed,female,no,36-45,other,rwandan,n/a
cedc39c8-e448-463e-bef8-f0f19cee081b,not_disclosed,female,no,18-25,none,rwandan,n/a
b4168b60-ce9f-4f27-ac39-54e507de0a97,not_disclosed,male,no,18-25,christian,rwandan,n/a
2d8d4f0d-f9fc-4b31-b304-f0677cdcbba3,not_disclosed,female,no,18-25,christian,rwandan,n/a
bdfb73f1-dc31-476c-b3e5-fb84a609f8a1,not_disclosed,male,no,66+,christian,rwandan,n/a
f9d97c1a-2f64-426c-a011-6034d6e9bdde,not_disclosed,male,no,36-45,christian,rwandan,n/a
174f1004-ade1-473a-af07-169c3be522da,not_disclosed,female,no,46-55,christian,other,n/a
8a1dd1c7-e0b5-4471-aaf6-30ca030b76b7,not_disclosed,female,no,66+,christian,rwandan,n/a
ab1c6cdf-bd6a-4503-a7e2-3fe22ecea6e4,not_disclosed,male,no,36-45,christian,rwandan,n/a
d6fa95b2-e581-41bc-b9a1-17b5c42ccbbb,not_disclosed,male,no,26-35,christian,rwandan,n/a
a35704f5-2cd9-42fe-9f99-b97207f6b768,not_disclosed,male,no,18-25,christian,rwandan,n/a
eea0f763-e5c0-4c5d-af38-f405b22a6f00,not_disclosed,male,no,18-25,christian,rwandan,n/a
1e22c62d-fdb6-4dcc-8da9-cf596ad62298,not_disclosed,male,no,56-65,christian,rwandan,n/a
6a76a3c2-81e1-49be-916b-a5fd36aac8fc,not_disclosed,male,no,56-65,christian,rwandan,n/a
471b42df-b0c5-46da-9fc7-1bf2429dd420,not_disclosed,male,no,46-55,christian,rwandan,n/a
288e230b-41f6-4bb8-ad75-1baf2538b48c,not_disclosed,male,no,66+,christian,rwandan,n/a
d7b19030-0bb8-4ce3-a37a-78eb73eb5506,not_disclosed,male,no,56-65,christian,rwandan,n/a
7cad62ba-9649-4522-bcad-25a66a4a2b70,not_disclosed,female,no,56-65,christian,rwandan,n/a
d013e111-c434-4415-8da2-3879229dfdbd,not_disclosed,male,no,56-65,christian,rwandan,n/a
f0648532-6fba-4b3b-b0ee-bf5800fbecf1,not_disclosed,male,no,46-55,christian,rwandan,n/a
1c18e8fe-3248-4100-8d59-3c2ab6587719,not_disclosed,male,no,26-35,christian,rwandan,n/a
f6a2f6df-8ae3-41b5-bae9-d607bf30717e,not_disclosed,male,no,26-35,christian,other,n/a
848d83f8-7a74-40fe-8c0e-2451c10ea3b7,not_disclosed,female,no,18-25,christian,rwandan,n/a
b296f07b-870e-43be-8c70-faa3a39b5bfa,not_disclosed,male,no,56-65,christian,rwandan,n/a
5e5f51df-4cf5-4124-aa0a-1fc76df8b231,not_disclosed,male,no,46-55,christian,rwandan,n/a
b51b4c86-b5df-488e-88ea-c3d2c06be051,not_disclosed,female,no,18-25,christian,rwandan,n/a
4f6e3212-c338-4997-b532-4a1e2afa1047,not_disclosed,male,no,26-35,christian,rwandan,n/a
215ec593-24ea-4bfe-8ea4-82a56c1264c2,not_disclosed,male,no,46-55,christian,rwandan,n/a
c337a281-abb0-485e-9652-0d643d08f64c,not_disclosed,female,no,36-45,christian,rwandan,n/a
9526138d-e2d4-433f-9c41-155f897b1571,not_disclosed,male,no,26-35,christian,rwandan,n/a
8047c808-f4f7-4342-913c-a6af7299abb7,not_disclosed,male,no,26-35,christian,rwandan,n/a
53ecbb5f-9d08-473f-9f2a-ad7b5b7cbd41,not_disclosed,female,no,26-35,christian,rwandan,n/a
6d17db28-5e6e-4ffd-bac7-9477807971f5,not_disclosed,female,no,46-55,christian,rwandan,n/a
20c8eb03-d4a6-41a1-87f1-cab1ada2929b,not_disclosed,male,no,36-45,other,rwandan,n/a
097da05b-f9bf-4bfd-87d0-786a64952a29,not_disclosed,male,no,46-55,christian,rwandan,n/a
341d75e2-47bb-4974-b415-ebb1afe0d38e,not_disclosed,male,no,26-35,christian,rwandan,n/a
e615c2ca-1941-4b05-85da-8b8428c02ae0,not_disclosed,male,no,36-45,christian,rwandan,n/a
dd552a66-4500-47a3-ae3a-9e57e2b679c0,not_disclosed,female,no,46-55,christian,rwandan,n/a
1f946bd2-effb-44d5-8c19-ef77178ba391,not_disclosed,female,no,36-45,christian,rwandan,n/a
b797adcb-0baf-469f-bd95-f46702ee0c5e,not_disclosed,male,yes,18-25,christian,rwandan,n/a
bdd14099-ea1f-4937-98a3-dae327297a91,not_disclosed,female,no,56-65,christian,rwandan,n/a
48238683-a233-4d2d-b9e6-19249fbddfcb,not_disclosed,female,no,56-65,christian,rwandan,n/a
7c546fbd-5fd3-4c33-a979-7006b9fc75bd,not_disclosed,female,no,56-65,christian,rwandan,n/a
fbaa0f24-939b-4479-8932-20fe93849cde,not_disclosed,female,no,46-55,none,rwandan,n/a
2c324c87-9bb9-45b3-8899-adaf843abca8,not_disclosed,male,no,46-55,christian,rwandan,n/a
77d9c757-3624-4d3c-a2ac-f672b3ed5b19,not_disclosed,female,no,56-65,none,rwandan,n/a
13d97130-55f8-47f6-9c42-3dfafa13f4d5,not_disclosed,male,no,36-45,christian,rwandan,n/a
f43a72d0-b87c-498b-abd2-d469b1b8fa3a,not_disclosed,female,no,36-45,christian,rwandan,n/a
d4ee2e93-8def-4e7a-96d9-3802d9ce567e,not_disclosed,female,no,26-35,christian,rwandan,n/a
67748744-b806-4d3c-ae07-5efede85924b,not_disclosed,male,no,36-45,christian,rwandan,n/a
fc2ac0ed-a1de-4eb5-a520-60f221856ff5,not_disclosed,female,no,46-55,christian,rwandan,n/a
587a8d6a-226e-42b2-a0d2-a0d79884a0f6,not_disclosed,male,no,56-65,christian,rwandan,n/a
54c4c558-f1e8-40b7-8382-456689d9d2c1,not_disclosed,male,no,46-55,christian,rwandan,n/a
8521dc8b-7882-4629-9171-768ca350ddec,not_disclosed,male,yes,26-35,none,rwandan,n/a
2f16f456-24b8-46cf-94c2-20e1ab626161,not_disclosed,female,no,18-25,christian,rwandan,n/a
54609a1f-93cc-4292-be86-009eff1dcdde,not_disclosed,male,no,46-55,none,rwandan,n/a
35356e7b-ab7a-415c-b652-05c4de961137,not_disclosed,male,no,66+,christian,rwandan,n/a
ec60c992-6f1e-4567-9ba8-8b79ef5f94d6,not_disclosed,male,no,56-65,christian,rwandan,n/a
ca8b781b-d9f2-4ddc-bbdc-830abda966bd,not_disclosed,male,no,26-35,other,rwandan,n/a
9dd78bd6-a576-4ece-814b-27230b639bc9,not_disclosed,male,no,56-65,christian,rwandan,n/a
a1ee35ec-0ece-41eb-a168-28a8f82eaec2,not_disclosed,male,no,26-35,christian,rwandan,n/a
9187f719-1135-479a-a6b3-ed0ca4561d75,not_disclosed,male,no,66+,christian,other,n/a
ac20b147-fc42-4188-aa72-6ee0c333bfcf,not_disclosed,female,no,26-35,christian,rwandan,n/a
e56dce26-f306-471d-9f09-47a9c0779651,not_disclosed,male,no,56-65,christian,other,n/a
ade249b7-e0cc-44e5-a49a-2c32a38dcab4,not_disclosed,female,no,36-45,christian,rwandan,n/a
c0a96a97-edf2-43f6-abd1-853566a388d4,not_disclosed,female,no,18-25,christian,rwandan,n/a
c1128624-489d-4920-8c89-174190ea7d0f,not_disclosed,female,no,26-35,christian,rwandan,n/a
f4e43797-2099-417b-b184-005aa5b90ca0,not_disclosed,female,no,36-45,christian,rwandan,n/a
4ac73336-05da-4f55-bf29-de19730074dc,not_disclosed,male,no,46-55,christian,rwandan,n/a
fdf65a3e-b390-439a-aa64-bae521a02685,not_disclosed,male,no,56-65,none,rwandan,n/a
eb33a26e-5b86-4c4d-ab67-5102ebd4686b,not_disclosed,male,no,26-35,christian,rwandan,n/a
7863f82a-e8ab-4ff2-b8e9-96a1d3a153cf,not_disclosed,female,no,66+,christian,rwandan,n/a
6c6fba8f-616e-49e2-8116-69b41db0d263,not_disclosed,female,no,56-65,christian,rwandan,n/a
cc2ed838-3117-467f-b2e3-e09b77859ae1,not_disclosed,male,no,26-35,christian,rwandan,n/a
54101726-b449-4d96-925a-7f40270752bc,not_disclosed,male,yes,56-65,christian,rwandan,n/a
b2a224f0-b620-400b-80a2-f306922ff414,not_disclosed,female,no,46-55,christian,rwandan,n/a
346ddc27-db70-4195-9ddf-705cc946d2e5,not_disclosed,male,no,56-65,christian,rwandan,n/a
4532eded-4915-4d88-8af1-e76369c97154,not_disclosed,female,no,36-45,christian,rwandan,n/a
3206532f-20bc-402e-8ffd-f46667c2efc9,not_disclosed,male,no,36-45,christian,rwandan,n/a
ee7c9790-7f80-420c-bae5-c6378cc9f478,not_disclosed,male,no,56-65,muslim,rwandan,n/a
64034de4-d91b-49b2-b373-7ff34cd4746d,not_disclosed,female,no,18-25,christian,rwandan,n/a
b8a47d31-9c1b-4a90-87a9-31eeefd2bd73,not_disclosed,male,no,26-35,christian,rwandan,n/a
f906a3a2-a09e-4e6d-906b-dd7a3d6d9d89,not_disclosed,female,no,26-35,other,rwandan,n/a
4c49a156-02a4-428a-8b26-fc77064c0c87,not_disclosed,male,no,46-55,other,rwandan,n/a
08e76cfe-a8b1-4216-b53f-81afd3f82dd7,not_disclosed,female,no,36-45,other,rwandan,n/a
baf20b2e-4034-4455-bc66-da6ee577991d,not_disclosed,female,no,46-55,christian,rwandan,n/a
78f9582e-fd7d-4772-9508-2cd659fc5e15,not_disclosed,female,no,26-35,christian,rwandan,n/a
8ee54bfc-62b9-471a-bdb8-7ee6be9ff429,not_disclosed,male,no,46-55,christian,rwandan,n/a
70801cf8-c3aa-4e4a-a20f-be17dab5026d,not_disclosed,male,no,18-25,christian,rwandan,n/a
57b6e048-9f9b-4601-b563-3c5b1bff425e,not_disclosed,female,no,36-45,christian,rwandan,n/a
b2e24a27-1e9f-4e5a-990c-93118d2446c7,not_disclosed,male,no,66+,christian,rwandan,n/a
9092c075-628e-4fcc-8742-930ce441fee9,not_disclosed,male,no,46-55,christian,rwandan,n/a
143ecf0e-0804-4a20-b19e-0bb2a82d2f42,not_disclosed,female,no,26-35,christian,rwandan,n/a
3a85d083-3c45-49a0-80d0-b4795b6b40cb,not_disclosed,male,no,26-35,christian,rwandan,n/a
ce4619e3-354f-43a8-9021-eff5cf8777b6,not_disclosed,female,no,66+,christian,rwandan,n/a
e5447607-8eeb-4bd2-b2a3-2eb48b933c2d,not_disclosed,male,no,56-65,christian,rwandan,n/a
014c944f-ef85-4ad0-b922-e643cbd81ade,not_disclosed,male,no,26-35,muslim,rwandan,n/a
c45080b3-1a06-4f0f-b500-c0f71c642d1f,not_disclosed,male,no,56-65,christian,rwandan,n/a
09ec2d1e-6d81-437e-9847-b2b4e76e5fc2,not_disclosed,male,no,36-45,christian,rwandan,n/a
f4ef62d3-8d53-468c-b28a-7ee1f843073d,not_disclosed,male,yes,36-45,christian,rwandan,n/a
2274990b-51c9-48f0-931c-e8bb5a942658,not_disclosed,male,no,18-25,christian,rwandan,n/a
30f44138-7653-4cca-8ee4-e81fc36682f4,not_disclosed,male,no,36-45,christian,rwandan,n/a
1fa791c6-75bb-483c-8f10-a75742489104,not_disclosed,male,no,46-55,christian,rwandan,n/a
5ef1cd3c-d123-4299-9752-f3d26d87682b,not_disclosed,male,no,36-45,christian,rwandan,n/a
6c5ea32d-7181-4fb2-90af-b4565d1a02c0,not_disclosed,male,no,56-65,christian,rwandan,n/a
c62e9e9f-ef96-41b0-b873-9000ef640429,not_disclosed,male,no,26-35,none,rwandan,n/a
1388438a-5801-4882-972f-ba454b2225c1,not_disclosed,female,no,66+,christian,rwandan,n/a
571ec02b-48d6-40c1-ac41-36c0b5cb200e,not_disclosed,female,yes,26-35,christian,rwandan,n/a
2ef96697-a451-4b2f-8efc-92bc12f7cf25,not_disclosed,male,no,36-45,christian,rwandan,n/a
8464d651-c458-4e52-a66a-a24a84e1b64b,not_disclosed,female,no,66+,other,rwandan,n/a
2e5413b7-303b-4859-89df-d2ab98686a59,not_disclosed,male,no,36-45,christian,rwandan,n/a
10d1950b-c537-4d4c-a90c-c9a77dc2e283,not_disclosed,male,no,18-25,christian,rwandan,n/a
5028ca69-c00d-4041-9eea-4e442bdca9c8,not_disclosed,female,no,46-55,christian,rwandan,n/a
e18da7e6-ba41-4f28-82c0-4e5a58051a27,not_disclosed,female,no,66+,christian,rwandan,n/a
0bf3b9e6-2beb-4f0f-a911-1cd45cb69901,not_disclosed,male,no,46-55,christian,rwandan,n/a
88a44b7f-49a4-47b4-b571-2b8f7c0cfc67,not_disclosed,female,no,46-55,christian,rwandan,n/a
8f0ce463-671d-40fe-8d0f-b9411d3e5e97,not_disclosed,male,no,66+,muslim,rwandan,n/a
82fda82e-4bd4-494e-8734-d6db0def5b1e,not_disclosed,male,no,18-25,christian,rwandan,n/a
6f110732-8a14-4c31-9411-b408c4d02780,not_disclosed,male,no,26-35,christian,rwandan,n/a
20ff5b57-0de3-475b-b6e2-be5f5ef43234,not_disclosed,male,no,56-65,other,rwandan,n/a
7754f4a9-7f3c-428c-a98c-03f906ecd6fb,not_disclosed,male,no,36-45,christian,rwandan,n/a
a923ad90-db2c-45e1-be71-a4d82a8de47a,not_disclosed,male,no,36-45,christian,rwandan,n/a
1cf3007b-42e0-43c0-919c-374cf03b5ea5,not_disclosed,female,no,26-35,muslim,rwandan,n/a
e343e32a-3227-4fd1-9cae-27d6d303cad0,not_disclosed,male,no,46-55,other,rwandan,n/a
125ea607-5bf1-4ce0-a842-eafde0f511e4,not_disclosed,female,no,46-55,none,rwandan,n/a
b340d1e6-e207-41d0-b9b1-4f767d430e04,not_disclosed,male,no,46-55,christian,rwandan,n/a
6681c3bd-f9c1-4331-aef6-eb5c1fce3bd5,not_disclosed,male,no,66+,christian,rwandan,n/a
0b48d68b-f835-4c60-a94a-fe234065f308,not_disclosed,female,no,46-55,christian,rwandan,n/a
cbe4c5e2-e8fa-4d49-a3a4-aa121511b198,not_disclosed,male,no,46-55,christian,rwandan,n/a
22e889dd-0e95-47ab-b7ad-26f973396f2c,not_disclosed,male,no,46-55,muslim,rwandan,n/a
782b8371-6fc3-4a3d-bea1-b3a157158305,not_disclosed,female,no,46-55,christian,rwandan,n/a
30efed49-c2cd-4c89-95a8-0018328c3fdc,not_disclosed,male,no,26-35,christian,rwandan,n/a
d63f2d4b-4aac-4f0e-b545-c26c2e2c3423,not_disclosed,male,no,56-65,christian,rwandan,n/a
682c4482-829b-4e3e-bbba-0daebee5ac5d,not_disclosed,male,no,26-35,christian,rwandan,n/a
3717054f-d702-45d6-8e25-9d8b89d89289,not_disclosed,female,no,18-25,christian,rwandan,n/a
e234c994-6641-44d3-81b3-1902526ae6a3,not_disclosed,male,no,56-65,christian,rwandan,n/a
e30e3b56-ad5b-4edc-aacc-9395f47ef694,not_disclosed,male,no,36-45,christian,other,n/a
cdfd4cd8-935f-4143-a079-88e00955e4af,not_disclosed,female,no,56-65,christian,rwandan,n/a
ae493cca-59a0-4a8f-8e33-8142c7b05b9f,not_disclosed,male,no,56-65,christian,rwandan,n/a
0f8b8e1c-252e-4335-8e01-324b6c0a2ee2,not_disclosed,female,no,26-35,christian,rwandan,n/a
2d0ca67c-4aed-4df5-9c24-04f8335c2c9e,not_disclosed,male,no,36-45,christian,rwandan,n/a
4794f9b6-881c-48e1-b77d-bc2def0e4134,not_disclosed,male,no,46-55,christian,rwandan,n/a
828fdd2a-0780-47a6-a5f9-1a3ffaea53e9,not_disclosed,male,no,18-25,christian,rwandan,n/a
abb7545d-4ceb-46a6-8e9c-580deb2e7454,not_disclosed,male,yes,66+,christian,other,n/a
50a03447-98bb-4d19-af98-c078ea6fc738,not_disclosed,male,no,26-35,christian,rwandan,n/a
f286ae8d-240d-40cc-ac83-ab933e49a123,not_disclosed,male,no,56-65,christian,rwandan,n/a
c1c0a7b3-8ac9-43ea-8e56-875461bf539e,not_disclosed,female,no,46-55,none,rwandan,n/a
12abc277-0588-49bf-ac0b-eee594562d90,not_disclosed,male,no,26-35,none,rwandan,n/a
47c7a457-4670-4495-8ccd-3e9f526eff10,not_disclosed,male,no,66+,christian,rwandan,n/a
ff7198c4-9b31-4a89-828c-687b5da7ba21,not_disclosed,male,no,36-45,christian,rwandan,n/a
73f30a8a-53d7-4958-9c3f-502b6b467f7c,not_disclosed,male,no,66+,christian,rwandan,n/a
67b96e89-1626-4e30-b96e-e7bcf18661ff,not_disclosed,female,no,26-35,christian,rwandan,n/a
f931514c-0b87-4cc7-993a-7229e9468f48,not_disclosed,male,yes,66+,christian,rwandan,n/a
8b84b10b-9b07-48be-af80-10882739b04a,not_disclosed,male,no,36-45,christian,rwandan,n/a
47093864-01e9-459d-bc45-7d8dccdf6da9,not_disclosed,female,no,26-35,christian,rwandan,n/a
4ceb9555-45a6-4c39-82f6-712f6c6afb5e,not_disclosed,male,no,36-45,christian,rwandan,n/a
6819ae6b-72ab-47e8-b07c-4df70eb55f3f,not_disclosed,male,no,46-55,christian,rwandan,n/a
947d856a-9185-4f62-8d6e-639eacf2e74d,not_disclosed,male,no,46-55,christian,rwandan,n/a
2ea2ed3a-7c12-474f-9383-e1709545beda,not_disclosed,male,no,46-55,christian,rwandan,n/a
952bdaa6-b35b-409b-bd4f-cbee4deadf7e,not_disclosed,female,no,18-25,christian,rwandan,n/a
7530355d-d91b-461b-8018-61d9e07b1cd0,not_disclosed,male,no,26-35,christian,rwandan,n/a
46420c0f-c9e5-4132-9b61-18a3dba1b2f4,not_disclosed,female,no,46-55,christian,rwandan,n/a
bc4f58d2-ca97-4549-b561-56a9aa96f0cf,not_disclosed,female,no,56-65,christian,rwandan,n/a
5b0634a5-b4c2-479c-b39d-6b5d0c32c147,not_disclosed,male,no,46-55,christian,rwandan,n/a
428e6eae-c480-4fc7-9848-9b777e11f1d8,not_disclosed,female,no,56-65,christian,rwandan,n/a
22e886be-e58a-4f12-9331-273ea0ff23fa,not_disclosed,male,no,46-55,christian,rwandan,n/a
62a7a706-99b6-44a0-8ab4-51292af53827,not_disclosed,female,no,36-45,christian,rwandan,n/a
6947bb14-cf46-4733-b8a9-53dd3c6a6d2c,not_disclosed,male,no,46-55,christian,rwandan,n/a
61e15ced-ae8f-4973-9ae9-69a0bc77ad27,not_disclosed,female,no,46-55,christian,rwandan,n/a
7881a69d-7301-45c7-a6ef-21de19f97182,not_disclosed,male,yes,56-65,christian,rwandan,n/a
e7bcde6f-e30e-45ae-b25c-5c0c8f8de891,not_disclosed,male,no,56-65,christian,rwandan,n/a
5029e669-dc37-4abf-b2b9-ee1c728c5230,not_disclosed,male,no,56-65,christian,rwandan,n/a
43502332-d47b-4110-a976-0694e3d7b846,not_disclosed,male,no,18-25,christian,rwandan,n/a
8e5be402-b82e-4849-b35c-b981f0c42f87,not_disclosed,male,no,26-35,christian,rwandan,n/a
9b971186-bab0-437a-80cf-735a63319e90,not_disclosed,male,no,56-65,christian,rwandan,n/a
ca87c7df-3f18-483c-9908-30227d7582ce,not_disclosed,male,no,26-35,christian,rwandan,n/a
2c9191d4-f1a1-4cb4-ae1e-70afda8353a2,not_disclosed,male,no,36-45,christian,rwandan,n/a
3fbd8839-b0cb-4bee-a448-d393834b169f,not_disclosed,male,no,66+,none,rwandan,n/a
cce37daa-ca89-42ab-9b50-9c7f1425a789,not_disclosed,male,no,66+,christian,rwandan,n/a
6c8abf4a-ee59-4bed-93ba-97c126ead76f,not_disclosed,male,no,66+,christian,rwandan,n/a
d86a338a-2567-4fb1-a834-dedf3135cc09,not_disclosed,male,no,26-35,christian,rwandan,n/a
8f939a4c-0258-4f16-b78c-14ab1ea586a6,not_disclosed,female,no,36-45,christian,rwandan,n/a
3083e203-c77d-416e-b736-61f1ae914c24,not_disclosed,male,no,66+,muslim,rwandan,n/a
6590af4f-d588-43c4-8076-3171bcf94a80,not_disclosed,male,no,46-55,christian,rwandan,n/a
7e9b720f-ae13-4dba-8f72-6ffd45a5ce95,not_disclosed,female,no,46-55,christian,rwandan,n/a
69b01fd3-a46e-4aeb-81fb-7655c36a021d,not_disclosed,male,no,46-55,christian,rwandan,n/a
b260a178-742e-4b83-a5e1-88944f9176db,not_disclosed,male,no,36-45,christian,rwandan,n/a
b9589bc5-5a7e-44de-8cae-3235bfa06a13,not_disclosed,male,no,46-55,christian,rwandan,n/a
8bbcab28-9288-457b-b3ac-bc9fc5757469,not_disclosed,male,no,26-35,christian,rwandan,n/a
e9ac16ae-d0a4-4194-b1d6-d70c5c250546,not_disclosed,male,no,26-35,christian,rwandan,n/a
05cc12a3-d318-4aa2-b519-1bd55dc9ebe0,not_disclosed,female,no,36-45,christian,rwandan,n/a
8b965d2b-0935-4c7a-9d15-9bd4246b5b24,not_disclosed,male,yes,66+,christian,rwandan,n/a
62970134-f80e-4663-849b-0b6d7d88c170,not_disclosed,male,no,26-35,christian,rwandan,n/a
6d3e7c62-e1d1-4556-b574-fce943097eb1,not_disclosed,male,no,36-45,none,rwandan,n/a
721db9ab-b94d-4f3c-96a8-cb0bb2b26fbd,not_disclosed,male,no,26-35,christian,rwandan,n/a
d49b86d3-c83e-4f6b-b8fb-f4186afdabc7,not_disclosed,female,no,18-25,christian,rwandan,n/a
3ac879f9-1e99-43e4-a30b-524ad91cc6a5,not_disclosed,male,no,18-25,muslim,rwandan,n/a
a6a7258e-76db-43e0-8c53-71d66b31b210,not_disclosed,male,no,46-55,christian,rwandan,n/a
243a623c-b836-47bf-914d-26a0680f8bf9,not_disclosed,female,no,46-55,christian,rwandan,n/a
b8127c1a-9a55-46bd-9d11-afc92997c33c,not_disclosed,female,no,46-55,christian,rwandan,n/a
d146a4f8-de90-4388-8b69-c57691caeea2,not_disclosed,male,no,36-45,christian,rwandan,n/a
db560226-8435-4931-94ad-54552fa5f3f7,not_disclosed,male,no,66+,christian,rwandan,n/a
99bbe0aa-127e-460f-b5d2-fb8e24afb355,not_disclosed,male,no,18-25,christian,rwandan,n/a
98a13bd1-9146-43c9-accc-2d19c020dd15,not_disclosed,male,no,36-45,christian,rwandan,n/a
826130cc-25b6-4d45-95d7-b0ac21ce466e,not_disclosed,male,no,66+,christian,rwandan,n/a
482325e7-81f5-4ecf-9a5b-f44d1cee6b08,not_disclosed,female,no,66+,christian,rwandan,n/a
7e07e47a-ba1b-4714-a734-0271c6959211,not_disclosed,male,yes,36-45,christian,rwandan,n/a
fcf092bc-1dc6-4e97-b1b3-d0748c44596a,not_disclosed,female,no,26-35,christian,rwandan,n/a
36367e47-6dc5-4988-8e13-ad3e752b8ae9,not_disclosed,male,no,46-55,other,rwandan,n/a
5175c995-f23d-418a-946e-c2ec0ce9ee98,not_disclosed,male,no,26-35,christian,rwandan,n/a
dd826681-4ed0-4354-a764-7582fe965852,not_disclosed,male,no,46-55,christian,rwandan,n/a
4cc21d1f-f79d-458c-85a3-51617eef99cc,not_disclosed,male,no,18-25,christian,rwandan,n/a
8d6e36e2-8012-4779-824b-8d9a2161da6c,not_disclosed,female,no,46-55,christian,rwandan,n/a
82bc1241-daee-40de-a95a-161b9f1847c6,not_disclosed,male,no,46-55,christian,rwandan,n/a
18f77ab4-29ff-4a75-b177-86eb5ec6a6b7,not_disclosed,male,yes,46-55,christian,rwandan,n/a
76d02285-a8be-4531-839e-ba0b88e5ed9a,not_disclosed,male,no,18-25,christian,rwandan,n/a
ec899221-fd4a-4efe-9b25-1ba90d168b6b,not_disclosed,male,no,56-65,none,rwandan,n/a
996b54aa-44e7-4b3f-82f8-cbf7d907997f,not_disclosed,male,no,66+,christian,rwandan,n/a
fb7654ed-76a7-4b57-9d39-a40189f9d91a,not_disclosed,female,no,66+,christian,rwandan,n/a
1468ac54-4735-4d89-a3b5-7b6af1c4b5b8,not_disclosed,female,no,46-55,christian,rwandan,n/a
e222d6fa-bd33-4916-b239-9af3f761fdb4,not_disclosed,male,no,66+,christian,rwandan,n/a
51d260bf-72ca-4db0-b582-36ef0fb2bef2,not_disclosed,female,no,36-45,christian,rwandan,n/a
01ec1aa0-732d-41e4-89db-850bafa3ef99,not_disclosed,male,no,36-45,christian,rwandan,n/a
982d805f-37e1-4269-a945-1cdbb712a65f,not_disclosed,male,no,36-45,christian,rwandan,n/a
b2f2438b-3672-48f6-86b4-92af6fb3594c,not_disclosed,male,no,26-35,christian,rwandan,n/a
170503c2-7e25-4b68-872a-fbd801651311,not_disclosed,male,no,36-45,christian,rwandan,n/a
831f5c04-126c-4afe-9cfa-822056959e3f,not_disclosed,female,no,36-45,christian,rwandan,n/a
011a9318-84ed-4ff2-a35c-94b5dcad5c45,not_disclosed,male,no,66+,christian,rwandan,n/a
0530c31f-179a-4202-86c7-85fb19ec2d37,not_disclosed,male,no,26-35,muslim,rwandan,n/a
dbc65dc4-9d14-4abd-8874-33d6282ab356,not_disclosed,male,no,36-45,christian,rwandan,n/a
edc64437-136b-4c4d-8849-8a649353cf38,not_disclosed,male,no,26-35,christian,rwandan,n/a
fc2c429e-f995-483a-afa1-57d4d5d446b8,not_disclosed,male,no,46-55,christian,rwandan,n/a
152d06b6-9e61-4922-9429-7bd80b237e38,not_disclosed,female,no,26-35,christian,rwandan,n/a
19c18824-3afa-41e7-a61e-df77e5254ddb,not_disclosed,male,no,36-45,christian,rwandan,n/a
c1a3b4a4-a0d5-4205-801b-11161dd4fe60,not_disclosed,male,no,66+,christian,rwandan,n/a
1407ae13-6ee6-4475-8415-650f52af2585,not_disclosed,female,no,66+,christian,rwandan,n/a
4b797a1b-96e4-4182-85b6-f709969e45f3,not_disclosed,female,no,46-55,christian,rwandan,n/a
f406c12b-cc3f-4f14-a13e-a8cd2b6c7d86,not_disclosed,female,no,18-25,christian,rwandan,n/a
834c5cf8-3965-4e93-a6aa-79e166a55351,not_disclosed,male,no,46-55,christian,rwandan,n/a
81ea11f1-9337-468b-9c51-bd1eb6f7f4c1,not_disclosed,male,no,36-45,christian,other,n/a
429cb083-9ba3-489b-a1ea-bbd47db84f6f,not_disclosed,male,yes,56-65,christian,rwandan,n/a
6b859347-2a48-4c58-b588-89534586eadc,not_disclosed,male,no,18-25,christian,rwandan,n/a
3b07f29a-8b16-40cb-9083-6542aefa605c,not_disclosed,male,no,66+,christian,rwandan,n/a
e0cf0f9b-404e-4ef2-9e55-5ad7e1b2efdd,not_disclosed,male,no,56-65,christian,other,n/a
129714af-4869-4ebb-98c9-def5efd20764,not_disclosed,male,no,66+,christian,rwandan,n/a
f130d0aa-e442-4a13-bc28-39c8e0074421,not_disclosed,male,no,46-55,christian,rwandan,n/a
a034a98f-255e-4683-8b9c-e03a36c76c54,not_disclosed,male,no,56-65,christian,rwandan,n/a
307075cf-828a-4d3e-a82b-535208b865b2,not_disclosed,male,no,46-55,christian,rwandan,n/a
c115450c-961d-47fe-8ced-3c30b245e3c5,not_disclosed,male,no,66+,christian,rwandan,n/a
c2a8e5c0-7d24-4472-974c-f108585487c7,not_disclosed,male,no,46-55,muslim,rwandan,n/a
f2fee8d9-2664-437a-af4f-e6b3252c7e0c,not_disclosed,male,no,36-45,christian,rwandan,n/a
c68dc4f1-707f-4f80-a185-f9cdfc97591c,not_disclosed,male,no,66+,other,rwandan,n/a
e3b74b25-8171-44d3-bf82-c28108ef7603,not_disclosed,male,no,26-35,christian,rwandan,n/a
5c742377-b726-405a-a3af-fd5d131e74c9,not_disclosed,male,no,66+,christian,rwandan,n/a
39850b35-1894-423b-9606-d3f422839adc,not_disclosed,female,no,66+,christian,rwandan,n/a
e1f0fe99-cb99-4d6f-86a0-58215b7f3e30,not_disclosed,female,no,46-55,christian,rwandan,n/a
d3fd6585-a8f3-4895-ab41-d580030cff0a,not_disclosed,male,no,56-65,none,rwandan,n/a
d65f954b-35cf-481e-b41d-133bc4da4331,not_disclosed,male,no,36-45,muslim,rwandan,n/a
d8b12d0e-8879-4138-b0c7-df1f472ad58c,not_disclosed,male,no,66+,muslim,rwandan,n/a
7ec72d72-fe49-40b3-9ddc-68d63602cd70,not_disclosed,male,yes,36-45,christian,rwandan,n/a
14e50fc7-42e2-46db-af6c-07f80c91b673,not_disclosed,male,no,26-35,christian,rwandan,n/a
76cd0bc8-4b1b-466f-aa46-5ce3d3f69df0,not_disclosed,female,no,46-55,christian,rwandan,n/a
c2213448-cf26-449e-8add-8d4a83f007f6,not_disclosed,male,no,66+,christian,rwandan,n/a
9bfb6550-5632-4820-904b-0baae99c29a3,not_disclosed,female,no,66+,muslim,rwandan,n/a
5c0c2812-b632-4df4-a92a-1cd27c06294d,not_disclosed,male,no,56-65,christian,rwandan,n/a
36e5cd31-4346-42da-afc2-47e5008143e4,not_disclosed,female,no,26-35,christian,rwandan,n/a
4fd4941b-6e7c-4687-8418-eb621835f057,not_disclosed,female,no,66+,christian,rwandan,n/a
8bfd6f61-6f9e-4cc8-85b5-9e0da9c649a3,not_disclosed,male,no,66+,christian,rwandan,n/a
fce48a1c-349f-4d30-87d9-72bc7425e815,not_disclosed,female,no,56-65,christian,rwandan,n/a
9c53ca1f-648b-4a00-81b0-56e44c11319e,not_disclosed,female,no,46-55,christian,rwandan,n/a
218699d3-9d9d-48ac-9162-6af967087ecf,not_disclosed,female,yes,36-45,christian,rwandan,n/a
16d4369b-5f09-4b2e-b148-08527ccbd3da,not_disclosed,male,no,56-65,christian,rwandan,n/a
22a3f99e-9634-446a-a58f-0a240aa20030,not_disclosed,female,no,18-25,christian,rwandan,n/a
9bf791cf-587f-4950-8404-a907155668a4,not_disclosed,male,no,36-45,christian,rwandan,n/a
f5e2d6f8-7695-4a5c-b530-ce9d766b70c8,not_disclosed,male,yes,26-35,muslim,rwandan,n/a
da03003e-64df-4e71-934b-1f9864bd7a7a,not_disclosed,male,no,26-35,christian,rwandan,n/a
d07b7046-0bae-46b5-a32a-b324abe87292,not_disclosed,female,no,66+,christian,rwandan,n/a
b172c236-1d3f-4069-9b84-5fad5624d5c1,not_disclosed,female,no,56-65,christian,rwandan,n/a
fcb2e009-1679-4d7d-b6db-02c37ef3cf94,not_disclosed,male,no,66+,christian,rwandan,n/a
76b80bde-bfe0-403f-bf37-07f29ff34bc5,not_disclosed,male,no,26-35,christian,rwandan,n/a
fcb2bfce-8d97-4855-934a-9ce68fe54e4c,not_disclosed,male,no,36-45,christian,rwandan,n/a
41a02100-5308-48e9-8e0e-f80f32e4bbf3,not_disclosed,female,no,26-35,christian,rwandan,n/a
1def1406-cea3-45ec-9cd8-bc21a4ecd304,not_disclosed,female,yes,46-55,christian,rwandan,n/a
c288e3cf-4985-4991-9ed2-048c462b1952,not_disclosed,male,no,56-65,christian,rwandan,n/a
e71ea631-5061-48c5-a4f7-df9379a54f0f,not_disclosed,male,no,36-45,other,rwandan,n/a
682e32cc-047b-4804-8e61-340e2a818dca,not_disclosed,female,no,26-35,other,rwandan,n/a
9af88812-c94f-4133-a185-c743c26c6a94,not_disclosed,male,no,46-55,christian,rwandan,n/a
daf93e48-8f79-4c35-a88a-ea67673f6a7f,not_disclosed,male,no,36-45,none,rwandan,n/a
aba1dda1-5575-4239-b181-074630c1aeec,not_disclosed,male,no,26-35,muslim,rwandan,n/a
531537d2-ec76-4750-8264-abc4576eba2e,not_disclosed,male,no,36-45,christian,rwandan,n/a
40861345-203b-4b45-bbea-0f7b4dbc38c5,not_disclosed,male,no,36-45,none,rwandan,n/a
5ee75318-3354-4f87-8a19-86877cb5b920,not_disclosed,male,no,36-45,none,rwandan,n/a
8cb30edd-5e14-40d8-8a1a-88ec79166198,not_disclosed,female,yes,56-65,christian,rwandan,n/a
6fca7e9d-88c7-48f2-b2c7-f10b8627fee1,not_disclosed,female,no,56-65,christian,rwandan,n/a
f312aba4-82a5-4c23-9fbe-286c448eb0ed,not_disclosed,male,no,26-35,muslim,rwandan,n/a
07a56e2f-838a-4558-9711-a723c74e969a,not_disclosed,female,no,66+,christian,rwandan,n/a
ebf9463e-8f10-475e-bc58-87a5033b7725,not_disclosed,male,no,36-45,christian,rwandan,n/a
405b0b4e-6eaf-4587-8701-1c944f088972,not_disclosed,male,no,66+,christian,rwandan,n/a
f5466646-e1a6-4864-acb6-333ed8a49076,not_disclosed,female,no,26-35,christian,rwandan,n/a
9f27a3e5-aab1-4b24-adaa-eda092335b0e,not_disclosed,male,no,26-35,muslim,rwandan,n/a
9393f3b1-4e6b-4477-9f8e-1c08e6fdcdc7,not_disclosed,male,no,26-35,christian,rwandan,n/a
50c9763e-f248-435a-8014-1417da8e17d5,not_disclosed,male,yes,66+,christian,rwandan,n/a
2a94350d-9ad0-4add-b89f-f0d1caedf651,not_disclosed,male,no,36-45,christian,rwandan,n/a
3abae46f-ec04-429a-ae3b-a662d58325e5,not_disclosed,male,no,18-25,christian,rwandan,n/a
3ec7fdf0-a972-41e8-a0de-af07f3809572,not_disclosed,male,no,26-35,other,rwandan,n/a
10d46fb8-8af6-40ac-893d-232fec88b05f,not_disclosed,female,no,26-35,christian,rwandan,n/a
5b741c3b-5891-4194-bcd0-da289c6cfd2d,not_disclosed,male,no,66+,christian,rwandan,n/a
3779c1f1-b442-4b56-8be5-489327caccb1,not_disclosed,male,no,36-45,other,rwandan,n/a
fc72ea89-7105-4aec-84fc-db87ebcb8c9b,not_disclosed,male,no,56-65,christian,rwandan,n/a
d18db289-cdcb-4f58-86b4-723bacf70580,not_disclosed,male,no,66+,christian,rwandan,n/a
fa0d8ede-3a0e-4514-86e3-f6cc2e4197d4,not_disclosed,male,no,26-35,christian,rwandan,n/a
e41daa02-012b-48bb-ad61-5df0da0e9777,not_disclosed,male,no,36-45,christian,rwandan,n/a
ff5756e8-6cbd-4bf2-b641-ed3b05bd56cc,not_disclosed,male,no,18-25,christian,rwandan,n/a
cb518d68-89f6-49ae-a1fe-2a9a331d1df3,not_disclosed,male,no,36-45,christian,rwandan,n/a
368918c8-9150-4456-8a6b-89a6f5c390cc,not_disclosed,male,no,18-25,christian,rwandan,n/a
1d15a79d-92e3-4ee8-8003-f3b07ec7fe3e,not_disclosed,male,no,46-55,christian,rwandan,n/a
4651fbff-6d39-4150-aaf4-6fc41776c691,not_disclosed,male,no,18-25,none,rwandan,n/a
2c04f8a6-b89f-4f85-aceb-3bfcd9848406,not_disclosed,male,no,36-45,christian,rwandan,n/a
a1c37163-ba82-49d3-953d-73c3ba2d1a74,not_disclosed,male,no,46-55,muslim,rwandan,n/a
778d7697-a787-42c0-90bb-4a6cf192e9d3,not_disclosed,male,no,46-55,christian,rwandan,n/a
2098dd87-92ce-45ea-abe5-5c7fddfad331,not_disclosed,male,no,36-45,christian,rwandan,n/a
8793986a-e24f-4661-b9ce-3fdb3a84636e,not_disclosed,female,no,46-55,christian,rwandan,n/a
eac74d98-1f12-47b7-b54f-b41c60b7d9ad,not_disclosed,female,no,66+,christian,rwandan,n/a
21e3792f-94f8-4b68-99ac-5b8408151929,not_disclosed,male,no,36-45,christian,rwandan,n/a
a01bd7d6-bffc-413a-be8c-7cef610f6fe7,not_disclosed,female,no,46-55,christian,rwandan,n/a
9b976124-a59f-420d-b0d1-905c3f64c5e6,not_disclosed,female,no,26-35,christian,rwandan,n/a
5ef43918-38ae-4e42-99a6-04716ae3c9d7,not_disclosed,male,yes,46-55,christian,rwandan,n/a
5d0748cf-7bcd-4bc7-8e4c-d6e18a03cf06,not_disclosed,male,no,26-35,christian,rwandan,n/a
04a44a3a-55ac-4d5a-afd6-086fc7e83e03,not_disclosed,female,no,36-45,christian,rwandan,n/a
7d2ddc8d-00b5-4c44-b88c-4b6b32d3321f,not_disclosed,female,no,66+,christian,rwandan,n/a
662b5849-ca7a-4dca-af24-63d5cd4cb2aa,not_disclosed,female,no,36-45,none,rwandan,n/a
5eaf81ff-970b-4b2a-9de1-fa58ef75a38a,not_disclosed,male,no,56-65,christian,rwandan,n/a
d9bee877-4b95-4aff-82de-16f7ba2ae5dc,not_disclosed,female,no,26-35,other,other,n/a
3de874ce-f8a2-4380-b138-ce3cf2b2f0eb,not_disclosed,female,no,18-25,christian,rwandan,n/a
e7596868-32cb-4760-8ca1-a6ce9095e72c,not_disclosed,male,no,56-65,christian,rwandan,n/a
85ea4b19-b770-49b2-929a-021a0249c31f,not_disclosed,female,no,66+,none,rwandan,n/a
b59034fd-e778-430c-88aa-855e2da7b57f,not_disclosed,female,no,26-35,christian,rwandan,n/a
d5816846-35d5-4208-96e3-9c1a625d16c7,not_disclosed,male,no,56-65,other,rwandan,n/a
2479f79e-effb-4955-86b9-1b58a06ae106,not_disclosed,male,no,36-45,christian,rwandan,n/a
65463eee-e641-4732-88a9-56b1cd08a16e,not_disclosed,male,no,26-35,christian,other,n/a
33f021bb-8cbc-4a7b-af3d-5720f9ce7c7c,not_disclosed,male,no,56-65,muslim,rwandan,n/a
7a91d263-8b5a-43b0-b3da-b4ecde3c8d19,not_disclosed,male,no,36-45,christian,rwandan,n/a
e33a3917-e6a0-4bb7-b1d2-2cd642f92767,not_disclosed,male,no,26-35,christian,rwandan,n/a
7023269f-3fbd-41dc-8f5c-1fa0da5cfaaa,not_disclosed,male,no,18-25,christian,rwandan,n/a
f2093e40-4b3a-444d-8132-c18466c320f3,not_disclosed,female,no,36-45,other,other,n/a
ac02a8c6-a21f-42b9-9ac7-3e40fcc610ca,not_disclosed,male,no,56-65,christian,rwandan,n/a
32f3e624-5b72-458d-81c8-3e50ecc66da3,not_disclosed,male,no,46-55,christian,rwandan,n/a
f8da456d-2869-4bd0-b901-6b5e61c70bbe,not_disclosed,male,no,36-45,christian,rwandan,n/a
e28ef585-2039-47d5-aaf6-279d973c498a,not_disclosed,male,no,66+,muslim,other,n/a
93c708b7-f991-468d-a77b-170c4315ee77,not_disclosed,female,no,26-35,christian,rwandan,n/a
98d4eed1-d45e-4670-b89a-5bc08cb32a83,not_disclosed,male,no,18-25,other,rwandan,n/a
868a53a8-2b23-4877-ba40-f430be998e51,not_disclosed,male,no,36-45,christian,rwandan,n/a
6a5e9a43-9de7-498d-a0d2-a980fbb98200,not_disclosed,female,no,26-35,christian,rwandan,n/a
cc919c88-78c1-4a1c-b831-668903782613,not_disclosed,male,no,26-35,christian,rwandan,n/a
700af738-2855-4862-9ff4-66a32f116c56,not_disclosed,male,no,56-65,muslim,rwandan,n/a
cde8160f-d292-4d5f-b8be-f9022141642c,not_disclosed,female,no,36-45,other,rwandan,n/a
b633d32c-1478-41c6-af9b-ce76e72fa26b,not_disclosed,male,no,56-65,christian,rwandan,n/a
45cfc5d4-5149-43b9-be1e-828bac3fc59f,not_disclosed,male,no,56-65,christian,rwandan,n/a
9a71bbd0-0780-43ff-9650-120c805a835a,not_disclosed,male,no,18-25,christian,rwandan,n/a
bbc769f8-93cb-4256-b641-cef3b7c8f2ce,not_disclosed,female,no,46-55,christian,rwandan,n/a
2d9404b2-fe57-4fb6-a1ee-396c5a64fb1e,not_disclosed,male,no,56-65,christian,other,n/a
a8d9606e-e549-4550-8791-68fa3ccc4eb1,not_disclosed,male,no,36-45,christian,rwandan,n/a
4f41e548-fbd0-4038-b1ce-4978424d111b,not_disclosed,male,no,36-45,christian,rwandan,n/a
dfc96ab1-4aa7-4f41-b7c0-d4fe9592d9d3,not_disclosed,male,no,66+,christian,rwandan,n/a
731e1d28-6720-421e-abb1-3816a624de98,not_disclosed,male,no,46-55,christian,rwandan,n/a
0882acca-8030-4680-a624-d6b95b4710e9,not_disclosed,female,no,56-65,christian,rwandan,n/a
c5ce371c-bb84-44c3-8e6c-f5abd1c5e030,not_disclosed,male,no,46-55,christian,rwandan,n/a
a7b363c8-3fa8-48fd-87ff-6cc299960e68,not_disclosed,female,no,46-55,christian,rwandan,n/a
10bf527a-20ac-4f01-b3c7-954016ac9fec,not_disclosed,female,no,26-35,christian,rwandan,n/a
3c21a1c5-486e-41ea-821f-a13fa17ec047,not_disclosed,male,no,26-35,christian,rwandan,n/a
6ea71a59-9bb0-406d-8b58-b109ba9e9fed,not_disclosed,male,no,46-55,christian,rwandan,n/a
b1066dc0-8087-4327-ae40-67d0bbd02aa5,not_disclosed,male,no,66+,christian,rwandan,n/a
128b60fb-9473-4a80-92ef-8a66aa9ab67d,not_disclosed,female,no,18-25,christian,rwandan,n/a
c24aa5e7-ee00-4040-84f8-9423045a8cde,not_disclosed,male,no,36-45,christian,rwandan,n/a
ee220a8e-1952-47a7-81ca-e10bc089c2aa,not_disclosed,female,no,36-45,christian,rwandan,n/a
72940847-6414-4258-95b3-4f8a6e128721,not_disclosed,male,no,26-35,christian,rwandan,n/a
bd8f970b-2423-45d5-8e3c-6fc67b7d58fd,not_disclosed,male,no,46-55,christian,rwandan,n/a
dc521bb7-201e-4ba1-873b-794337d6895f,not_disclosed,male,no,36-45,christian,rwandan,n/a
d1712a42-e3f5-4c44-9cf4-71717c082efa,not_disclosed,male,no,66+,christian,rwandan,n/a
7a63fc9e-8b9f-4f92-b4c3-7b8eb2b74160,not_disclosed,female,no,26-35,christian,rwandan,n/a
1427a3ae-93bd-41d9-840c-1d93185ce23e,not_disclosed,female,no,56-65,christian,rwandan,n/a
e65ea893-d963-4267-be9c-fbda36dce66a,not_disclosed,male,no,26-35,christian,rwandan,n/a
eb0b1822-6065-4661-9227-26bd36313d7d,not_disclosed,female,no,26-35,christian,rwandan,n/a
f3db671a-41a5-4d36-ab25-821723eaace0,not_disclosed,male,no,18-25,christian,rwandan,n/a
3937af5b-59a5-4052-9ada-aaf61c94be64,not_disclosed,female,no,18-25,christian,rwandan,n/a
02140484-0d5c-4dec-af4c-d97c4ad4927b,not_disclosed,male,no,46-55,christian,rwandan,n/a
2f99ee40-fc05-44f2-9e3e-35c60bb8af6c,not_disclosed,male,no,36-45,christian,rwandan,n/a
128ba85f-4f20-4275-acef-898b85528dbc,not_disclosed,male,no,36-45,christian,rwandan,n/a
09e99b69-2167-4d52-9075-b569fd389d14,not_disclosed,male,no,56-65,christian,rwandan,n/a
39769e68-dd46-4bc8-93bd-798b3518fb1d,not_disclosed,female,no,26-35,none,other,n/a
6925be24-7cae-4e91-b73a-a46900f5ccf8,not_disclosed,female,no,56-65,christian,rwandan,n/a
75bfbe25-6d8c-4c63-b3bc-de1f2e0e3ef7,not_disclosed,male,no,56-65,christian,rwandan,n/a
e3c3ed67-efaa-4d79-bc64-0300ffc9a7b4,not_disclosed,female,no,26-35,christian,rwandan,n/a
439c08b5-c3cd-4987-bf35-9748aa52982a,not_disclosed,male,no,56-65,christian,rwandan,n/a
fb161f79-fd7e-4d5a-ab5e-314a932205bf,not_disclosed,male,yes,66+,christian,rwandan,n/a
131e5093-a40d-483a-85c7-8f21a807a479,not_disclosed,male,no,26-35,christian,other,n/a
a9a607d1-0a32-4ef2-876b-7316b3ac290e,not_disclosed,male,no,66+,christian,rwandan,n/a
32446ac4-42b4-4483-8593-928576748eb8,not_disclosed,male,no,36-45,christian,other,n/a
bc204eb4-7658-4163-80a5-9cdffa764850,not_disclosed,male,no,26-35,christian,rwandan,n/a
f21c8d60-a3e9-4fca-ab82-7a01b20e4dcf,not_disclosed,male,no,26-35,christian,rwandan,n/a
8066fd69-9b83-4881-ab49-3e8defa956c2,not_disclosed,male,no,26-35,christian,rwandan,n/a
2aed38ed-1fd2-454a-bbd6-b5bc0ab2cbc7,not_disclosed,male,no,36-45,christian,rwandan,n/a
34ba1260-93cb-4b5c-8673-faa72b6a4678,not_disclosed,female,no,56-65,christian,rwandan,n/a
8834170c-cb77-4a72-8069-ee0f2aab1202,not_disclosed,female,no,36-45,muslim,rwandan,n/a
3c4d26aa-9dc9-47ed-a2d8-73c7138cd6e9,not_disclosed,male,no,18-25,christian,rwandan,n/a
e1b06c4a-f916-497f-8f6f-87b588142281,not_disclosed,male,no,46-55,christian,rwandan,n/a
3d83584e-f071-4924-ab66-749d2b2abcfc,not_disclosed,male,yes,46-55,christian,rwandan,n/a
02ecf22a-4ade-47d5-9240-526d098d2b23,not_disclosed,male,no,66+,christian,rwandan,n/a
dc49109d-59ed-4b11-a071-47093bf3855e,not_disclosed,female,no,36-45,christian,rwandan,n/a
dd933725-5078-4f9a-8f29-63f600a4d9b8,not_disclosed,female,no,36-45,other,rwandan,n/a
601d0111-68e8-434f-adee-2bd622c3b1cf,not_disclosed,male,no,18-25,christian,rwandan,n/a
1640fcbb-bb14-447b-9845-f4a922504427,not_disclosed,male,no,18-25,christian,rwandan,n/a
d68b4185-27fa-486a-bbd1-ffebe18d8b06,not_disclosed,male,no,36-45,christian,rwandan,n/a
af45228a-fd90-4200-80d4-bc733cc5928a,not_disclosed,male,no,56-65,christian,rwandan,n/a
05439994-ed50-456a-94d2-807b3f7d15b3,not_disclosed,male,no,66+,christian,rwandan,n/a
225ac333-1cb7-46b1-99ec-766e9287f840,not_disclosed,male,no,46-55,other,rwandan,n/a
8e42e56b-9e57-43eb-b81f-fa4630f72706,not_disclosed,female,no,36-45,none,rwandan,n/a
06dac788-8a24-47af-914e-3b45cfff060d,not_disclosed,female,no,46-55,christian,rwandan,n/a
669a06ea-2edb-4272-b988-b42bb71ca26b,not_disclosed,male,no,56-65,christian,rwandan,n/a
b398c669-8fac-4de0-aae0-ddd5224fe9a4,not_disclosed,male,no,46-55,christian,rwandan,n/a
45dbfb09-8302-4e1e-b51a-a779e946b9c6,not_disclosed,male,no,36-45,christian,rwandan,n/a
09284fd6-cc94-4e7b-83d7-0bce070a6ade,not_disclosed,female,no,56-65,christian,rwandan,n/a
33ecf228-ba51-4bfe-a6af-bdcfafabaea3,not_disclosed,male,no,46-55,christian,rwandan,n/a
c6721a82-8450-4af9-81de-021558692657,not_disclosed,female,no,46-55,christian,rwandan,n/a
77581c4d-a7e1-4ff8-93e0-7e5f882ee928,not_disclosed,male,no,46-55,christian,rwandan,n/a
db3c6934-62a1-4e5f-ad48-64445f86d209,not_disclosed,male,no,36-45,christian,rwandan,n/a
0b566e0b-4e9c-4218-a5f0-7cdf71e34ab5,not_disclosed,male,no,26-35,christian,rwandan,n/a
dd0dd8ab-dabe-4199-9a6f-c3f9c028ffd0,not_disclosed,male,no,36-45,christian,rwandan,n/a
a7a63e74-9212-43de-9883-bad7e9d8ca52,not_disclosed,male,yes,26-35,christian,rwandan,n/a
fb43662d-0c55-4ae1-af32-4b2362bbe888,not_disclosed,male,no,26-35,christian,rwandan,n/a
a1244fb8-c157-4aab-9b7b-8042d20e75eb,not_disclosed,male,no,36-45,christian,rwandan,n/a
30ff20fa-7cb7-4f17-aeca-52ec4de30eb6,not_disclosed,male,no,46-55,christian,rwandan,n/a
f098bd9f-2401-4039-8681-b7aa3b88a904,not_disclosed,male,no,46-55,christian,rwandan,n/a
5ea5a9bf-b6f2-4032-99b4-d4efeaf9b9bb,not_disclosed,female,no,26-35,christian,rwandan,n/a
23c63598-8d8b-4eee-bf51-8872de821b8e,not_disclosed,male,no,66+,none,rwandan,n/a
bad9cbb4-b85c-4971-b70e-45894b657c2e,not_disclosed,male,no,46-55,christian,rwandan,n/a
6f09721a-8126-4bf1-bc28-87246df47edf,not_disclosed,male,no,56-65,christian,rwandan,n/a
514201f7-202f-485c-8b2e-cac843cb8bca,not_disclosed,male,no,56-65,christian,rwandan,n/a
e3b835e8-756a-473e-b5ac-4049c9852657,not_disclosed,female,no,26-35,christian,rwandan,n/a
305706cf-2376-4d03-8544-b813bdc020e3,not_disclosed,male,no,36-45,christian,rwandan,n/a
1aa64473-12b5-4b38-a3b7-9b6ed6b19e9a,not_disclosed,male,no,26-35,christian,rwandan,n/a
c5ba5ea0-172b-4ea8-8727-0d01ec4444a4,not_disclosed,male,no,46-55,muslim,rwandan,n/a
b83779e8-82a1-4647-8085-3cf441be680a,not_disclosed,male,no,56-65,other,rwandan,n/a
9d14e858-29c7-4aff-bbd2-9905857452c6,not_disclosed,male,no,46-55,christian,rwandan,n/a
9d4e7aee-e0a6-44c5-9726-16cf436377b5,not_disclosed,male,no,56-65,christian,rwandan,n/a
3a91cac8-43c8-4aba-880a-592f843e8b61,not_disclosed,male,no,36-45,christian,rwandan,n/a
0f5eede9-11e6-410b-81f2-b7dd86e4f9c5,not_disclosed,female,no,26-35,christian,rwandan,n/a
1e0c2a5a-2762-4414-bb6e-e25abdecb393,not_disclosed,male,no,26-35,muslim,rwandan,n/a
ccf7cfa6-70ae-43d2-85e3-c61d1db2d8f3,not_disclosed,female,no,18-25,christian,rwandan,n/a
4d8baa6f-0b53-46c9-bfea-7ac9da902ee5,not_disclosed,male,no,36-45,christian,rwandan,n/a
cfb40a1f-2044-49fa-86e7-6c170b7c86cc,not_disclosed,female,no,36-45,christian,rwandan,n/a
4a43f279-ebc9-4dd7-a2df-24863542ba40,not_disclosed,female,no,66+,christian,rwandan,n/a
3de4b65c-f6f6-40b8-a248-6484c88a9787,not_disclosed,male,no,36-45,christian,rwandan,n/a
06b0c9c5-31b1-444b-aa3b-1be27bf91251,not_disclosed,female,no,66+,christian,rwandan,n/a
fe95546b-e716-4a1a-baf5-43c26f312b16,not_disclosed,male,no,26-35,christian,rwandan,n/a
5f84d6bb-e258-40e3-8b2e-619b971595de,not_disclosed,female,no,56-65,christian,rwandan,n/a
cddcf115-4225-48ef-bf1d-c0848d10c543,not_disclosed,male,no,18-25,muslim,rwandan,n/a
cd6dd806-ce03-4218-974b-b775edd867db,not_disclosed,female,yes,46-55,christian,other,n/a
db3d6dbf-9cd8-4c47-9fbe-77afe455e9dc,not_disclosed,female,no,66+,christian,rwandan,n/a
abc5cc75-f184-4173-acfe-3fdb901718d5,not_disclosed,female,no,18-25,muslim,rwandan,n/a
f73c88bc-987f-415a-869d-ee904bf8d378,not_disclosed,male,no,56-65,christian,rwandan,n/a
c53a6c19-7399-4d7d-b61b-555864d95298,not_disclosed,female,yes,26-35,christian,rwandan,n/a
21ce39c2-224d-4bde-8834-6cd63eb50693,not_disclosed,female,no,26-35,christian,rwandan,n/a
02464dcc-094f-4e1e-b35e-febf7fa17c48,not_disclosed,male,no,26-35,christian,rwandan,n/a
0206c596-8764-4313-8919-f0d6cebe0e34,not_disclosed,male,no,26-35,christian,rwandan,n/a
a5519d03-e0e0-4145-a7d0-532d7b29306c,not_disclosed,male,no,46-55,christian,rwandan,n/a
4c661130-e748-4095-8a79-0fa609328d0e,not_disclosed,female,no,46-55,christian,rwandan,n/a
6e7254f9-b6eb-4115-a754-70cd9e5e049d,not_disclosed,female,no,26-35,christian,rwandan,n/a
81c4b862-8c17-4582-a411-8938e438134e,not_disclosed,male,no,26-35,christian,rwandan,n/a
bc71783f-98f8-47c5-8ebd-792e89159a2d,not_disclosed,male,no,36-45,christian,rwandan,n/a
0df8fb0b-fd55-4bae-a5c1-ad2232e9ed26,not_disclosed,male,no,56-65,christian,rwandan,n/a
40af49c5-f29b-46fe-9d22-6e21742dfafc,not_disclosed,male,no,56-65,christian,rwandan,n/a
cff53d6b-870c-4445-97f8-61d55c0d1b86,not_disclosed,male,no,46-55,christian,rwandan,n/a
d25d98b1-9358-4525-b890-2e2d3c6b4856,not_disclosed,male,no,36-45,muslim,rwandan,n/a
b426a1c1-aa63-42bc-9bf4-b5592a7e2ad3,not_disclosed,male,no,18-25,christian,rwandan,n/a
d8c886f1-76bc-4cf6-9d84-d64269687795,not_disclosed,female,no,26-35,none,rwandan,n/a
7bca2ce2-f4bd-4ce1-b66f-04c56a89951b,not_disclosed,male,no,36-45,muslim,rwandan,n/a
7491a54d-78dd-4628-9932-e5ff7997c0dd,not_disclosed,male,no,46-55,christian,rwandan,n/a
09890025-b04d-49ab-b310-ddc2f25b25c1,not_disclosed,male,no,26-35,christian,rwandan,n/a
1159df13-0b32-4276-a173-5b0ca54f9835,not_disclosed,male,no,56-65,christian,rwandan,n/a
13d9d849-6f30-48e3-897c-aa908472b194,not_disclosed,male,no,46-55,christian,rwandan,n/a
13b1276d-d36b-4f99-b800-26e37322e560,not_disclosed,male,no,56-65,christian,rwandan,n/a
d952a20f-bc11-457e-bcc1-83d983cc6126,not_disclosed,male,no,56-65,christian,rwandan,n/a
a55cfea6-a71e-437c-9179-e7bf1e12119a,not_disclosed,male,no,56-65,christian,rwandan,n/a
f9a33e53-a8a3-48a7-9340-f2bb711673da,not_disclosed,male,no,26-35,christian,rwandan,n/a
496aea5b-4c2a-4ce2-9f1d-71804b1ac49d,not_disclosed,male,no,26-35,christian,rwandan,n/a
0005ad2c-5144-4f43-862a-4c84bb9b6344,not_disclosed,male,no,56-65,christian,rwandan,n/a
0d1b141c-e466-4bd1-9db1-18c1852553eb,not_disclosed,male,no,36-45,christian,rwandan,n/a
fe0aa151-c699-4b62-9c8e-0deeb3dc986a,not_disclosed,male,no,46-55,christian,rwandan,n/a
048d7967-fb01-4b21-9251-c1b9567a6341,not_disclosed,female,no,56-65,christian,rwandan,n/a
2b7d795d-82ae-4d63-8243-8a7d304e9a48,not_disclosed,male,no,56-65,christian,rwandan,n/a
81d6db4f-cb9f-42f8-ba4a-bed5e0fe3fd7,not_disclosed,male,no,36-45,christian,rwandan,n/a
69e00644-4c80-47af-abe3-b424139cb555,not_disclosed,female,no,18-25,muslim,rwandan,n/a
4969e6b1-579a-435b-a350-c64f76446876,not_disclosed,female,no,26-35,other,rwandan,n/a
dd6140df-39d2-4a10-95a2-c09ad86ca7c0,not_disclosed,female,no,66+,christian,rwandan,n/a
4b6a7407-bf9f-4a9a-859f-8d258a006acf,not_disclosed,male,no,36-45,christian,rwandan,n/a
5914204e-0ec2-4399-89bb-e02d49035e92,not_disclosed,female,yes,46-55,christian,rwandan,n/a
2dd44f3b-2265-4e56-b050-6e00d05a82a3,not_disclosed,male,no,36-45,christian,rwandan,n/a
d71b4e98-2c30-4456-a182-21a513a91228,not_disclosed,male,no,26-35,christian,rwandan,n/a
1541daee-8016-450c-a39c-4c8d84a9bd90,not_disclosed,female,no,66+,christian,rwandan,n/a
0a6f2c18-27a8-4c3b-b27e-46f2a07557eb,not_disclosed,male,no,66+,christian,rwandan,n/a
2d7faef3-c4eb-44a5-a477-45e9c07a8f08,not_disclosed,male,no,46-55,christian,rwandan,n/a
c74c37f1-35ff-4c32-b67a-afb8abd811af,not_disclosed,male,no,56-65,christian,rwandan,n/a
d04d998f-134b-4674-94fb-90f5f985c0f5,not_disclosed,male,no,26-35,muslim,rwandan,n/a
1d8b01f2-21a6-4a25-8782-686175c95b22,not_disclosed,female,yes,46-55,christian,rwandan,n/a
4f6d95ef-f95a-401f-856a-1dd4709c6ac1,not_disclosed,male,no,46-55,christian,rwandan,n/a
5189bebd-7f9e-4a5d-8515-63e94bb80d9c,not_disclosed,male,no,56-65,christian,rwandan,n/a
2eee6a56-1622-4303-8e5c-89e6aa4f2214,not_disclosed,male,no,46-55,christian,rwandan,n/a
f75936f2-01a9-4121-910b-0d1fab4d3a29,not_disclosed,male,no,26-35,christian,rwandan,n/a
62c71e8a-7ec9-471f-9a29-f615df9ca4e5,not_disclosed,male,no,36-45,christian,rwandan,n/a
0d6ed201-0e3e-4d3b-a472-fd71b905609f,not_disclosed,male,no,46-55,christian,rwandan,n/a
7efb4df1-58b8-47cd-9dec-45bef06a85fb,not_disclosed,male,no,26-35,christian,rwandan,n/a
618bbb15-6200-40dd-bd63-ba073d1930f8,not_disclosed,female,no,66+,christian,rwandan,n/a
b991f26f-b35e-430d-9302-de8f7cb659cf,not_disclosed,male,no,26-35,christian,rwandan,n/a
9cddb3b9-936c-4ca0-acc0-4848279e3bdf,not_disclosed,male,no,36-45,christian,other,n/a
7110f683-2bc7-4b21-a815-def825b80247,not_disclosed,male,no,26-35,muslim,rwandan,n/a
c9f147e5-4d9f-4522-9029-86e41edcd381,not_disclosed,male,no,56-65,christian,rwandan,n/a
1f4174f8-4f84-4d1e-8e62-039dfa61538b,not_disclosed,male,no,36-45,other,rwandan,n/a
488ba62c-b8d0-41db-8904-2c2cb489fb0a,not_disclosed,female,no,66+,christian,rwandan,n/a
2873b6a1-876f-4bd2-af44-803b9b2cef8b,not_disclosed,male,yes,66+,christian,other,n/a
a28bf818-69f2-4888-be5f-1a8cd567b361,not_disclosed,male,no,66+,christian,rwandan,n/a
6a7e7d31-c9fb-4a32-8cae-c756d12059ef,not_disclosed,male,no,18-25,christian,rwandan,n/a
4d110a10-4680-4f38-86f5-aaf4b5740cdf,not_disclosed,female,no,46-55,christian,rwandan,n/a
991b87de-186b-465b-ad85-63cb56f8d038,not_disclosed,male,no,66+,christian,rwandan,n/a
d794865b-2044-48af-b3fe-81ecd9379205,not_disclosed,male,no,66+,christian,rwandan,n/a
bdb9a3af-50c0-484a-a92b-936fd0b7322e,not_disclosed,female,no,66+,christian,rwandan,n/a
95df91f5-748b-415a-8b13-2ad2b7363bb0,not_disclosed,male,yes,36-45,christian,rwandan,n/a
b517a1f4-dd12-4e40-af84-fdac4ad222ca,not_disclosed,male,no,66+,christian,rwandan,n/a
24b9ac16-0beb-4675-b15f-7a03a934b159,not_disclosed,female,no,36-45,christian,rwandan,n/a
082bb423-1a8c-4f81-bf6f-7e381f9b5eba,not_disclosed,female,no,46-55,christian,rwandan,n/a
ccd7e065-bedc-49fe-9c13-660a21405be2,not_disclosed,male,no,26-35,christian,rwandan,n/a
45d90b57-e282-43b9-a4fa-39260df885bf,not_disclosed,male,no,66+,none,rwandan,n/a
a52523ab-37ef-40f1-8cb6-fc1343148cc3,not_disclosed,female,no,36-45,christian,rwandan,n/a
dc1e94aa-de9f-4450-97b1-04b3a2981ef4,not_disclosed,female,no,56-65,christian,rwandan,n/a
f9a41c6b-6db5-4f42-b857-0e1a5dfb653e,not_disclosed,male,no,46-55,christian,rwandan,n/a
45c6bac9-aaa3-4bdd-93fd-82ccef2b4456,not_disclosed,male,no,56-65,christian,rwandan,n/a
2c4dd1c3-491d-4c89-8fa2-df36df8740bb,not_disclosed,male,no,66+,christian,rwandan,n/a
63b7ad29-a2cb-43e8-b948-5096998eb089,not_disclosed,female,no,26-35,none,rwandan,n/a
f7170af3-4dc0-4e3d-895c-96d70e05879b,not_disclosed,female,no,26-35,christian,rwandan,n/a
d725ebab-ad37-4d89-9387-3e9385beef34,not_disclosed,male,no,18-25,christian,rwandan,n/a
bb4075bb-e738-41f4-bcc9-932880df21fb,not_disclosed,male,no,46-55,christian,rwandan,n/a
afb42dbb-97af-45a3-969b-4d4707f55eeb,not_disclosed,female,no,26-35,christian,rwandan,n/a
4679adbb-161d-4c47-834a-5c588040e0aa,not_disclosed,female,no,56-65,christian,rwandan,n/a
e7de2d32-1775-4768-997b-99053082c50a,not_disclosed,female,no,26-35,christian,rwandan,n/a
e5da55f0-68ef-444a-b90c-c29eb8a8e81a,not_disclosed,male,no,66+,christian,rwandan,n/a
d78d47c4-6f03-4b7c-9778-0aee0a175a47,not_disclosed,male,no,66+,christian,rwandan,n/a
be19fb95-cb14-4c4b-803d-beae783a4ea8,not_disclosed,female,no,46-55,christian,rwandan,n/a
a85946eb-d6fe-4797-aa0d-1c8bf7618578,not_disclosed,male,no,56-65,christian,rwandan,n/a
b8997fae-3502-4676-afd5-968ea7bc2fca,not_disclosed,male,no,18-25,other,rwandan,n/a
d8340ac4-7239-4821-a98a-edc52dd5e4e8,not_disclosed,male,no,26-35,christian,rwandan,n/a
f1eef819-b716-419e-a0d7-f4105b81c99d,not_disclosed,male,yes,26-35,christian,rwandan,n/a
63ebfa0d-d6d4-48f3-bd2e-7410fab7a026,not_disclosed,male,no,18-25,christian,rwandan,n/a
0f41afcd-5a7a-4efb-ad2a-a8b34d0ceff2,not_disclosed,female,no,56-65,other,rwandan,n/a
f904608b-0c8f-4e1d-a276-0df656d973bc,not_disclosed,female,no,66+,christian,rwandan,n/a
da3b1723-8677-412e-92c9-71513defdd6c,not_disclosed,male,no,26-35,christian,rwandan,n/a
ab85d081-9dd3-4a6f-b97b-23bd2f70222a,not_disclosed,male,no,56-65,christian,rwandan,n/a
349d1c9e-f21f-445f-a32a-b331e33ab0df,not_disclosed,male,no,36-45,christian,rwandan,n/a
af1f4595-5dc2-450b-a337-2adcdf33a0e4,not_disclosed,male,no,26-35,christian,rwandan,n/a
368700e8-0cc6-4544-b0b7-4f8c86e6aed4,not_disclosed,male,yes,66+,christian,rwandan,n/a
07302a92-2624-45f9-9e19-dbfd55de25d1,not_disclosed,male,no,26-35,christian,rwandan,n/a
23e2d6ad-1455-4304-a990-2e585bdd8c66,not_disclosed,male,no,66+,christian,rwandan,n/a
19e853c4-17f7-428f-9916-f540aa474caa,not_disclosed,male,no,26-35,christian,rwandan,n/a
ae07fa61-7ca9-4d99-b4e3-cd6da52e447b,not_disclosed,male,no,56-65,christian,rwandan,n/a
cea71e42-1d98-4329-a4b5-9b6b5f9bf362,not_disclosed,male,no,18-25,christian,rwandan,n/a
93bda933-4613-4f24-9ab7-f06e5540696b,not_disclosed,female,no,26-35,none,rwandan,n/a
4b80d430-299a-400f-a760-3977e2a2b52f,not_disclosed,male,no,46-55,christian,rwandan,n/a
f443be78-912a-4322-b618-046c1f561b2b,not_disclosed,male,no,56-65,christian,rwandan,n/a
0069f481-e0ca-414b-8167-2c63b847e97b,not_disclosed,male,no,56-65,christian,rwandan,n/a
25eeb45c-6202-45f7-a181-7ac713a51d02,not_disclosed,male,no,36-45,christian,rwandan,n/a
1d16c40d-a174-4adf-9799-c003c22631d1,not_disclosed,female,no,26-35,christian,rwandan,n/a
fff59934-3edd-4743-b772-ad515fd68e62,not_disclosed,male,no,26-35,none,rwandan,n/a
cd4067dc-3c9e-4831-bf8d-abf90ba4eb1a,not_disclosed,female,no,36-45,christian,rwandan,n/a
d86c8884-576e-4884-97f6-efee8f15c381,not_disclosed,female,no,56-65,christian,rwandan,n/a
0afffee6-5fb3-4d63-b43a-5faf6671184f,not_disclosed,male,no,18-25,christian,rwandan,n/a
2309f3ae-29f0-45b8-a81c-08969c6413fb,not_disclosed,male,no,66+,christian,rwandan,n/a
90b9322b-3c4a-4414-ab9b-4f37d47cbb5f,not_disclosed,male,no,36-45,christian,rwandan,n/a
3e0de3c6-4e34-43c9-bb60-be9361035869,not_disclosed,male,no,46-55,christian,rwandan,n/a
b7545d8d-217d-45d3-982a-9926876841f8,not_disclosed,female,no,46-55,christian,rwandan,n/a
7b951c30-8e01-4915-a3fa-0ddc1bdfffec,not_disclosed,male,no,56-65,christian,rwandan,n/a
64097fdb-8b79-44ac-a20c-6741d0570d12,not_disclosed,female,no,56-65,christian,rwandan,n/a
9e642a6d-4966-4f66-a4a5-c8e1c057b3ca,not_disclosed,male,no,46-55,christian,rwandan,n/a
b4ababaf-53fd-448f-893a-0a1f435c8607,not_disclosed,male,no,36-45,christian,rwandan,n/a
f8b3b212-ee24-4453-8393-ea9847da322a,not_disclosed,male,no,36-45,christian,rwandan,n/a
93f362ad-305b-41b6-b8fc-6e2a7276922c,not_disclosed,male,no,66+,christian,rwandan,n/a
144b45c3-ede5-4f0a-9b76-e8bea965f569,not_disclosed,female,no,26-35,christian,rwandan,n/a
11bee98e-e1ad-4e64-95bc-aa5091be69b6,not_disclosed,female,no,36-45,christian,rwandan,n/a
efded1c6-14a4-402e-8209-c89b775f4467,not_disclosed,female,no,46-55,christian,rwandan,n/a
4eeb1462-3e4c-47d9-b2db-4624c1fc574c,not_disclosed,female,no,66+,christian,rwandan,n/a
d3dd68b4-ca7b-404e-8270-6410d0dbde0f,not_disclosed,female,no,36-45,christian,rwandan,n/a
c2452610-b5b7-4cea-b5ac-23c2bf624a22,not_disclosed,male,no,36-45,christian,rwandan,n/a
3482975a-4c09-4efd-a4ad-13e0928c2b76,not_disclosed,female,no,46-55,christian,rwandan,n/a
18ddf27d-80ca-4e2a-b829-759a3e3d985e,not_disclosed,male,no,36-45,muslim,rwandan,n/a
a26089be-2a3d-4045-bdc6-4197e330056a,not_disclosed,male,yes,26-35,christian,rwandan,n/a
d2c64c1f-9a3d-400c-a31b-02a7792a4540,not_disclosed,female,no,36-45,christian,rwandan,n/a
a3bf8407-9812-4c09-a753-539a12d09bbe,not_disclosed,male,no,46-55,christian,rwandan,n/a
6e58ee67-1e08-412b-a755-86246c13e7f8,not_disclosed,male,no,46-55,christian,other,n/a
0205fb9d-5c67-4a27-b15c-8508bbde459d,not_disclosed,female,no,26-35,muslim,rwandan,n/a
fb121ac8-ea0e-40e4-83e3-09e21b4680cd,not_disclosed,male,no,46-55,christian,rwandan,n/a
0b916f3e-8289-46f9-a0af-fe63216e8270,not_disclosed,female,no,36-45,christian,rwandan,n/a
333911ac-2e5f-446e-a008-28774f766aa0,not_disclosed,male,no,66+,other,rwandan,n/a
84596c4f-c55e-4bbb-afa3-cf538599ac97,not_disclosed,male,no,66+,christian,rwandan,n/a
77c7afcb-81d4-4989-8478-ee188914d239,not_disclosed,male,no,46-55,none,rwandan,n/a
d9f64b9e-2d1a-46ba-a1a6-91566ef2fc03,not_disclosed,male,no,46-55,christian,rwandan,n/a
8225599b-3377-4df8-a4ef-58a5b359cfde,not_disclosed,female,no,56-65,christian,rwandan,n/a
3cdfbd21-e598-4baf-b1ae-7325d1f72a5f,not_disclosed,male,no,26-35,christian,rwandan,n/a
0fcd9c1e-532f-4aec-aaa4-bc3e60c4d4f8,not_disclosed,male,yes,46-55,other,rwandan,n/a
82ed55ad-ee55-4adb-9b55-3ac53563c56b,not_disclosed,male,no,26-35,christian,rwandan,n/a
5166e09e-c212-437d-90e6-3ad256ca8724,not_disclosed,male,no,56-65,christian,rwandan,n/a
e1f4d6a0-a59b-47b4-b57f-ea7f23ab8a66,not_disclosed,male,no,26-35,muslim,rwandan,n/a
5f861949-a9b1-4984-91b1-9658d8cdb904,not_disclosed,female,no,66+,muslim,rwandan,n/a
1033f5af-8350-4c0e-8fab-c4cb3b796b66,not_disclosed,male,no,46-55,christian,rwandan,n/a
e35f9e86-3e29-408b-a0e8-ed5c60e2d1e8,not_disclosed,female,no,26-35,christian,rwandan,n/a
3df046a2-7596-4503-ae1f-f35ccc412a44,not_disclosed,male,no,26-35,christian,rwandan,n/a
97a38b1e-67e3-4c74-9f9f-3bf63b7944b8,not_disclosed,male,yes,18-25,christian,rwandan,n/a
50bfac81-e941-47e2-8074-8660ed6d0326,not_disclosed,male,no,46-55,christian,rwandan,n/a
702bcf44-15b0-4650-8d25-7e70c547d973,not_disclosed,male,no,36-45,christian,other,n/a
67df58ff-8e55-4100-84f5-ddaf34e07132,not_disclosed,male,no,18-25,other,rwandan,n/a
4163c0ee-a78c-4217-8d65-6745bb8492b7,not_disclosed,male,no,26-35,christian,rwandan,n/a
27f5b284-0c3b-47d6-aed2-1f1e146a879b,not_disclosed,male,no,46-55,christian,rwandan,n/a
377ec0c2-c722-4d0f-bf10-01e9bb6710b8,not_disclosed,female,no,36-45,other,rwandan,n/a
382da9a9-4d35-4f8b-a790-ef22fdfcc757,not_disclosed,female,yes,26-35,christian,rwandan,n/a
a6708aac-fbdf-4ebc-b931-daba314886e4,not_disclosed,female,no,56-65,christian,rwandan,n/a
ee2834f0-d4d4-466a-9e72-b31b0907e09e,not_disclosed,male,no,26-35,christian,rwandan,n/a
84442fc1-25da-4a80-a3ef-da85d572a669,not_disclosed,male,yes,66+,christian,other,n/a
d4b6ab7e-7746-476d-ba3e-7eec72728a62,not_disclosed,male,no,26-35,christian,rwandan,n/a
2be04ff4-4c10-4e52-8644-4e87965b6e62,not_disclosed,male,no,46-55,christian,rwandan,n/a
bd627aa9-568c-407a-904b-adaee7529176,not_disclosed,male,no,26-35,christian,rwandan,n/a
b984b9b1-8eef-4dfc-baef-224715ceb718,not_disclosed,male,no,26-35,christian,rwandan,n/a
777e5f32-89d2-4d54-8984-c2df2437674e,not_disclosed,male,no,36-45,christian,rwandan,n/a
45a4ff49-971f-42a5-abd2-daebbf03175c,not_disclosed,male,no,46-55,none,rwandan,n/a
810dc761-2cd9-4676-b357-3f6682529abf,not_disclosed,male,no,18-25,christian,rwandan,n/a
b614274f-26e8-4432-9e0e-2ba86b100de7,not_disclosed,male,no,26-35,christian,rwandan,n/a
04563267-d872-4996-97c4-17296cb4d9f0,not_disclosed,female,no,46-55,christian,rwandan,n/a
5508116c-891f-41cc-825c-04bac2ecb287,not_disclosed,female,no,66+,christian,rwandan,n/a
e28b3388-4e74-4de4-ad40-3d0d7b020e8f,not_disclosed,male,no,26-35,christian,rwandan,n/a
76ba833f-ec0f-45a8-af77-3d61e573838e,not_disclosed,female,no,36-45,christian,rwandan,n/a
9f463c32-0d05-4ed0-ac33-2efd643a3758,not_disclosed,male,yes,36-45,christian,rwandan,n/a
dfe6fb35-771a-41e4-9840-5aa91d6a8415,not_disclosed,male,no,66+,christian,rwandan,n/a
2db87a51-9c9a-4579-8d96-91647108b5ee,not_disclosed,female,no,56-65,christian,rwandan,n/a
ebfc925c-a0eb-4d5e-ada5-d995486c247a,not_disclosed,female,no,36-45,christian,rwandan,n/a
262a4248-ca41-4aa2-b278-8537a82e4658,not_disclosed,male,no,46-55,christian,rwandan,n/a
80973918-9d77-4591-9253-669782216651,not_disclosed,male,no,56-65,christian,rwandan,n/a
25dd565e-dcbf-4f7d-8c5b-af5e3f8adad4,not_disclosed,male,no,56-65,other,rwandan,n/a
c6174686-36c0-47ad-b7c2-04828b2c1bb8,not_disclosed,female,no,26-35,christian,rwandan,n/a
0d2a7ede-e75d-4cac-abc6-75b639b331a9,not_disclosed,female,no,46-55,other,rwandan,n/a
203833f0-2630-440e-baa4-977ece27e779,not_disclosed,female,no,46-55,christian,rwandan,n/a
20c903d0-20ae-431b-a178-f649acadf075,not_disclosed,male,no,26-35,christian,rwandan,n/a
b8779061-1473-45ca-9287-e7be74e9de80,not_disclosed,male,no,18-25,christian,rwandan,n/a
cf7b261d-049c-4fcc-ab7c-f48734de30ca,not_disclosed,male,yes,66+,muslim,rwandan,n/a
3da47956-41b5-4535-82f2-93e67e5a91cd,not_disclosed,male,no,26-35,christian,rwandan,n/a
73a6ce2c-f3e9-4c8d-a99f-ae2840c6a2cb,not_disclosed,female,no,66+,christian,rwandan,n/a
a1c8c728-8c14-4ebf-8116-fcd469183444,not_disclosed,female,no,26-35,christian,rwandan,n/a
6badfe2f-f4ae-4d60-aaab-0f72b817276e,not_disclosed,male,yes,46-55,christian,rwandan,n/a
7270fea3-96f3-43b0-9f4d-ceebb907b69c,not_disclosed,male,no,26-35,muslim,rwandan,n/a
c26b660a-9135-4a49-a3b2-a3024155f095,not_disclosed,female,no,36-45,christian,rwandan,n/a
e4efe911-bf14-4b06-bfaa-7dae73f0f68f,not_disclosed,female,no,36-45,christian,rwandan,n/a
7b9b82d8-f5ad-409c-b0ba-6a2e1ea2aed5,not_disclosed,female,no,36-45,christian,rwandan,n/a
fab279e0-a074-43c5-88aa-5f07802c7f90,not_disclosed,male,no,26-35,christian,rwandan,n/a
f0149d2d-ee6d-482f-8376-ea5d82529a33,not_disclosed,male,no,56-65,christian,rwandan,n/a
38631be2-2828-4718-90d0-dca0f8e5d328,not_disclosed,male,no,66+,christian,rwandan,n/a
e0ed6504-d234-40b7-8c5d-1927a3634bf4,not_disclosed,male,no,36-45,christian,rwandan,n/a
a4134066-b6a3-49d7-bf4b-c70a38eef42e,not_disclosed,female,no,36-45,christian,rwandan,n/a
be5c0707-7397-442a-a8c3-7f96d132d256,not_disclosed,female,no,66+,christian,other,n/a
7d5062d1-a33b-42e6-ba7c-a4857f931262,not_disclosed,female,no,26-35,christian,rwandan,n/a
bbe8d7d8-731e-4588-87b2-0f0ca23f1154,not_disclosed,male,no,18-25,christian,rwandan,n/a
ef688294-8d1c-4fd4-88b3-8b0307cc8d0b,not_disclosed,female,no,26-35,christian,rwandan,n/a
23693bbe-6d3d-4e4e-b75e-a1d367e3b22b,not_disclosed,male,no,26-35,christian,rwandan,n/a
e6deb384-a560-4851-9c4e-103156b64e5d,not_disclosed,male,no,36-45,christian,rwandan,n/a
25fc905b-55a4-4a88-8d24-75135a56b65f,not_disclosed,female,no,26-35,christian,rwandan,n/a
a0d0de16-c0ea-43b1-a86e-8bcc4a6cbeab,not_disclosed,male,no,56-65,christian,rwandan,n/a
470261b7-c7c5-4c75-a385-fe0ce69ae588,not_disclosed,female,no,66+,christian,rwandan,n/a
81f95610-906d-4a74-98c0-f51b2d84797d,not_disclosed,female,no,56-65,christian,rwandan,n/a
89f8edce-40ac-4f89-b1eb-144e59e1619c,not_disclosed,female,no,26-35,christian,rwandan,n/a
016a44ad-3e78-4ab2-a68f-16c36fe15b9d,not_disclosed,male,no,66+,christian,rwandan,n/a
f6861877-7712-4684-b1e4-381764703a29,not_disclosed,male,yes,36-45,christian,rwandan,n/a
8b19f55b-3c4b-4d9e-a038-4707faac3bcd,not_disclosed,male,no,36-45,christian,rwandan,n/a
94e09e73-b192-4252-9409-4d428eceecb9,not_disclosed,male,no,36-45,muslim,rwandan,n/a
6f98d0fb-5a77-4290-9782-62fd7b772f60,not_disclosed,male,no,56-65,christian,rwandan,n/a
3ac0685f-a836-4a0b-a8f3-2c294d4f7fa2,not_disclosed,female,no,46-55,muslim,rwandan,n/a
c10c216f-565d-4bc0-817a-5d8d01a2e17e,not_disclosed,male,no,26-35,christian,rwandan,n/a
af63b6ff-7cf5-4421-a329-15c1e6962937,not_disclosed,male,no,46-55,christian,rwandan,n/a
13802b29-ea1c-46fd-b38b-f7370112fe54,not_disclosed,female,no,36-45,christian,rwandan,n/a
85dc2a59-3b3b-429d-a035-4f747ad7de30,not_disclosed,male,no,26-35,christian,rwandan,n/a
6a9f5482-bcf6-49fa-ba16-12d42c4af778,not_disclosed,female,no,46-55,christian,rwandan,n/a
e54f1021-0716-415b-b2ca-35fa829ade55,not_disclosed,female,no,46-55,christian,rwandan,n/a
b1686b4e-111d-4661-9501-539120f424c1,not_disclosed,male,no,56-65,none,rwandan,n/a
ef4f6cfc-42f6-44ab-a7f5-581e06535239,not_disclosed,male,no,46-55,muslim,other,n/a
2938f78b-ac58-46ed-aab9-90e372ec8574,not_disclosed,male,no,36-45,other,rwandan,n/a
da91c8cb-e070-40cf-bfa9-d1e8abed2c3f,not_disclosed,male,no,46-55,christian,rwandan,n/a
0d5cb282-2997-4df0-8458-c4e3d1523ec6,not_disclosed,male,no,36-45,christian,rwandan,n/a
c7bcca9f-f171-4af4-b276-0a742dd211d9,not_disclosed,female,yes,56-65,christian,other,n/a
8fa0b732-a24a-41e9-8c69-e057918e8232,not_disclosed,male,yes,26-35,christian,rwandan,n/a
83875a3f-345f-4e31-aa45-3144bbe87ac9,not_disclosed,male,no,66+,christian,rwandan,n/a
fad2979f-531f-48b2-b611-5de221304f4d,not_disclosed,male,no,46-55,christian,rwandan,n/a
99b7e069-1061-48fd-9f06-62e263c5442f,not_disclosed,male,no,56-65,christian,rwandan,n/a
5d44e906-1340-4f23-afb2-7fbbb3b5f3d6,not_disclosed,male,no,66+,muslim,rwandan,n/a
6c85926e-cff0-491a-a45f-fc4e01500cde,not_disclosed,female,no,26-35,christian,rwandan,n/a
f7c48f4b-2879-4e73-a41b-9080d8bb881b,not_disclosed,male,no,26-35,christian,rwandan,n/a
62825228-071e-4836-ac1e-2f099f696244,not_disclosed,male,yes,46-55,christian,rwandan,n/a
5636ab6d-d433-4ea2-9f58-291a6818dc01,not_disclosed,female,no,46-55,christian,rwandan,n/a
2cc78156-a2cc-4232-a65a-dba277bad965,not_disclosed,male,no,56-65,christian,rwandan,n/a
b083d162-f07f-4dad-b590-38061ce38533,not_disclosed,male,no,66+,christian,rwandan,n/a
8da70b07-d0aa-4bd8-8122-a26d60d5c475,not_disclosed,male,no,26-35,christian,rwandan,n/a
533a01c3-44a5-49f5-af43-28ccbc7c5cad,not_disclosed,male,no,18-25,christian,rwandan,n/a
9531f762-13ac-49c9-a1bd-da4f1cae08ce,not_disclosed,male,no,26-35,christian,rwandan,n/a
794c9632-1b2d-431f-a5e8-231aaac68ab8,not_disclosed,female,no,56-65,other,rwandan,n/a
99062053-aefb-4eff-8507-5db90ee8dd8a,not_disclosed,male,no,66+,christian,rwandan,n/a
d37f5b8a-9fd7-43c7-94ba-bcb1b431f70b,not_disclosed,female,no,66+,christian,rwandan,n/a
1b825571-6e68-4a06-8bde-8a6dd8fd4aaa,not_disclosed,male,no,66+,christian,rwandan,n/a
5595f4f1-d4e6-414b-a129-957ee1aa44a8,not_disclosed,female,no,18-25,christian,rwandan,n/a
0b557fdf-c829-4ef4-8d00-bc9bb4ce278f,not_disclosed,male,no,26-35,other,rwandan,n/a
94e8acb5-1f62-4e8a-9600-c951c352d6f4,not_disclosed,female,no,46-55,christian,rwandan,n/a
15c76d15-5cf7-4b13-9913-c68b0c1fd7e3,not_disclosed,male,no,56-65,christian,rwandan,n/a
d8a6969f-03b8-4c8e-a706-8b0eec029a5b,not_disclosed,female,no,66+,christian,rwandan,n/a
6305348b-cebb-4efd-b0bc-b27f1d212fd5,not_disclosed,male,no,18-25,christian,rwandan,n/a
776f8bb7-38d5-4034-af26-cd8775e88b5b,not_disclosed,female,no,46-55,christian,rwandan,n/a
dc4381ea-8fd2-47c8-a361-a34fccb14e21,not_disclosed,male,no,56-65,christian,rwandan,n/a
24aa76bd-b19b-435e-b540-f3ed7d38b154,not_disclosed,male,no,18-25,christian,rwandan,n/a
e5544d8e-82c6-4066-b788-2ce1e3987782,not_disclosed,female,no,26-35,christian,rwandan,n/a
f63a62b3-8753-4d7f-9b47-1f58174186f7,not_disclosed,male,no,26-35,christian,rwandan,n/a
ecfd8181-367b-42f1-8436-936fb61cdf62,not_disclosed,male,no,66+,christian,rwandan,n/a
0bb9c5b6-d64e-4ca2-a011-4785340ccae1,not_disclosed,male,no,36-45,christian,rwandan,n/a
c8ad2302-d665-4b13-ba4e-c4f04df2b688,not_disclosed,male,no,36-45,christian,rwandan,n/a
8e7bb75f-987f-46e4-bc99-9f14cc721549,not_disclosed,male,no,46-55,other,rwandan,n/a
6e5fe6da-dad8-4965-b280-048855500bad,not_disclosed,male,no,18-25,christian,rwandan,n/a
9c8435a8-f9c7-49c2-a471-a32dc01007be,not_disclosed,female,no,26-35,christian,rwandan,n/a
5c28163d-c07c-47ae-8335-6e9f58821c65,not_disclosed,female,yes,46-55,other,rwandan,n/a
1770fe30-35d7-4962-8a2f-493212b56cb2,not_disclosed,female,no,46-55,christian,rwandan,n/a
87aa9e63-4845-42cc-8f50-5027b04456ed,not_disclosed,female,no,46-55,christian,rwandan,n/a
4ce90a1d-3919-4828-8fed-3aae8f0e297d,not_disclosed,female,no,46-55,christian,rwandan,n/a
eba14abb-99f8-4fe4-8d33-bdf79d352775,not_disclosed,male,no,18-25,christian,rwandan,n/a
dd607aea-1994-4db7-b239-5cc339a03018,not_disclosed,male,no,26-35,christian,rwandan,n/a
2becad44-5a1d-4df3-b453-9274268a505f,not_disclosed,male,no,56-65,christian,rwandan,n/a
15ef66ed-94bc-4d7a-873c-bd3d87cd7914,not_disclosed,male,no,36-45,christian,rwandan,n/a
b2a627d3-e4b9-414c-8614-7fd19cd63932,not_disclosed,male,no,26-35,muslim,rwandan,n/a
4c5cf607-317d-4a2d-ae8e-cc13dff1a6a6,not_disclosed,female,no,56-65,christian,rwandan,n/a
b0826fa4-5e9e-4bb5-94a0-a1d1a99162f0,not_disclosed,male,yes,36-45,christian,rwandan,n/a
0ca99fc3-2211-42a4-a67b-ce2999014b41,not_disclosed,male,no,66+,christian,rwandan,n/a
735ebd69-e501-4b60-80e0-60537f11bddb,not_disclosed,male,yes,18-25,christian,rwandan,n/a
2eb6fab8-c8fd-404d-b0d8-8429ec030bab,not_disclosed,male,no,46-55,christian,rwandan,n/a
74832d0c-7e53-4d5e-bbf4-735990e3ff2e,not_disclosed,female,no,36-45,christian,rwandan,n/a
8f158f61-fe2b-4a02-b59f-9c6204c97944,not_disclosed,female,no,46-55,christian,rwandan,n/a
d6bc753a-8f43-42bb-97b9-bebeee6d9f05,not_disclosed,male,no,26-35,christian,rwandan,n/a
ca5649db-ba95-494a-9ba0-a3c188e996b2,not_disclosed,male,no,36-45,muslim,rwandan,n/a
076f5ca3-e2e0-4643-8999-1f20ee19ef20,not_disclosed,male,no,66+,muslim,rwandan,n/a
839fadfb-f473-4e8f-8d71-92c4e9b6811d,not_disclosed,female,no,26-35,christian,rwandan,n/a
79173214-7ccb-4b2c-88f6-7d758651eaca,not_disclosed,male,no,66+,christian,rwandan,n/a
12823fc9-4dda-46d3-b66a-3a7585e83d73,not_disclosed,male,no,56-65,other,rwandan,n/a
79834d18-48ff-4b8d-bba6-20e129a1e50a,not_disclosed,male,no,36-45,christian,rwandan,n/a
b57938d5-af22-4c05-8b26-61dd5a8ee9bd,not_disclosed,female,no,46-55,christian,rwandan,n/a
4b19d15a-6f4e-4739-a090-b96cdffd04f9,not_disclosed,male,no,36-45,christian,rwandan,n/a
e33ced73-bbeb-4374-8d47-9a954c97b72d,not_disclosed,female,no,46-55,christian,rwandan,n/a
69501ea9-bb7b-416e-8022-37ca9d4f02a5,not_disclosed,male,yes,36-45,christian,rwandan,n/a
8b292241-cdc4-4987-bab6-750612b61810,not_disclosed,male,no,66+,christian,rwandan,n/a
9bf41cae-226d-4b49-a53b-a950123b887e,not_disclosed,male,no,18-25,christian,rwandan,n/a
e9ec1574-e5f4-4d35-8309-09523a7192dd,not_disclosed,male,no,46-55,christian,rwandan,n/a
b9721ff4-d780-46b3-bb6b-c547dbc1257c,not_disclosed,female,no,26-35,christian,rwandan,n/a
6afe2222-c107-4b1d-89c6-b1ed3969d61a,not_disclosed,female,no,26-35,christian,rwandan,n/a
e4ea2587-4633-471c-a2ec-b9b154556dce,not_disclosed,male,no,26-35,christian,rwandan,n/a
b23bc2f2-f407-4669-9195-dee682d39d85,not_disclosed,male,no,36-45,christian,rwandan,n/a
84b474aa-3d35-4bf4-a528-4523a8e040d6,not_disclosed,male,no,26-35,christian,rwandan,n/a
7cc0eff2-0074-4dad-af75-9a792f3e5d29,not_disclosed,male,yes,36-45,christian,rwandan,n/a
d6563caf-95a2-41b1-b4bc-256730fe9c4c,not_disclosed,male,no,26-35,none,rwandan,n/a
bf9f0045-5009-48df-a417-a9e844fd6547,not_disclosed,male,no,36-45,christian,rwandan,n/a
cb188759-507b-4ed5-a233-6ed695bfbb45,not_disclosed,male,no,46-55,christian,rwandan,n/a
94a2161e-2bcc-4ddc-9b88-fecdb8a5b1ff,not_disclosed,female,no,36-45,muslim,rwandan,n/a
e880e705-aaee-4a6a-95a3-d480fc02e5e2,not_disclosed,female,no,56-65,christian,rwandan,n/a
a4ed0202-308d-4535-9963-745636989ecf,not_disclosed,male,no,18-25,muslim,rwandan,n/a
b2093924-a7af-427d-a5e6-cd39b338ad32,not_disclosed,male,no,26-35,christian,rwandan,n/a
088cfaae-a5a0-4601-97dc-2b16935625b0,not_disclosed,male,no,56-65,christian,rwandan,n/a
d32fdee1-472f-48a2-a758-8918c2c89dbb,not_disclosed,male,no,18-25,christian,rwandan,n/a
575acad5-309e-4035-8542-7c9dc841a56e,not_disclosed,female,yes,56-65,christian,rwandan,n/a
394648b1-9764-4865-9dba-c862c71bd84a,not_disclosed,male,no,18-25,christian,rwandan,n/a
47ddc298-4628-4fb5-a63e-3a2215efa918,not_disclosed,male,no,46-55,christian,rwandan,n/a
b268a56d-4590-4f6d-ab43-ce3f3dcb4631,not_disclosed,male,no,36-45,christian,rwandan,n/a
7dcd50cd-540a-4a79-aae7-3bf120136517,not_disclosed,male,no,26-35,christian,rwandan,n/a
559daf36-9fbc-4d5d-bd42-12fdfef44c6b,not_disclosed,female,no,26-35,christian,rwandan,n/a
d0fb5f52-e78b-4f3c-bf14-c03d11d72590,not_disclosed,female,no,46-55,christian,rwandan,n/a
7ba92f1a-ece1-4aa4-8639-b71a53f5101f,not_disclosed,female,no,56-65,christian,rwandan,n/a
974d3c61-778c-46fa-a223-657378de8a4f,not_disclosed,female,no,56-65,christian,rwandan,n/a
a5046067-54ac-441d-9d1f-1ef2ccc6cd85,not_disclosed,female,no,66+,christian,rwandan,n/a
296b0214-addc-4779-96c8-cbf68daf5087,not_disclosed,female,no,66+,christian,other,n/a
340db4e6-82e4-4cd0-992b-21d502981838,not_disclosed,male,no,36-45,muslim,rwandan,n/a
57048f2f-36a0-4042-863e-309e6d959fe6,not_disclosed,male,no,56-65,christian,rwandan,n/a
f3a956ea-306a-4e61-ac40-4d34684484a6,not_disclosed,female,yes,26-35,christian,rwandan,n/a
b0bd2224-2619-48c8-a0ee-0d0d28481544,not_disclosed,male,no,26-35,christian,rwandan,n/a
87fc3dfb-3779-40cd-bae3-34f9137216d3,not_disclosed,female,no,36-45,christian,rwandan,n/a
c78ceeaf-03f9-492e-b324-6b9b060fd229,not_disclosed,female,no,36-45,christian,rwandan,n/a
576dd873-b25b-49d0-b3f3-ad2fefb379fa,not_disclosed,female,no,36-45,christian,other,n/a
d3bc230e-20c2-423c-a801-7e3b9b8a0575,not_disclosed,female,no,18-25,christian,rwandan,n/a
b9882f41-c60e-4b17-8f3d-6672c42ecbe9,not_disclosed,male,no,26-35,christian,rwandan,n/a
b0509a9d-91c8-486b-be61-726d6dd92994,not_disclosed,female,no,18-25,christian,rwandan,n/a
a281fd78-4ae8-4fe9-bb83-d0a280bdae2f,not_disclosed,male,no,18-25,christian,rwandan,n/a
93a5949f-0df6-4f66-a4f4-c9e556091ee1,not_disclosed,female,yes,36-45,christian,rwandan,n/a
1a65344e-9436-4272-9bfb-a8d33e1e99e6,not_disclosed,female,no,66+,christian,rwandan,n/a
1f4723fe-0c6a-41c4-9a66-e6cbab61d460,not_disclosed,male,no,66+,none,rwandan,n/a
9ac308c5-38a6-4f8f-bc95-033feeeaecfb,not_disclosed,male,no,46-55,none,other,n/a
07acb9e6-2e84-4387-872c-64fba2f8c369,not_disclosed,female,no,36-45,christian,other,n/a
0b51e8c9-9a56-4ed7-8044-47d0f45b2bc3,not_disclosed,male,no,66+,muslim,rwandan,n/a
a8549265-c5bd-4b99-b340-cb01641bfece,not_disclosed,male,no,36-45,christian,rwandan,n/a
8f9208ba-86b0-4be3-8228-dd5cb0bc2686,not_disclosed,male,no,66+,christian,rwandan,n/a
71ad31f3-8be6-441d-8f4c-26f574165f46,not_disclosed,female,no,46-55,christian,rwandan,n/a
79b0cbbe-2433-4c88-8864-ae1216efb671,not_disclosed,female,no,56-65,christian,rwandan,n/a
c644657e-d39d-4578-b0b7-5a16caad1b7c,not_disclosed,female,no,26-35,christian,rwandan,n/a
b8bb15a1-0ca1-4273-a5b0-2880098b483f,not_disclosed,female,no,26-35,christian,rwandan,n/a
5977f952-667c-4d34-82be-7172e50cc3fe,not_disclosed,male,no,56-65,christian,rwandan,n/a
24fa4d55-6f0c-4d6b-8e9e-c02521ebc23c,not_disclosed,male,no,56-65,christian,rwandan,n/a
26d980f6-fb94-421f-b304-7d3ea537a08d,not_disclosed,male,no,46-55,none,rwandan,n/a
3a2da835-0b5f-4734-95f3-56c16d8356b6,not_disclosed,male,yes,56-65,christian,rwandan,n/a
daa2e345-50f3-47eb-962b-d56d6d102514,not_disclosed,male,no,36-45,christian,rwandan,n/a
8fd4b180-0c52-4135-b92a-54acc3122dec,not_disclosed,male,no,46-55,christian,rwandan,n/a
104ca946-985f-437c-ad11-271d38bcb2ca,not_disclosed,male,no,26-35,christian,rwandan,n/a
8a7ed84c-92c8-412e-8972-25f6aa71e25d,not_disclosed,male,no,56-65,christian,rwandan,n/a
b6d7f658-4aec-4d80-98a2-5ee59ce8e834,not_disclosed,female,no,36-45,christian,rwandan,n/a
705edb6c-7673-4fa2-902e-e3aae4fc9ab9,not_disclosed,female,no,26-35,christian,rwandan,n/a
69b63cd1-2cf9-43df-96b8-15bd3ed573d0,not_disclosed,male,no,36-45,muslim,rwandan,n/a
8db0c600-1e2e-4bbc-af99-591c4485d038,not_disclosed,male,no,56-65,christian,rwandan,n/a
e11678c0-4997-43cf-92a7-74e98ae68903,not_disclosed,male,no,66+,christian,rwandan,n/a
0dff2a44-53df-4ee1-a7a4-b1d4c74dbc11,not_disclosed,male,no,36-45,christian,rwandan,n/a
f11ac36d-789b-4e39-9f5e-49b389f21973,not_disclosed,female,no,56-65,christian,rwandan,n/a
51c307ea-36c4-42f5-b340-3cf01900af62,not_disclosed,male,no,36-45,christian,rwandan,n/a
76282211-136c-448f-abb6-654f2d6d7dad,not_disclosed,male,yes,18-25,none,rwandan,n/a
2bdc0e57-24c2-44bf-b47c-0f04e922e55c,not_disclosed,male,no,18-25,none,rwandan,n/a
d02e6b30-c4cc-417d-ad68-659ecf2371b0,not_disclosed,male,no,66+,none,rwandan,n/a
f8e6c6db-e2fa-4430-9661-22228eb88f18,not_disclosed,male,no,46-55,christian,rwandan,n/a
8b20efba-a550-4a2b-ad9d-85db8fa0efc5,not_disclosed,male,no,46-55,christian,rwandan,n/a
791ca608-4bd1-42c1-9d4d-4706d08df36d,not_disclosed,male,no,56-65,christian,rwandan,n/a
3b0f1486-1996-45d3-bc33-6e25dd516eed,not_disclosed,male,no,26-35,christian,rwandan,n/a
b834f503-9d48-44da-b413-997cdd41950d,not_disclosed,male,no,26-35,christian,rwandan,n/a
7f7191bd-f3c4-4bfb-b6a0-872cdb8c721e,not_disclosed,male,no,46-55,muslim,rwandan,n/a
13bed6a9-61f2-44f6-953d-ccdb4fe088d5,not_disclosed,male,no,46-55,christian,rwandan,n/a
8cecf442-2cb3-414a-90ec-3f8f57cc8b6b,not_disclosed,female,no,46-55,christian,rwandan,n/a
baf248d6-e014-47a7-bccc-c780c6d6d355,not_disclosed,male,no,18-25,christian,rwandan,n/a
361fa1c0-a200-4bba-a957-b16b33609a0d,not_disclosed,female,no,26-35,christian,rwandan,n/a
f87de5b5-4e1a-4360-8fb5-cd0762bdf4cc,not_disclosed,female,no,66+,christian,rwandan,n/a
0f2472f8-fa1f-44ca-958f-657f0602f095,not_disclosed,male,no,46-55,christian,rwandan,n/a
5a7fbfb7-6f40-4c2a-86d8-572646d273f1,not_disclosed,male,no,66+,christian,rwandan,n/a
3847cc98-c8ca-46d3-a10b-ce6230241d4b,not_disclosed,male,no,18-25,christian,rwandan,n/a
5a33f3a7-0985-4c46-a767-04fad11e702d,not_disclosed,female,no,26-35,christian,rwandan,n/a
ab3dcde3-3efc-4faa-803d-f92da2764ae9,not_disclosed,female,no,46-55,christian,rwandan,n/a
514bfa00-3cdd-4fab-8ba6-a90391b4c5eb,not_disclosed,male,no,46-55,christian,rwandan,n/a
022faebe-103f-42de-9ade-21455e449e2a,not_disclosed,female,no,36-45,christian,rwandan,n/a
eb8ce31f-27d0-4d74-b8e4-407291d92ead,not_disclosed,male,no,66+,christian,rwandan,n/a
6d38da29-b304-40c8-b5b0-21058b6df63d,not_disclosed,female,no,56-65,christian,rwandan,n/a
35ed975b-60bc-40a2-b26f-d81b4540058f,not_disclosed,male,no,36-45,christian,rwandan,n/a
65e955b0-dad1-475b-b649-f1cbf1eb825d,not_disclosed,female,yes,26-35,christian,rwandan,n/a
29d6e0d3-8cd7-4beb-8184-e9f85269944e,not_disclosed,male,no,56-65,christian,rwandan,n/a
9f1b8b7e-7734-4282-96ee-642570b4699e,not_disclosed,male,no,46-55,christian,rwandan,n/a
0ad8d30b-97e9-45a2-b386-4cb3a1b07a62,not_disclosed,male,no,26-35,christian,rwandan,n/a
acc5cff3-c04d-4f1b-85e3-921ad585af7b,not_disclosed,male,no,46-55,christian,rwandan,n/a
c9712708-f885-4011-b853-be6a5cb30cda,not_disclosed,male,no,26-35,other,rwandan,n/a
c046641a-059d-4a5e-a293-2f30d648989a,not_disclosed,male,no,66+,christian,rwandan,n/a
4fb1183a-5f67-4a7f-afe5-71f184212928,not_disclosed,female,no,46-55,christian,rwandan,n/a
a5007856-fd46-4523-8fbb-e731ba7f96c4,not_disclosed,male,no,26-35,christian,rwandan,n/a
1377999d-d97b-4386-a778-172579ecdb8c,not_disclosed,male,no,26-35,muslim,rwandan,n/a
e764e7cc-b234-4dc4-ac3f-6c9f7fcd4a7b,not_disclosed,female,no,36-45,other,rwandan,n/a
4f0f9858-4eaa-4127-a1cb-4e9151a2e304,not_disclosed,female,no,18-25,christian,rwandan,n/a
6f8d9622-9700-46ae-91ee-ae3714d218c2,not_disclosed,male,no,46-55,muslim,rwandan,n/a
c6be1efd-174f-4163-b158-ac254a684a7b,not_disclosed,male,no,26-35,christian,rwandan,n/a
72a879e3-586c-46e4-84c1-187740faca93,not_disclosed,male,no,36-45,christian,rwandan,n/a
0850fce6-3d61-42a0-96f5-748a404e5904,not_disclosed,male,no,36-45,christian,rwandan,n/a
253a715a-1928-4420-b166-3e1e0f5fdc73,not_disclosed,male,no,26-35,christian,rwandan,n/a
f8c918df-cfb7-4c94-830c-1a90691755d6,not_disclosed,male,no,66+,christian,rwandan,n/a
2e009d9a-896f-45a2-8962-17588ad92b60,not_disclosed,male,no,36-45,christian,rwandan,n/a
f2067280-91d6-43f0-8f22-cb52f2af0802,not_disclosed,male,no,66+,christian,rwandan,n/a
f78e23bd-a697-4c18-b61a-5f53c5f826d0,not_disclosed,male,no,46-55,christian,rwandan,n/a
05fc1a1e-27d1-4f05-9ff0-b52ae26b9793,not_disclosed,female,no,46-55,christian,other,n/a
f39c08cf-4e54-4a52-b132-ec1230a2f9b0,not_disclosed,male,no,26-35,christian,rwandan,n/a
fa245935-0321-4863-ae16-53825353893b,not_disclosed,female,no,36-45,christian,rwandan,n/a
7b5e6ba3-4977-4c63-a2f7-74f8f6d9e6a1,not_disclosed,male,no,66+,christian,rwandan,n/a
fdf810dd-c3b1-40ae-ab42-86ae5a2ba494,not_disclosed,female,no,66+,christian,rwandan,n/a
5edd5475-be57-4f9b-9767-434174918cdc,not_disclosed,male,no,46-55,christian,rwandan,n/a
9dc765c1-9ee1-42e3-8026-c844fd5298ab,not_disclosed,male,no,56-65,christian,rwandan,n/a
cde7d14c-afa5-4927-b422-064abc7252ca,not_disclosed,male,no,36-45,christian,rwandan,n/a
15bef4a1-3383-4947-a7c0-f19b48af4369,not_disclosed,male,no,18-25,other,rwandan,n/a
f682ebf1-eda7-465b-a6a0-c3c1370172bc,not_disclosed,female,no,36-45,other,rwandan,n/a
d121b310-9e14-4498-af14-78190e20bf2e,not_disclosed,female,no,56-65,christian,rwandan,n/a
848adf0b-417b-4f75-9ffc-be4bbf33dd16,not_disclosed,male,no,26-35,christian,rwandan,n/a
fd07d7f1-9846-468b-8490-7117dd228d8d,not_disclosed,male,no,26-35,christian,rwandan,n/a
24203331-3160-4267-af68-0486d0fd10d3,not_disclosed,male,no,46-55,christian,rwandan,n/a
d60ed6d4-691f-45e9-93b3-88f171a083f4,not_disclosed,female,no,36-45,christian,rwandan,n/a
53ec9994-e5ae-4a97-8687-a597a58cf362,not_disclosed,male,no,66+,other,rwandan,n/a
6bdd0209-7835-447c-8431-cb8724f6f5ff,not_disclosed,male,no,46-55,other,rwandan,n/a
bdbed95b-9e98-42fd-8ca0-92d147c086e4,not_disclosed,female,no,18-25,christian,rwandan,n/a
4259acd3-3926-4e92-9de9-7d6a79cf2b40,not_disclosed,female,no,46-55,christian,rwandan,n/a
0d0d05aa-48a3-4d64-ab86-0eae24bd2d82,not_disclosed,male,yes,26-35,muslim,rwandan,n/a
eead398a-603a-4e7f-9f64-ab2664cbf129,not_disclosed,female,no,46-55,christian,rwandan,n/a
2cf2c033-1ad9-4f9a-aba7-7bfae14d6810,not_disclosed,male,no,36-45,christian,rwandan,n/a
841f461f-7a75-4de6-82ea-ac9cd18d5b5d,not_disclosed,female,no,56-65,christian,rwandan,n/a
9c2e42dc-0ab1-4969-a2d5-9db4299a796c,not_disclosed,male,no,18-25,other,rwandan,n/a
dac13d92-55d8-44f9-964d-fb2ba9e3de63,not_disclosed,male,no,56-65,christian,rwandan,n/a
717cf3e4-f549-4697-896e-5b397544aaa0,not_disclosed,female,no,46-55,christian,rwandan,n/a
da87cb96-3edb-46b7-be07-1dc7df8717c8,not_disclosed,female,no,26-35,christian,rwandan,n/a
e5d54538-1ffb-496e-8f68-2b8f6f9732ee,not_disclosed,male,no,26-35,christian,rwandan,n/a
99bfe378-4ae9-447a-9bda-93b40a165c49,not_disclosed,male,no,66+,christian,rwandan,n/a
521a4a5d-c471-463f-bf52-abc1809ae4c2,not_disclosed,male,no,66+,christian,rwandan,n/a
ddc1905a-404f-424b-86fc-a5a08a95ef5a,not_disclosed,male,no,66+,christian,rwandan,n/a
8a20dfff-a4bf-4cf3-b69a-038a8c0d37cd,not_disclosed,female,no,26-35,christian,rwandan,n/a
673a4ce1-c684-459c-9184-28cefb8d44a0,not_disclosed,male,no,56-65,christian,rwandan,n/a
bbc7aa2d-ef01-4a95-ba63-583543b19c18,not_disclosed,male,no,66+,christian,rwandan,n/a
21ebe318-f3a8-4dd2-8c56-139ce0976070,not_disclosed,female,yes,26-35,christian,rwandan,n/a
5f2bf980-551b-49c7-ab7e-b97095835171,not_disclosed,female,no,26-35,christian,rwandan,n/a
76d40054-db52-4aab-8553-d0952b147b28,not_disclosed,male,no,46-55,christian,rwandan,n/a
9cec920a-9c0e-4b2a-af2d-16b771c112dd,not_disclosed,male,no,66+,none,rwandan,n/a
ee622f59-0b65-482b-8761-bf1cf268113e,not_disclosed,male,yes,26-35,christian,rwandan,n/a
28ac0230-6c91-4824-a679-5e4df0e6b4a1,not_disclosed,female,yes,36-45,christian,other,n/a
762acabe-fe05-4408-a46e-4718ebf03e77,not_disclosed,male,no,66+,christian,rwandan,n/a
b1edb54c-b6ce-45dd-9d69-0d7b086abb72,not_disclosed,male,no,66+,christian,rwandan,n/a
762e285a-b128-4e0f-a166-510d53e13dd8,not_disclosed,male,no,36-45,christian,rwandan,n/a
caddb2a1-d9c5-46a1-955c-efddaf808dff,not_disclosed,male,no,66+,christian,rwandan,n/a
905e8518-bbf9-4768-9805-f5b7fe32fb77,not_disclosed,male,no,56-65,christian,rwandan,n/a
d7b5e785-71bb-4410-8e7c-997420714eea,not_disclosed,female,no,66+,christian,rwandan,n/a
b2fb9194-4fec-4ceb-9c6f-2842bb68801a,not_disclosed,male,no,18-25,christian,rwandan,n/a
fab24be8-e7ba-4595-ba52-2e2dfed563ef,not_disclosed,female,no,46-55,christian,rwandan,n/a
8e68cd23-9cee-4485-9957-c9a63eb842b7,not_disclosed,male,no,26-35,christian,rwandan,n/a
72183573-e7be-45ae-bc6e-c399cad50749,not_disclosed,male,no,66+,christian,rwandan,n/a
4953fd74-9167-4c56-86af-3acf3391d483,not_disclosed,male,no,66+,christian,rwandan,n/a
a8d44220-c7b8-452a-af5f-1a4961117acb,not_disclosed,male,no,56-65,christian,rwandan,n/a
a9839429-c36b-4396-9ad9-9fbf0c26f0c5,not_disclosed,male,no,36-45,muslim,rwandan,n/a
2ccb3bf5-d979-46f3-bb48-69fe9dc7d423,not_disclosed,male,no,46-55,christian,rwandan,n/a
cd977c15-28cc-4b9a-afce-d177f98b9876,not_disclosed,male,no,56-65,christian,rwandan,n/a
c2e1a474-5d33-4800-8029-fd3025cd1cc5,not_disclosed,female,no,26-35,christian,rwandan,n/a
f12a8cfd-4c56-491e-ae0c-ecf594146f2b,not_disclosed,female,no,26-35,christian,rwandan,n/a
2adfdd0d-3afd-40b5-8e39-2093ea8548ec,not_disclosed,male,no,46-55,christian,rwandan,n/a
937d8cd0-30a5-4a3b-92a6-1eebdebb7f0b,not_disclosed,male,no,36-45,christian,rwandan,n/a
d7094b90-b9bb-4649-bcfe-1c6980f6b2d0,not_disclosed,female,no,46-55,other,rwandan,n/a
014902bc-e384-467f-832c-b855f98de94d,not_disclosed,male,no,36-45,christian,rwandan,n/a
e75755ea-0011-4839-9a47-f210c552d29a,not_disclosed,male,no,56-65,muslim,other,n/a
84aaa1bf-dc34-428b-a624-6a3de577c01e,not_disclosed,male,yes,26-35,christian,rwandan,n/a
9eef359f-af74-493c-a885-f0204e8bd618,not_disclosed,female,no,46-55,none,rwandan,n/a
f0113c31-a9fb-4529-b831-3a7e4111e0fb,not_disclosed,female,no,26-35,christian,rwandan,n/a
4e88d1f6-40d8-473f-aeb5-b6d3320761a8,not_disclosed,male,no,66+,christian,rwandan,n/a
364f0e43-2b07-46c1-8b98-d2366d8245c1,not_disclosed,female,no,56-65,christian,rwandan,n/a
82e1794d-ab74-4cd5-8722-8e32d16ebc65,not_disclosed,male,no,56-65,christian,rwandan,n/a
07b55508-7669-4df7-90ec-d49618994f15,not_disclosed,male,yes,26-35,none,rwandan,n/a
ea9d7173-7927-400b-9d2e-3c4a3207d235,not_disclosed,female,no,26-35,christian,rwandan,n/a
05f8c4db-ce65-44fc-b08e-403281eea197,not_disclosed,male,no,36-45,christian,rwandan,n/a
0e20b4ee-c925-4eb5-b2bd-5985e65c7c33,not_disclosed,male,no,18-25,christian,rwandan,n/a
cb0a39c9-a94b-420d-9030-f4592685b10b,not_disclosed,female,yes,56-65,christian,rwandan,n/a
4df15f65-efcd-4b59-875b-acc923bd91de,not_disclosed,male,no,36-45,christian,other,n/a
3ac28a81-f7e3-4569-86f5-0fc97f1223b5,not_disclosed,male,yes,26-35,christian,rwandan,n/a
b8edd2ae-1b5f-4848-9dd0-4e0bd60d2e4a,not_disclosed,female,no,56-65,christian,rwandan,n/a
eaa8175c-899f-4d62-8807-5fed96653ab3,not_disclosed,male,no,56-65,christian,other,n/a
dc75fbd0-2db9-4820-89ce-34468203a10d,not_disclosed,male,no,36-45,christian,rwandan,n/a
5e917b86-8379-45c2-a603-7cf794b35f67,not_disclosed,male,no,26-35,christian,rwandan,n/a
d63e4543-5354-4987-a3e1-2243da508d00,not_disclosed,male,no,26-35,christian,rwandan,n/a
79de3d1d-0cbd-4453-80d4-e45a6ebed41f,not_disclosed,female,no,26-35,christian,rwandan,n/a
